(*DebugFlag).Set, 17, 13, [[b1] [b6] [b35 b33 b42 b40 b36] [b39] [b43] [b45] [b34] [b28] [b46] [b48] [b49] [b47] [b3]]
(*RelocType).IsDirectCallOrJump, 21, 21, []
HeaderString, 6, 6, []
versionFlag.Set, 24, 24, []
PrefixToPath, 39, 18, [[b3] [b4] [b8] [b17] [b6] [b19 b21 b30 b60 b49 b33 b34 b9 b59 b27 b32 b48 b43 b24 b47 b25 b31 b29 b45 b20 b35 b23] [b22] [b26] [b44] [b53] [b58] [b56] [b57] [b37] [b42] [b40] [b41] [b5]]
map.init.0, 4, 4, []
DecodeArg, 40, 12, [[b2] [b4] [b3] [b5 b7 b45 b12 b14 b15 b44 b9 b33 b43 b10 b11 b8 b31 b48 b41 b6 b30 b40 b27 b28 b37 b38 b19 b26 b22 b36 b13 b18] [b47] [b53] [b50] [b52] [b51] [b23] [b39] [b29]]
NewDebugFlag, 68, 36, [[b1] [b31] [b106] [b104] [b3] [b2] [b6] [b9] [b7] [b4] [b101] [b12] [b103] [b14] [b16] [b17] [b18 b20 b94 b87 b29 b97 b27 b92 b51 b102 b56 b33 b105 b52 b69 b24 b80 b89 b96 b49 b74 b83 b91 b41 b70 b75 b84 b22 b68 b63 b45 b43 b39] [b21] [b71] [b37] [b95] [b90] [b88] [b82] [b79] [b73] [b72] [b35] [b98] [b99] [b66] [b53] [b47] [b60] [b55] [b54]]
(*DebugFlag).Set.SplitSeq.splitSeq.func1, 27, 13, [[b1] [b2] [b17 b11 b21 b25 b18 b26 b24 b20] [b23] [b27] [b29] [b19] [b3] [b4 b8 b28 b22 b6 b12 b10 b5] [b7] [b9] [b13] [b15]]
(*DebugFlag).Set-range1, 103, 88, [[b1] [b2] [b4] [b28] [b15] [b27] [b129] [b20] [b24 b132 b53 b136 b26 b122 b34 b35 b25 b33 b112 b13 b11 b32 b30] [b36] [b38 b40] [b41] [b9] [b50] [b46] [b6] [b8] [b52] [b54] [b55] [b58] [b57] [b51] [b63] [b60] [b110] [b59] [b109] [b71] [b139] [b144] [b142] [b143] [b29] [b114] [b113] [b126] [b73] [b128] [b130] [b133] [b127] [b80] [b137] [b121] [b62] [b67] [b65] [b70] [b79] [b101] [b87] [b91] [b86] [b93] [b42] [b123] [b115] [b90] [b100] [b88] [b102] [b103] [b99] [b78] [b83] [b77] [b85] [b97] [b96] [b95] [b69] [b74] [b94] [b76] [b47] [b131] [b125] [b64] [b105] [b23] [b108] [b22] [b82] [b107] [b61] [b5] [b3]]
RelocType.DwTxtAddrRelocParams, 12, 12, []
RelocType.IsDwTxtAddr, 3, 3, []
FuncCountToDwTxtAddrFlavor, 9, 9, []
RelocType.IsDirectCall, 13, 13, []
RelocType.IsDirectJump, 5, 5, []
(*HeadType).Set, 111, 111, []
(*count).Set, 19, 19, []
GetFuncID, 11, 11, []
(*versionFlag).Set, 3, 3, []
SymKind.IsDATA, 4, 4, []
(*SymKind).String, 3, 3, []
(*HeadType).String, 3, 3, []
OnceValue[go.shape.map[string]cmd/internal/objabi.PkgSpecial], 7, 7, []
(*RelocType).String, 3, 3, []
HeadType.String, 15, 15, []
SymKind.IsText, 4, 4, []
stackGuardMultiplier, 19, 19, []
(*struct { reflect.typ_ *internal/abi.Type; reflect.ptr unsafe.Pointer; reflect.flag }).reflect.mustBeAssignable, 7, 7, []
struct { reflect.typ_ *internal/abi.Type; reflect.ptr unsafe.Pointer; reflect.flag }.reflect.mustBeExported, 7, 7, []
(*struct { reflect.typ_ *internal/abi.Type; reflect.ptr unsafe.Pointer; reflect.flag }).reflect.mustBeExported, 7, 7, []
OnceValue[go.shape.map[string]cmd/internal/objabi.PkgSpecial].func1, 6, 6, []
SymKind.String, 7, 7, []
struct { reflect.typ_ *internal/abi.Type; reflect.ptr unsafe.Pointer; reflect.flag }.reflect.mustBeAssignable, 7, 7, []
expandArgs, 42, 5, [[b1] [b2 b4 b44 b47 b45 b46 b10 b22 b41 b18 b35 b29 b38 b39 b20 b50 b37 b32 b15 b3 b9 b49 b21 b34 b8 b43 b48 b28 b7 b33 b40 b19 b25 b31 b17 b26 b27 b23] [b5] [b52] [b51]]
ApplyRewrites, 18, 7, [[b1] [b2 b4 b10 b16 b6 b14 b7 b12 b3 b8 b18 b11] [b5] [b9] [b13] [b15] [b17]]
struct { reflect.typ_ *internal/abi.Type; reflect.ptr unsafe.Pointer; reflect.flag }.reflect.mustBe, 6, 6, []
RelocType.String, 7, 7, []
(*struct { reflect.typ_ *internal/abi.Type; reflect.ptr unsafe.Pointer; reflect.flag }).reflect.mustBe, 6, 6, []
OnceValue[go.shape.map[string]cmd/internal/objabi.PkgSpecial].func1.1, 4, 4, []
SymKind.IsFIPS, 7, 7, []
Flagparse, 9, 9, []
(*versionFlag).IsBoolFlag, 3, 3, []
(*versionFlag).Get, 3, 3, []
(*RelocType).IsDwTxtAddr, 6, 6, []
(*versionFlag).String, 3, 3, []
(*fn1).String, 3, 3, []
OnceValue[go.shape.map[string]cmd/internal/objabi.PkgSpecial].func1.1.1, 9, 9, []
Flagprint, 4, 4, []
.eq.cmd/internal/objabi.debugField, 16, 16, []
hasPathPrefix, 14, 12, [[b1] [b2] [b4 b6 b12] [b7] [b26] [b32] [b27] [b8] [b31] [b30] [b25] [b3]]
(*SymKind).IsText, 6, 6, []
(*RelocType).IsDirectJump, 8, 8, []
(*RelocType).IsDirectCall, 16, 16, []
(*fn1).Set, 3, 3, []
OnceValue[map[string]cmd/internal/objabi.PkgSpecial], 7, 7, []
(*SymKind).IsDATA, 6, 6, []
StackNosplit, 19, 19, []
RelocType.IsDirectCallOrJump, 19, 19, []
init, 7, 7, []
applyRewrite, 21, 21, []
AbsFile, 18, 18, []
(*RelocType).DwTxtAddrRelocParams, 15, 15, []
OnceValue[map[string]cmd/internal/objabi.PkgSpecial].OnceValue[go.shape.map[string]cmd/internal/objabi.PkgSpecial].func1, 3, 3, []
PathToPrefix, 55, 10, [[b1] [b2 b4 b36 b19 b16 b54 b52 b40 b31 b30 b14 b12 b8 b6 b25 b3 b9] [b5] [b20] [b24] [b33] [b22] [b35 b37 b59 b65 b28 b62 b63 b50 b64 b56 b61 b27 b26 b51 b53 b7 b57 b55 b34 b32 b60 b58 b49 b47 b45 b41 b39 b29 b23 b42] [b38] [b21]]
(*SymKind).IsFIPS, 9, 9, []
init.func1, 18, 10, [[b1] [b2 b4] [b5] [b8 b10 b20 b22 b15 b9] [b11] [b23 b25] [b26] [b29 b31] [b32] [b16]]
init.OnceValue[go.shape.map[string]cmd/internal/objabi.PkgSpecial].func2, 3, 3, []
OnceValue[map[string]cmd/internal/objabi.PkgSpecial].OnceValue[go.shape.map[string]cmd/internal/objabi.PkgSpecial].func1.1, 4, 4, []
init.OnceValue[go.shape.map[string]cmd/internal/objabi.PkgSpecial].func2.1, 4, 4, []
OnceValue[map[string]cmd/internal/objabi.PkgSpecial].OnceValue[go.shape.map[string]cmd/internal/objabi.PkgSpecial].func1.1.1, 9, 9, []
init.OnceValue[go.shape.map[string]cmd/internal/objabi.PkgSpecial].func2.1.1, 9, 9, []
.eq.[2]interface {}, 10, 7, [[b1] [b2 b4 b8 b3] [b5] [b7] [b6] [b9] [b10]]
.eq.[3]interface {}, 10, 7, [[b1] [b2 b4 b8 b3] [b5] [b7] [b6] [b9] [b10]]
.eq.[5]interface {}, 10, 7, [[b1] [b2 b4 b8 b3] [b5] [b7] [b6] [b9] [b10]]
.eq.[2]string, 12, 10, [[b1] [b3] [b2] [b6] [b5] [b7 b9 b8] [b10] [b12] [b4] [b13]]
