AddModCommonFlags, 7, 7, []
(*HashTrieMap[go.shape.interface {},go.shape.interface {}]).CompareAndSwap, 24, 24, []
sameFile, 24, 24, []
(*HashTrieMap[go.shape.interface {},go.shape.interface {}]).initSlow, 18, 18, []
(*HashTrieMap[go.shape.interface {},go.shape.interface {}]).LoadAndDelete, 62, 42, [[b2] [b45] [b4] [b6] [b8] [b63] [b10] [b12] [b11] [b13] [b61] [b15] [b16] [b9] [b7] [b18] [b19] [b21] [b23] [b22] [b24] [b52] [b26] [b27] [b20] [b37] [b38 b40 b46 b71 b69 b67 b68 b66 b60 b59 b58 b56 b57 b54 b39 b42 b62 b53 b44 b43 b50] [b41] [b74] [b73] [b75] [b76] [b77] [b78] [b55] [b30] [b32] [b31] [b33] [b49] [b35] [b36]]
(*HashTrieMap[go.shape.interface {},go.shape.interface {}]).CompareAndDelete, 64, 44, [[b2] [b47] [b4] [b5] [b7] [b8] [b10] [b65] [b12] [b14] [b13] [b15] [b63] [b17] [b18] [b11] [b9] [b20] [b21] [b23] [b25] [b24] [b26] [b54] [b28] [b29] [b22] [b39] [b40 b42 b48 b73 b71 b69 b70 b68 b62 b61 b60 b58 b59 b56 b41 b44 b64 b55 b46 b45 b52] [b43] [b76] [b75] [b77] [b78] [b79] [b80] [b57] [b32] [b34] [b33] [b35] [b51] [b37] [b38]]
(*HashTrieMap[go.shape.interface {},go.shape.interface {}]).Swap, 46, 20, [[b2] [b19] [b4] [b6] [b11 b9 b55 b44 b42 b40 b41 b38 b35 b15 b37 b33 b60 b59 b32 b30 b29 b28 b26 b27 b24 b54 b22 b17 b16 b12 b14] [b25] [b10] [b58] [b47] [b49] [b50] [b51] [b57] [b53] [b64] [b63] [b61] [b62] [b65] [b56]]
AddCleanup[go.shape.struct { cmd/go/internal/base.released bool; cmd/go/internal/base.unusedAvoidTinyAllocator string },go.shape.int], 105, 83, [[b1] [b33] [b4] [b73] [b115] [b105] [b6] [b43] [b9] [b70] [b103] [b102] [b11] [b13] [b18] [b19] [b12] [b35] [b30] [b22] [b23] [b26] [b34] [b37] [b36] [b28] [b29] [b39] [b40] [b8] [b41] [b45] [b50] [b48] [b47] [b52] [b79] [b99] [b98] [b96] [b82] [b89] [b83] [b91] [b86] [b87] [b85] [b81] [b76] [b90] [b92 b93 b84 b80 b97 b95] [b100] [b94] [b101] [b106] [b111] [b110] [b107] [b108] [b75] [b113] [b112] [b69] [b60] [b49] [b74] [b120] [b114] [b88] [b53] [b54] [b57 b59 b15 b10 b71 b72 b109 b104 b67 b68 b118 b116 b63 b64 b5 b119 b61 b58] [b77] [b3] [b117] [b51] [b32] [b56] [b55] [b78] [b44] [b42] [b24]]
(*HashTrieMap[go.shape.interface {},go.shape.interface {}]).find, 42, 8, [[b1] [b6 b4 b15 b59 b57 b55 b56 b53 b31 b17 b49 b48 b50 b45 b44 b43 b41 b42 b39 b25 b14 b27 b37 b24 b32 b29 b20 b26 b19 b18 b21 b12 b11 b7 b9] [b40] [b13] [b35] [b60] [b10] [b54]]
(*HashTrieMap[go.shape.interface {},go.shape.interface {}]).CompareAndSwap.deferwrap1, 7, 7, []
(*HashTrieMap[go.shape.interface {},go.shape.interface {}]).init, 4, 4, []
(*HashTrieMap[go.shape.interface {},go.shape.interface {}]).initSlow.deferwrap1, 7, 7, []
asType[go.shape.*uint8], 46, 13, [[b1] [b3 b4 b45 b32 b33 b34 b35 b36 b29 b23 b18 b6 b26 b13 b24 b11 b16 b17 b25 b20 b9 b14 b15 b19 b47 b21 b12 b8 b22] [b30] [b40] [b37] [b31] [b46] [b49 b51 b54 b55 b50 b53] [b52] [b56] [b48] [b27] [b10]]
newEntryNode[go.shape.interface {},go.shape.interface {}], 4, 4, []
(*HashTrieMap[go.shape.interface {},go.shape.interface {}]).Swap.deferwrap1, 7, 7, []
ExitIfErrors, 4, 4, []
AtExit, 10, 10, []
newIndirectNode[go.shape.interface {},go.shape.interface {}], 4, 4, []
IsNull, 8, 8, []
(*node[go.shape.interface {},go.shape.interface {}]).entry, 3, 3, []
Error, 26, 23, [[b1] [b3] [b5] [b7] [b14] [b13] [b30] [b15] [b16] [b2] [b17] [b11] [b31] [b32] [b18] [b19] [b20] [b22 b12 b23] [b25] [b24] [b21] [b26 b28] [b29]]
(*node[go.shape.interface {},go.shape.interface {}]).indirect, 3, 3, []
Escape[go.shape.*uint8], 7, 7, []
Escape[go.shape.func(go.shape.int)], 7, 7, []
explicitStringFlag.String, 3, 3, []
OnceValue[go.shape.string], 7, 7, []
AppendPWD, 12, 12, []
(*HashTrieMap[go.shape.interface {},go.shape.interface {}]).iter, 16, 5, [[b1] [b2 b4 b10 b16 b24 b8 b15 b21 b9 b20 b23 b22] [b5] [b17] [b26]]
(*entry[go.shape.interface {},go.shape.interface {}]).lookupWithValue, 14, 4, [[b1] [b2 b4 b15 b13 b11 b8 b7 b3 b10 b12 b9] [b5] [b14]]
Run, 7, 7, []
(*entry[go.shape.interface {},go.shape.interface {}]).lookup, 9, 4, [[b1] [b2 b4 b9 b6 b3 b8] [b5] [b7]]
explicitStringFlag.Set, 7, 7, []
ValidToolName, 14, 4, [[b1] [b2 b4 b13 b18 b20 b10 b15 b17 b7 b8 b3] [b5] [b21]]
OnceValue[go.shape.string].func1, 6, 6, []
processSignals, 4, 4, []
(*Command).Lookup, 14, 6, [[b1] [b2 b4 b13 b12 b11 b8 b7 b3 b9] [b5] [b10] [b6] [b14]]
Exit, 4, 3, [[b1] [b2 b4] [b5]]
struct { reflect.typ_ *internal/abi.Type; reflect.ptr unsafe.Pointer; reflect.flag }.reflect.mustBeExported, 7, 7, []
(*struct { reflect.typ_ *internal/abi.Type; reflect.ptr unsafe.Pointer; reflect.flag }).reflect.mustBeAssignable, 7, 7, []
struct { reflect.typ_ *internal/abi.Type; reflect.ptr unsafe.Pointer; reflect.flag }.reflect.mustBeAssignable, 7, 7, []
(*indirect[go.shape.interface {},go.shape.interface {}]).empty, 4, 3, [[b1] [b2 b8] [b5]]
OnceValue[go.shape.string].func1.1, 4, 4, []
(*struct { reflect.typ_ *internal/abi.Type; reflect.ptr unsafe.Pointer; reflect.flag }).reflect.mustBeExported, 7, 7, []
SetFromGOFLAGS, 73, 6, [[b1] [b2 b4 b8 b36 b46 b6 b34 b49 b80 b28 b53 b63 b12 b87 b19 b30 b85 b58 b60 b22 b70 b79 b88 b86 b27 b7 b52 b31 b59 b62 b21 b69 b20 b77 b84 b29 b16 b47 b57 b67 b48 b75 b74 b83 b82 b9 b14 b44 b56 b55 b66 b65 b73 b81 b11 b68 b45 b54 b64 b39 b37 b42 b43 b35 b40 b41 b38 b76] [b5] [b13] [b17] [b33]]
(*struct { reflect.typ_ *internal/abi.Type; reflect.ptr unsafe.Pointer; reflect.flag }).reflect.mustBe, 6, 6, []
struct { reflect.typ_ *internal/abi.Type; reflect.ptr unsafe.Pointer; reflect.flag }.reflect.mustBe, 6, 6, []
(*Command).Name, 6, 6, []
(*HashTrieMap[interface {},interface {}]).init, 4, 4, []
RelPaths, 10, 3, [[b1] [b2 b8 b10 b7 b4 b9 b6 b3] [b5]]
OnceValue[go.shape.string].func1.1.1, 9, 9, []
(*HashTrieMap[go.shape.interface {},go.shape.interface {}]).All, 7, 7, []
.eq.cmd/internal/par.cacheEntry[error], 13, 13, []
.eq.[16]sync/atomic.Pointer[internal/sync.node[interface {},interface {}]], 6, 4, [[b1] [b2 b4 b3] [b9] [b8]]
NetLimit, 4, 4, []
.eq.struct { Cache *struct { Mask uintptr; Entries [1]struct { Typ uintptr; Itab uintptr } }; Inter *struct { Type struct { Size_ uintptr; PtrBytes uintptr; Hash uint32; TFlag uint8; Align_ uint8; FieldAlign_ uint8; Kind_ uint8; Equal unsafe.Pointer; GCData *uint8; Str int32; PtrToThis int32 }; PkgPath struct { Bytes *uint8 }; Methods []struct { Name int32; Typ int32 } }; CanFail bool }, 6, 6, []
AppendPATH, 17, 17, []
AsType[go.shape.*uint8], 3, 3, []
.eq.cmd/go/internal/base.netTokenChecker, 7, 7, []
.eq.internal/sync.entry[interface {},interface {}], 15, 15, []
(*indirect[go.shape.interface {},go.shape.interface {}]).indirect, 3, 3, []
RunErr, 17, 17, []
.eq.internal/sync.indirect[interface {},interface {}], 13, 13, []
(*node[interface {},interface {}]).entry, 3, 3, []
(*node[interface {},interface {}]).indirect, 3, 3, []
(*struct { internal/sync.node = internal/sync.node[go.shape.interface {},go.shape.interface {}]; internal/sync.overflow sync/atomic.Pointer[internal/sync.entry[go.shape.interface {},go.shape.interface {}]]; internal/sync.key go.shape.interface {}; internal/sync.value go.shape.interface {} }).internal/sync.entry, 3, 3, []
(*entry[go.shape.interface {},go.shape.interface {}]).entry, 3, 3, []
ShortPathError, 7, 7, []
(*entry[go.shape.interface {},go.shape.interface {}]).indirect, 3, 3, []
(*struct { internal/sync.node = internal/sync.node[go.shape.interface {},go.shape.interface {}]; internal/sync.dead sync/atomic.Bool; internal/sync.mu internal/sync.Mutex; internal/sync.parent *internal/sync.indirect[go.shape.interface {},go.shape.interface {}]; internal/sync.children [16]sync/atomic.Pointer[go.shape.struct { internal/sync.isEntry bool }] }).internal/sync.indirect, 3, 3, []
(*struct { internal/sync.node = internal/sync.node[go.shape.interface {},go.shape.interface {}]; internal/sync.dead sync/atomic.Bool; internal/sync.mu internal/sync.Mutex; internal/sync.parent *internal/sync.indirect[go.shape.interface {},go.shape.interface {}]; internal/sync.children [16]sync/atomic.Pointer[go.shape.struct { internal/sync.isEntry bool }] }).internal/sync.entry, 3, 3, []
(*indirect[go.shape.interface {},go.shape.interface {}]).entry, 3, 3, []
(*struct { internal/sync.node = internal/sync.node[go.shape.interface {},go.shape.interface {}]; internal/sync.overflow sync/atomic.Pointer[internal/sync.entry[go.shape.interface {},go.shape.interface {}]]; internal/sync.key go.shape.interface {}; internal/sync.value go.shape.interface {} }).internal/sync.indirect, 3, 3, []
(*explicitStringFlag).String, 6, 6, []
(*Pointer[go.shape.struct { runtime.heap bool; runtime.rangefunc bool; runtime.sp uintptr; runtime.pc uintptr; runtime.fn func(); runtime.link *runtime._defer; runtime.head *internal/runtime/atomic.Pointer[runtime._defer] }]).CompareAndSwapNoWB, 4, 4, []
Tool, 7, 7, []
(*Pointer[go.shape.55b825d6d76842fa06225686af4e70043b16687553e9bcbcd398b6e012f72a75]).CompareAndSwapNoWB, 4, 4, []
UncachedCwd, 7, 7, []
OnceValue[string], 7, 7, []
InGOFLAGS, 19, 5, [[b2] [b3 b5 b18 b8 b22 b30 b11 b26 b21 b23 b24 b19 b20 b16 b4] [b6] [b25] [b29]]
(*StringsFlag).Set, 10, 10, []
(*explicitStringFlag).Set, 9, 9, []
(*indirect[interface {},interface {}]).empty, 4, 3, [[b1] [b2 b8] [b11]]
NetLimit.func1, 20, 20, []
hasFlag, 8, 6, [[b2] [b3] [b5 b7 b6] [b8] [b10] [b4]]
AcquireNet, 18, 18, []
OnceValue[string].OnceValue[go.shape.string].func1, 3, 3, []
(*entry[go.shape.interface {},go.shape.interface {}]).compareAndDelete, 18, 11, [[b1] [b21] [b3] [b22] [b4] [b24] [b10] [b11 b13 b20 b19 b18 b17 b16 b12] [b14] [b23] [b9]]
(*HashTrieMap[go.shape.interface {},go.shape.interface {}]).Range, 4, 4, []
(*entry[go.shape.interface {},go.shape.interface {}]).compareAndSwap, 27, 20, [[b1] [b24] [b3] [b25] [b6] [b4] [b14] [b15 b17 b22 b19 b12 b21 b20 b16] [b18] [b29] [b8] [b27] [b26] [b10] [b9] [b30] [b28] [b23] [b13] [b11]]
RunStdin, 23, 10, [[b8] [b9 b11 b22 b18 b28 b25 b5 b14 b10 b1 b7 b4 b19 b13] [b15] [b16] [b21] [b24] [b2] [b26] [b27] [b12]]
(*entry[interface {},interface {}]).indirect, 3, 3, []
(*entry[interface {},interface {}]).entry, 3, 3, []
AcquireNet.func2, 6, 6, []
OnceValue[string].OnceValue[go.shape.string].func1.1, 4, 4, []
(*HashTrieMap[go.shape.interface {},go.shape.interface {}]).expand, 14, 9, [[b1] [b5] [b18] [b20] [b16] [b7 b22 b15 b13 b8 b10] [b9] [b11] [b4]]
(*indirect[interface {},interface {}]).entry, 3, 3, []
(*struct { internal/sync.node = internal/sync.node[interface {},interface {}]; internal/sync.dead sync/atomic.Bool; internal/sync.mu internal/sync.Mutex; internal/sync.parent *internal/sync.indirect[interface {},interface {}]; internal/sync.children [16]sync/atomic.Pointer[internal/sync.node[interface {},interface {}]] }).internal/sync.entry, 3, 3, []
(*struct { internal/sync.node = internal/sync.node[interface {},interface {}]; internal/sync.dead sync/atomic.Bool; internal/sync.mu internal/sync.Mutex; internal/sync.parent *internal/sync.indirect[interface {},interface {}]; internal/sync.children [16]sync/atomic.Pointer[internal/sync.node[interface {},interface {}]] }).internal/sync.indirect, 3, 3, []
(*struct { internal/sync.node = internal/sync.node[interface {},interface {}]; internal/sync.overflow sync/atomic.Pointer[internal/sync.entry[interface {},interface {}]]; internal/sync.key interface {}; internal/sync.value interface {} }).internal/sync.entry, 3, 3, []
(*struct { internal/sync.node = internal/sync.node[interface {},interface {}]; internal/sync.overflow sync/atomic.Pointer[internal/sync.entry[interface {},interface {}]]; internal/sync.key interface {}; internal/sync.value interface {} }).internal/sync.indirect, 3, 3, []
(*entry[go.shape.interface {},go.shape.interface {}]).loadAndDelete, 14, 9, [[b1] [b16] [b4] [b14] [b6] [b7 b9 b12 b11 b8 b13] [b10] [b15] [b5]]
OnceValue[string].OnceValue[go.shape.string].func1.1.1, 9, 9, []
(*indirect[interface {},interface {}]).indirect, 3, 3, []
ShortPath, 9, 9, []
(*entry[go.shape.interface {},go.shape.interface {}]).swap, 23, 18, [[b1] [b15] [b4] [b8] [b10] [b11 b13 b5 b3 b12 b17] [b14] [b21] [b23] [b19] [b18] [b6] [b2] [b22] [b20] [b16] [b9] [b7]]
(*entry[interface {},interface {}]).lookup, 10, 5, [[b1] [b2 b4 b10 b6 b3 b8] [b5] [b7] [b9]]
ChdirFlag, 4, 4, []
InitGOFLAGS, 87, 38, [[b1] [b2] [b35] [b5] [b81] [b11] [b93] [b15] [b44] [b17] [b45] [b69] [b24] [b23] [b111] [b14] [b57] [b125] [b119] [b62] [b27] [b28] [b60] [b31] [b32] [b26] [b34] [b38 b40 b105 b126 b123 b103 b124 b63 b127 b95 b94 b84 b83 b82 b72 b71 b117 b90 b78 b66 b58 b52 b51 b39 b65 b121 b91 b79 b67 b59 b53 b116 b118 b6 b4 b16 b10 b22 b18 b54 b43 b70 b114 b112 b108 b102 b96 b106 b30 b25] [b41] [b109] [b113] [b120] [b36] [b46] [b115] [b104] [b29] [b3]]
(*entry[interface {},interface {}]).lookupWithValue, 15, 5, [[b1] [b2 b4 b8 b16 b10 b13 b7 b11 b12 b3 b9] [b5] [b14] [b15]]
(*Pointer[runtime._defer]).CompareAndSwapNoWB, 4, 4, []
IsTestFile, 4, 4, []
(*HashTrieMap[go.shape.interface {},go.shape.interface {}]).Clear, 4, 4, []
(*Pointer[runtime.m]).CompareAndSwapNoWB, 4, 4, []
ToolPath, 30, 20, [[b1] [b2 b4 b13 b18 b20 b10 b15 b17 b7 b8 b3] [b5] [b21] [b22] [b33] [b47] [b45] [b43] [b49] [b41] [b51] [b39] [b34] [b35] [b53] [b25] [b30] [b28] [b29]]
SetExitStatus, 16, 16, []
init, 19, 19, []
(*Cache[go.shape.string,go.shape.interface { Error() string }]).Get, 7, 7, []
(*Cache[go.shape.string,go.shape.interface { Error() string }]).Do, 27, 27, []
(*HashTrieMap[go.shape.interface {},go.shape.interface {}]).Load, 22, 13, [[b2] [b18] [b4] [b7] [b8 b10 b15 b14 b9] [b11] [b13] [b16] [b21] [b22 b24 b17 b32 b23 b28] [b25] [b27] [b29]]
(*Command).LongName, 17, 17, []
(*HashTrieMap[go.shape.interface {},go.shape.interface {}]).LoadOrStore, 65, 25, [[b2] [b20] [b4] [b6] [b11 b9 b19 b59 b57 b55 b56 b53 b50 b31 b52 b48 b29 b22 b47 b45 b44 b43 b41 b42 b39 b15 b78 b18 b33 b12 b16 b24 b14 b23 b26 b17 b77 b37 b25 b30] [b40] [b10] [b81] [b62] [b64] [b65] [b66 b68 b83 b82 b67 b72] [b69] [b71] [b73] [b75] [b80] [b76] [b87] [b86] [b84] [b85] [b88] [b79] [b35]]
init.OnceFunc.func2, 3, 3, []
init.OnceValue[go.shape.string].func1, 3, 3, []
(*HashTrieMap[go.shape.interface {},go.shape.interface {}]).LoadOrStore.deferwrap1, 7, 7, []
init.OnceFunc.func2.1.1, 9, 9, []
init.OnceValue[go.shape.string].func1.1, 4, 4, []
init.OnceValue[go.shape.string].func1.1.1, 9, 9, []
.eq.go.shape.struct { internal/sync.node = internal/sync.node[interface {},interface {}]; internal/sync.dead sync/atomic.Bool; internal/sync.mu internal/sync.Mutex; internal/sync.parent *internal/sync.indirect[interface {},interface {}]; internal/sync.children [16]sync/atomic.Pointer[internal/sync.node[interface {},interface {}]] }, 13, 13, []
.eq.internal/sync.indirect[go.shape.interface {},go.shape.interface {}], 13, 13, []
.eq.[2]string, 12, 10, [[b1] [b3] [b2] [b6] [b5] [b7 b9 b8] [b10] [b12] [b4] [b13]]
.eq.go.shape.struct { internal/sync.node = internal/sync.node[go.shape.interface {},go.shape.interface {}]; internal/sync.dead sync/atomic.Bool; internal/sync.mu internal/sync.Mutex; internal/sync.parent *internal/sync.indirect[go.shape.interface {},go.shape.interface {}]; internal/sync.children [16]sync/atomic.Pointer[go.shape.struct { internal/sync.isEntry bool }] }, 13, 13, []
.eq.go.shape.struct { internal/sync.node = internal/sync.node[interface {},interface {}]; internal/sync.overflow sync/atomic.Pointer[internal/sync.entry[interface {},interface {}]]; internal/sync.key interface {}; internal/sync.value interface {} }, 15, 15, []
.eq.go.shape.struct { cmd/go/internal/base.released bool; cmd/go/internal/base.unusedAvoidTinyAllocator string }, 7, 7, []
.eq.internal/sync.entry[go.shape.interface {},go.shape.interface {}], 15, 15, []
.eq.go.shape.struct { internal/sync.node = internal/sync.node[go.shape.interface {},go.shape.interface {}]; internal/sync.overflow sync/atomic.Pointer[internal/sync.entry[go.shape.interface {},go.shape.interface {}]]; internal/sync.key go.shape.interface {}; internal/sync.value go.shape.interface {} }, 15, 15, []
.eq.[3]interface {}, 10, 7, [[b1] [b2 b4 b8 b3] [b5] [b7] [b6] [b9] [b10]]
.eq.[4]interface {}, 10, 7, [[b1] [b2 b4 b8 b3] [b5] [b7] [b6] [b9] [b10]]
.eq.[16]sync/atomic.Pointer[go.shape.struct { internal/sync.isEntry bool }], 6, 4, [[b1] [b2 b4 b3] [b9] [b8]]
.eq.[2]interface {}, 10, 7, [[b1] [b2 b4 b8 b3] [b5] [b7] [b6] [b9] [b10]]
.eq.cmd/internal/par.cacheEntry[go.shape.interface { Error() string }], 13, 13, []
.eq.go.shape.struct { internal/godebug.text string; internal/godebug.bisect *internal/bisect.Matcher }, 7, 7, []
