(*Archive).output, 13, 13, []
(*Archive).addFile, 15, 13, [[b1] [b4] [b3] [b7] [b5] [b6] [b2] [b8] [b9] [b11 b15 b12] [b14] [b13] [b10]]
init, 4, 4, []
.eq.struct { Cache *struct { Mask uintptr; Entries [1]struct { Typ uintptr; Itab uintptr } }; Inter *struct { Type struct { Size_ uintptr; PtrBytes uintptr; Hash uint32; TFlag uint8; Align_ uint8; FieldAlign_ uint8; Kind_ uint8; Equal unsafe.Pointer; GCData *uint8; Str int32; PtrToThis int32 }; PkgPath struct { Bytes *uint8 }; Methods []struct { Name int32; Typ int32 } }; CanFail bool }, 6, 6, []
listEntry, 4, 4, []
openArchive, 36, 36, []
(*Archive).extractContents1, 32, 27, [[b1] [b2] [b5 b7 b16 b12 b6 b11] [b8] [b18] [b21] [b22] [b3] [b4] [b14] [b25] [b32] [b27] [b26] [b29] [b19] [b31] [b15] [b33] [b34] [b30] [b20] [b28] [b36] [b37] [b10] [b38]]
main, 55, 49, [[b7] [b88] [b12] [b8] [b14] [b24] [b69] [b106] [b99] [b28] [b38] [b42] [b36] [b86] [b89] [b90] [b92 b94 b93] [b98] [b97] [b73] [b76] [b77] [b79 b81 b80] [b85] [b84] [b61] [b64] [b65] [b27] [b31] [b29] [b47] [b100] [b103] [b48] [b51] [b52] [b54 b56 b55] [b60] [b59] [b67] [b70] [b71] [b25] [b75] [b105] [b107] [b108] [b104]]
(*Archive).tableOfContents, 17, 12, [[b1] [b2] [b5 b7 b16 b12 b6 b11] [b8] [b18] [b21] [b22] [b3] [b4] [b20] [b25] [b24]]
(*Archive).scan, 6, 4, [[b1] [b2 b4 b3] [b5] [b7]]
isGoCompilerObjFile, 47, 26, [[b1] [b5] [b10] [b9] [b93 b95 b117 b142 b107 b105 b103 b101 b123 b121 b124 b126 b113 b122 b99 b96 b89 b87 b97 b94 b98 b100] [b143] [b11] [b135] [b15] [b129] [b18] [b131] [b13] [b137] [b47] [b127] [b51] [b109] [b54] [b111] [b125] [b91] [b88] [b49] [b144] [b45]]
setOp, 37, 10, [[b1] [b6] [b8] [b5] [b10] [b4] [b3] [b2] [b12 b14 b42 b44 b41 b11 b43 b9 b45 b23 b32 b26 b38 b29 b37 b24 b28 b31 b33 b40 b34 b25 b21 b22 b16 b17 b18 b13] [b15]]
(*Archive).addPkgdef, 34, 5, [[b1] [b2 b4 b35 b34 b33 b17 b16 b21 b13 b18 b27 b14 b15 b20 b7 b23 b31 b25 b11 b19 b36 b32 b6 b9 b10 b24 b8 b12 b28 b22] [b30] [b37] [b5]]
(*Archive).addFiles, 44, 9, [[b1] [b43] [b3] [b2] [b4 b6 b55 b54 b24 b23 b28 b20 b25 b33 b21 b22 b27 b14 b48 b46 b37 b18 b31 b44 b40 b38 b34 b51 b13 b35 b17 b29 b26 b32 b30 b49 b41 b12 b15 b5] [b7] [b36] [b53] [b52]]
(*Archive).extractContents1.deferwrap1, 4, 4, []
(*Archive).match, 13, 8, [[b1] [b2] [b4 b6 b15 b11 b5 b10] [b7] [b17] [b20] [b21] [b3]]
