Sort.func1, 26, 26, []
Compare[string], 6, 6, []
medianCmpFunc[go.shape.struct { Path string; Version string "json:\",omitempty\"" }], 22, 22, []
parsePseudoVersion, 35, 35, []
PseudoVersion, 32, 30, [[b1] [b54] [b10] [b14] [b17] [b16] [b18] [b19] [b22] [b21] [b23] [b24] [b27] [b30] [b32 b34 b36] [b45] [b35] [b51] [b44] [b50] [b49] [b37] [b56] [b52] [b43] [b46] [b47] [b57] [b25] [b20]]
CheckPathMajor, 75, 75, []
PseudoVersionBase, 71, 67, [[b1] [b2] [b5] [b4] [b8] [b25] [b23] [b20] [b15] [b28] [b96] [b115] [b109] [b117] [b132] [b22] [b126] [b43] [b129] [b44] [b48] [b51] [b52 b54 b58] [b55] [b57] [b61] [b62] [b65] [b64] [b66 b68 b70] [b120] [b69] [b76] [b110] [b80] [b82] [b79] [b116] [b83] [b119] [b87] [b93] [b94] [b90] [b85] [b124] [b77] [b78] [b106] [b98] [b103] [b101] [b102] [b88] [b125] [b121] [b63] [b12] [b29] [b31] [b36] [b34] [b35] [b92] [b128] [b127] [b3]]
checkElem, 122, 63, [[b1] [b2] [b16] [b131] [b18] [b143] [b28] [b26] [b34 b36 b41 b74 b98 b52 b70 b54 b145 b97 b48 b20 b72 b45 b53 b29 b17 b9 b123 b115 b104 b150 b75 b44 b102 b92 b88 b84 b67 b63 b8 b73 b38 b95 b87 b83 b81 b79 b77 b76 b49 b66 b62 b55 b56 b58 b60 b71 b39 b40 b35] [b109] [b137] [b111] [b113] [b114] [b110] [b116 b118 b117] [b119] [b128] [b130 b132 b136] [b133] [b135] [b139] [b11] [b140] [b100] [b121] [b144] [b146 b148 b153 b151 b152 b147] [b112] [b156] [b149] [b158] [b162] [b160] [b161] [b157] [b142] [b129] [b122] [b127] [b125] [b126] [b99] [b103] [b108] [b106] [b107] [b27] [b33] [b31] [b32] [b21] [b25] [b23] [b24] [b10] [b15] [b13] [b14] [b3] [b7] [b5] [b6]]
init, 4, 4, []
(*InvalidPathError).Error, 4, 4, []
MatchPrefixPatterns, 29, 4, [[b1] [b2 b4 b26 b42 b43 b24 b30 b41 b21 b17 b12 b39 b16 b36 b28 b27 b32 b7 b25 b29 b33 b8 b9 b18 b35 b6] [b5] [b44]]
modPathOK, 20, 20, []
order2CmpFunc[go.shape.struct { Path string; Version string "json:\",omitempty\"" }], 7, 7, []
Version.String, 3, 3, []
(*InvalidVersionError).noun, 3, 3, []
siftDownCmpFunc[go.shape.struct { Path string; Version string "json:\",omitempty\"" }], 22, 8, [[b1] [b3 b27 b22 b29 b4 b18 b16 b14 b26 b15 b24 b8 b6 b10 b9] [b11] [b13] [b17] [b19] [b21] [b5]]
insertionSortCmpFunc[go.shape.struct { Path string; Version string "json:\",omitempty\"" }], 21, 7, [[b1] [b2 b4 b10 b20 b14 b6 b12 b3 b21 b11 b18 b23 b8 b16 b7] [b5] [b13] [b15] [b17] [b19]]
breakPatternsCmpFunc[go.shape.struct { Path string; Version string "json:\",omitempty\"" }], 17, 8, [[b1] [b18] [b6] [b7 b19 b3 b21 b9 b14 b12 b16 b13 b11] [b10] [b2] [b15] [b17]]
CanonicalVersion, 13, 13, []
CheckImportPath, 6, 6, []
CheckFilePath, 6, 6, []
pdqsortCmpFunc[go.shape.struct { Path string; Version string "json:\",omitempty\"" }], 65, 15, [[b1] [b3 b4 b65 b66 b58 b67 b68 b53 b62 b64 b54 b60 b24 b56 b59 b40 b28 b15 b55 b52 b50 b35 b26 b49 b33 b37 b43 b34 b36 b27 b31 b47 b29 b6 b39 b41 b38] [b61] [b63] [b57] [b42] [b44] [b32] [b7] [b8 b10 b16 b45 b20 b12 b18 b9 b46 b17 b51 b48 b14 b22 b13] [b30] [b19] [b21] [b23] [b25]]
reverseRangeCmpFunc[go.shape.struct { Path string; Version string "json:\",omitempty\"" }], 11, 5, [[b1] [b2 b11 b10 b13 b4 b6 b3] [b5] [b7] [b9]]
VersionError, 15, 15, []
partialInsertionSortCmpFunc[go.shape.struct { Path string; Version string "json:\",omitempty\"" }], 51, 10, [[b1] [b2 b4 b64 b53 b28 b54 b59 b60 b33 b50 b56 b65 b58 b39 b49 b47 b51 b44 b67 b30 b36 b40 b57 b26 b29 b61 b52 b20 b42 b63 b18 b32 b16 b9 b10 b62 b14 b6 b12 b3 b8 b11] [b5] [b13] [b15] [b21] [b23] [b55] [b19] [b17]]
IsPseudoVersion, 6, 6, []
partitionEqualCmpFunc[go.shape.struct { Path string; Version string "json:\",omitempty\"" }], 34, 14, [[b1] [b3] [b2] [b5] [b8] [b29] [b43] [b41] [b11 b21 b19 b31 b12 b36 b34 b27 b28 b38 b32 b24 b30 b17 b26 b18 b40 b22 b14 b20 b16] [b23] [b33] [b37] [b39] [b13]]
firstPathOK, 12, 12, []
PathMajorPrefix, 30, 30, []
incDecimal, 17, 15, [[b1] [b2 b4 b6] [b21] [b5] [b24] [b14] [b20] [b19] [b15] [b26] [b22] [b13] [b16] [b17] [b12]]
decDecimal, 21, 19, [[b1] [b2 b4 b6] [b23] [b5] [b12] [b30] [b15] [b17] [b14] [b3] [b18] [b7] [b22] [b28] [b29] [b25] [b20] [b27] [b13]]
.eq.cmd/vendor/golang.org/x/mod/module.InvalidVersionError, 12, 12, []
unescapeString, 33, 8, [[b1] [b2 b4 b18 b24 b30 b23 b21 b22 b11 b33 b29 b15 b20 b12 b26 b14 b9 b27 b13 b19 b17 b6 b25 b7 b8 b3] [b5] [b31] [b32] [b28] [b16] [b10]]
.eq.cmd/vendor/golang.org/x/mod/module.Version, 9, 9, []
.eq.cmd/vendor/golang.org/x/mod/module.ModuleError, 14, 14, []
.eq.cmd/vendor/golang.org/x/mod/module.InvalidPathError, 14, 14, []
EscapeVersion, 12, 12, []
EscapePath, 3, 3, []
(*InvalidVersionError).Error, 4, 4, []
(*Version).String, 6, 6, []
fileNameOK, 13, 13, []
UnescapePath, 14, 14, []
UnescapeVersion, 14, 14, []
(*ModuleError).Error, 17, 17, []
heapSortCmpFunc[go.shape.struct { Path string; Version string "json:\",omitempty\"" }], 14, 7, [[b1] [b2 b4] [b5] [b6 b15 b14 b17 b8 b10 b7] [b9] [b11] [b13]]
importPathOK, 20, 20, []
escapeString, 42, 13, [[b1] [b2 b4 b27 b20 b17 b9 b6 b7 b8 b3] [b5] [b22] [b21] [b23 b25 b36 b42 b31 b39 b40 b10 b41 b33 b38 b19 b18 b13 b34 b30 b37 b35 b28 b29 b24] [b26] [b11] [b32] [b12] [b16] [b14] [b15]]
choosePivotCmpFunc[go.shape.struct { Path string; Version string "json:\",omitempty\"" }], 11, 11, []
splitGopkgIn, 38, 34, [[b1] [b60] [b11] [b64] [b13] [b21] [b58] [b23] [b22] [b24 b26 b28 b30 b29] [b16] [b31] [b48] [b53] [b27] [b37] [b39] [b36] [b40] [b50] [b54] [b15] [b57] [b59] [b52] [b68] [b67] [b12] [b3] [b69] [b44] [b41] [b33] [b45]]
partitionCmpFunc[go.shape.struct { Path string; Version string "json:\",omitempty\"" }], 69, 39, [[b1] [b3] [b2] [b5] [b8] [b76] [b89] [b87] [b10 b12 b14 b86 b18 b15] [b17] [b13] [b20 b22 b24 b84 b28 b25] [b27] [b23] [b30] [b41] [b40] [b43] [b46] [b58] [b79] [b71] [b49 b47 b44 b61 b50 b74 b72 b65 b66 b78 b70 b62 b67 b55 b64 b56 b82 b60 b52 b57 b54] [b59] [b69] [b75] [b77] [b51] [b83] [b88] [b42] [b45] [b39] [b31] [b33] [b38] [b68] [b85] [b81]]
SplitPathVersion, 42, 36, [[b1] [b62] [b11] [b66] [b12] [b14 b16 b60 b55 b18 b22 b20] [b23] [b48] [b44] [b17] [b34] [b37] [b39] [b36] [b40] [b50] [b52] [b54] [b59] [b3] [b61] [b15] [b58] [b19] [b70] [b69] [b65] [b63] [b57] [b71] [b41] [b32] [b31] [b27] [b45] [b13]]
checkPath, 48, 38, [[b1] [b3] [b7] [b5] [b6] [b2] [b14] [b8] [b16] [b26] [b25] [b34] [b32] [b40 b42 b35 b53 b44 b51 b45 b46 b49 b41 b48] [b43] [b56] [b55] [b57] [b58] [b50] [b52] [b54] [b33] [b39] [b37] [b38] [b27] [b31] [b29] [b30] [b19] [b23] [b21] [b22] [b9] [b13] [b11] [b12]]
Check, 16, 16, []
Compare[go.shape.string], 5, 5, []
PseudoVersionTime, 11, 11, []
IsZeroPseudoVersion, 9, 9, []
CheckPath, 43, 31, [[b2] [b8] [b11] [b21] [b25] [b27] [b31] [b29] [b34] [b37] [b48] [b50 b52 b35 b26 b89 b88 b67 b59 b54 b57 b55 b56 b51] [b53] [b80] [b84] [b82] [b87] [b90] [b70] [b75] [b73] [b78] [b36] [b42] [b40] [b45] [b12] [b16] [b14] [b19] [b7]]
CheckPath.func1, 10, 10, []
.eq.go.shape.struct { Path string; Version string "json:\",omitempty\"" }, 9, 9, []
.eq.[2]interface {}, 10, 7, [[b1] [b2 b4 b8 b3] [b5] [b7] [b6] [b9] [b10]]
.eq.[3]interface {}, 10, 7, [[b1] [b2 b4 b8 b3] [b5] [b7] [b6] [b9] [b10]]
.eq.[4]interface {}, 10, 7, [[b1] [b2 b4 b8 b3] [b5] [b7] [b6] [b9] [b10]]
