(*HashTrieMap[go.shape.interface {},go.shape.interface {}]).LoadAndDelete, 62, 42, [[b2] [b45] [b4] [b6] [b8] [b63] [b10] [b12] [b11] [b13] [b61] [b15] [b16] [b9] [b7] [b18] [b19] [b21] [b23] [b22] [b24] [b52] [b26] [b27] [b20] [b37] [b38 b40 b46 b71 b69 b67 b68 b66 b60 b59 b58 b56 b57 b54 b39 b42 b62 b53 b44 b43 b50] [b41] [b74] [b73] [b75] [b76] [b77] [b78] [b55] [b30] [b32] [b31] [b33] [b49] [b35] [b36]]
(*HashTrieMap[go.shape.interface {},go.shape.interface {}]).CompareAndDelete, 64, 44, [[b2] [b47] [b4] [b5] [b7] [b8] [b10] [b65] [b12] [b14] [b13] [b15] [b63] [b17] [b18] [b11] [b9] [b20] [b21] [b23] [b25] [b24] [b26] [b54] [b28] [b29] [b22] [b39] [b40 b42 b48 b73 b71 b69 b70 b68 b62 b61 b60 b58 b59 b56 b41 b44 b64 b55 b46 b45 b52] [b43] [b76] [b75] [b77] [b78] [b79] [b80] [b57] [b32] [b34] [b33] [b35] [b51] [b37] [b38]]
hgParseStat, 42, 22, [[b1] [b6] [b64] [b17] [b78] [b19] [b20] [b28] [b30 b32 b47 b83 b42 b2 b84 b40 b45 b31 b26 b44 b35 b38 b37 b36] [b33] [b46 b48 b18 b12 b54 b52] [b61] [b9] [b67] [b58] [b63] [b87] [b79] [b82] [b81] [b24] [b4]]
(*gitRepo).ReadZip, 37, 35, [[b2] [b36] [b7] [b16] [b48] [b47] [b4] [b8] [b11] [b19] [b6] [b33] [b31] [b14] [b37] [b34] [b38] [b5] [b30] [b22] [b40 b17 b41] [b43] [b42] [b39] [b44] [b45] [b49] [b23] [b26] [b27] [b35] [b32] [b18] [b13] [b10]]
WorkDir, 63, 63, []
(*gitRepo).statLocal, 142, 69, [[b2] [b29] [b186] [b185] [b4] [b17] [b168] [b28] [b173] [b30] [b31] [b58] [b9] [b163] [b158] [b153] [b68] [b160] [b70] [b85] [b156] [b154] [b165] [b69] [b71 b73 b150 b135 b96 b78 b94 b127 b129 b72 b76 b81 b130 b116 b101 b139 b114 b83 b140 b111 b107 b115 b106 b108 b102 b98] [b74] [b118] [b119 b121 b97 b141 b52 b50 b136 b103 b120 b125 b92 b90 b61 b109 b134 b124 b144 b88 b110 b142 b62 b128 b143] [b122] [b86] [b145] [b146] [b149 b151 b84 b82 b155 b159] [b152] [b162] [b164 b166 b80 b91 b174 b54 b93 b170 b177 b175 b77 b63] [b179] [b182] [b181] [b60] [b184] [b187] [b178] [b147] [b148] [b55] [b99] [b95] [b189 b191 b49 b87 b48 b41 b53 b89 b190 b195 b194] [b192] [b79] [b35] [b40] [b38] [b39] [b11] [b16] [b14] [b15] [b5] [b8] [b20] [b169] [b167] [b183] [b6] [b23] [b176] [b171]]
svnReadZip, 105, 84, [[b1] [b99] [b3] [b2] [b11] [b56] [b146] [b143] [b66] [b150] [b149] [b81] [b153] [b152] [b12] [b25] [b26] [b38] [b46] [b123] [b122] [b54] [b133] [b125] [b55] [b142] [b134] [b39] [b44] [b47 b49 b51] [b94] [b95] [b50] [b59 b61 b65] [b62] [b64] [b67] [b60] [b69] [b71] [b70] [b68] [b72] [b73] [b45] [b74] [b77] [b76] [b78] [b48] [b79] [b52] [b84] [b42] [b119] [b109] [b82] [b87] [b41] [b108] [b106] [b88 b90 b93 b145 b98 b96 b140 b89 b101 b139 b138 b137 b136 b114 b100 b34 b102 b105] [b154] [b151] [b144] [b117] [b118] [b92] [b126] [b127] [b132] [b130] [b135] [b124] [b110] [b43] [b33] [b28] [b16] [b97] [b18] [b21] [b14] [b6]]
(*gitRepo).stat, 157, 125, [[b1] [b185] [b3] [b186] [b8] [b9 b11 b190 b188 b17 b15] [b25] [b27] [b26] [b21] [b28] [b30] [b150] [b32] [b33] [b35] [b39] [b42] [b133] [b44] [b141] [b54] [b53] [b57] [b74] [b59] [b89] [b64] [b65 b67 b91 b88 b73 b71] [b81] [b83 b85 b47 b113 b45 b96 b115 b114 b84 b111 b104 b90 b103 b43 b10 b99 b98 b100] [b86] [b49] [b116] [b66] [b121] [b80] [b118] [b117] [b105] [b110] [b108] [b109] [b77] [b122] [b7] [b191] [b189] [b13] [b194] [b193] [b56] [b55] [b41] [b40] [b38] [b37] [b70] [b123] [b125] [b69] [b124] [b127] [b129] [b131] [b60] [b140] [b61] [b142] [b144] [b146] [b48] [b148] [b149 b151 b58 b52 b153 b157] [b152] [b156] [b147] [b162] [b4] [b161] [b154] [b5] [b187] [b169] [b167] [b165] [b50] [b160] [b130] [b63] [b128] [b168] [b137] [b176] [b163] [b178] [b171] [b46] [b181] [b18] [b192] [b14] [b184] [b183] [b182] [b196] [b197] [b135] [b134] [b2] [b145] [b136] [b199] [b198] [b180] [b200] [b201] [b195] [b170] [b175] [b173] [b174] [b126] [b36] [b34]]
init.func6, 4, 4, []
init.func7, 4, 4, []
init.func8, 4, 4, []
init.func9, 4, 4, []
init.func13, 4, 4, []
init.func14, 4, 4, []
init.func16, 4, 4, []
(*gitRepo).stat.func2, 16, 16, []
init.func17, 4, 4, []
init.func19, 4, 4, []
init.func21, 4, 4, []
init.func22, 4, 4, []
UnknownRevisionError.Is, 4, 4, []
noCommitsError.Is, 4, 4, []
notExistError.Is, 4, 4, []
(*vcsRepo).fetch, 15, 15, []
newIndirectNode[go.shape.interface {},go.shape.interface {}], 4, 4, []
(*HashTrieMap[go.shape.interface {},go.shape.interface {}]).find, 42, 8, [[b1] [b6 b4 b15 b59 b57 b55 b56 b53 b31 b17 b49 b48 b50 b45 b44 b43 b41 b42 b39 b25 b14 b27 b37 b24 b32 b29 b20 b26 b19 b18 b21 b12 b11 b7 b9] [b40] [b13] [b35] [b60] [b10] [b54]]
newEntryNode[go.shape.interface {},go.shape.interface {}], 4, 4, []
(*HashTrieMap[go.shape.interface {},go.shape.interface {}]).init, 4, 4, []
(*node[go.shape.interface {},go.shape.interface {}]).indirect, 3, 3, []
(*node[go.shape.interface {},go.shape.interface {}]).entry, 3, 3, []
(*limitedWriter).Write, 9, 9, []
(*gitRepo).hexHashLen, 3, 3, []
(*gitRepo).unknownRevisionInfo, 4, 4, []
ShortenSHA1, 12, 7, [[b1] [b2 b4 b20 b3 b10 b8] [b17] [b22] [b23] [b14] [b19]]
order2Ordered[go.shape.string], 7, 7, []
siftDownOrdered[go.shape.string], 22, 8, [[b1] [b3 b49 b44 b51 b4 b41 b27 b25 b48 b26 b46 b8 b6 b10 b9] [b11] [b13] [b28] [b30] [b43] [b5]]
insertionSortOrdered[go.shape.string], 21, 7, [[b1] [b2 b4 b10 b31 b26 b6 b12 b3 b32 b11 b29 b34 b8 b27 b7] [b5] [b13] [b15] [b28] [b30]]
(*entry[go.shape.interface {},go.shape.interface {}]).lookup, 9, 4, [[b1] [b2 b4 b9 b6 b3 b8] [b5] [b7]]
(*entry[go.shape.interface {},go.shape.interface {}]).lookupWithValue, 14, 4, [[b1] [b2 b4 b15 b13 b11 b8 b7 b3 b10 b12 b9] [b5] [b14]]
breakPatternsOrdered[go.shape.string], 17, 8, [[b1] [b18] [b6] [b7 b19 b3 b21 b9 b14 b12 b16 b13 b11] [b10] [b2] [b15] [b17]]
(*gitRepo).fetchRefsLocked, 24, 24, []
(*HashTrieMap[go.shape.interface {},go.shape.interface {}]).iter, 16, 5, [[b1] [b2 b4 b10 b16 b24 b8 b15 b21 b9 b20 b23 b22] [b5] [b17] [b26]]
Index[go.shape.[]string,go.shape.string], 9, 4, [[b1] [b2 b4 b3 b7 b6 b10] [b5] [b9]]
(*gitRepo).shortenObjectHash, 26, 16, [[b1] [b3] [b4 b6 b46 b29 b12 b10] [b19] [b22] [b25] [b16] [b21] [b27] [b2] [b28 b30 b5 b48 b36 b34] [b43] [b47] [b49] [b40] [b45]]
extractGitVersion, 6, 6, []
init.func12, 11, 11, []
AllHex, 9, 4, [[b1] [b2 b4 b3 b11 b10 b8] [b5] [b14]]
pdqsortOrdered[go.shape.string], 45, 9, [[b1] [b3 b4 b53 b54 b35 b55 b56 b22 b51 b52 b31 b37 b39 b33 b36 b25 b23 b49 b32 b29 b27 b12 b43 b26 b10 b14 b50 b11 b13 b44 b8 b20 b45 b6 b16 b18 b15] [b38] [b40] [b34] [b19] [b21] [b9] [b7]]
init.func18, 7, 7, []
reverseRangeOrdered[go.shape.string], 11, 5, [[b1] [b2 b11 b10 b13 b4 b6 b3] [b5] [b7] [b9]]
(*indirect[go.shape.interface {},go.shape.interface {}]).empty, 4, 3, [[b1] [b2 b8] [b5]]
init.func10, 7, 7, []
Compact[go.shape.[]string,go.shape.string], 30, 14, [[b1] [b2] [b4 b6 b38 b28 b10 b14] [b7] [b17] [b19 b21 b23 b40 b29 b5 b41 b25 b32 b30 b20 b15] [b34] [b37] [b36] [b8] [b39] [b42] [b33] [b3]]
init.func23, 9, 9, []
.eq.struct { Logentry struct { Revision int64 "xml:\"revision,attr\""; Date string "xml:\"date\"" } "xml:\"logentry\"" }, 7, 7, []
partitionEqualOrdered[go.shape.string], 34, 14, [[b1] [b3] [b2] [b5] [b8] [b54] [b65] [b63] [b11 b48 b47 b49 b12 b58 b56 b38 b39 b60 b55 b35 b41 b17 b37 b18 b62 b34 b14 b20 b16] [b23] [b44] [b59] [b61] [b13]]
(*HashTrieMap[interface {},interface {}]).init, 4, 4, []
partialInsertionSortOrdered[go.shape.string], 51, 10, [[b1] [b2 b4 b97 b75 b39 b89 b92 b93 b44 b72 b90 b98 b91 b61 b71 b83 b73 b82 b100 b41 b59 b76 b84 b37 b40 b94 b74 b31 b78 b96 b29 b43 b27 b9 b10 b95 b26 b6 b12 b3 b8 b11] [b5] [b13] [b15] [b32] [b34] [b77] [b30] [b28]]
.eq.cmd/internal/par.errValue[*cmd/go/internal/modfetch/codehost.RevInfo], 7, 7, []
NewRepo.func1, 6, 6, []
.eq.cmd/internal/par.errValue[cmd/go/internal/modfetch/codehost.Repo], 10, 10, []
isOriginTag, 8, 8, []
(*HashTrieMap[go.shape.interface {},go.shape.interface {}]).All, 7, 7, []
.eq.cmd/go/internal/modfetch/codehost.limitedWriter, 13, 13, []
.eq.[16]sync/atomic.Pointer[internal/sync.node[interface {},interface {}]], 6, 4, [[b1] [b2 b4 b3] [b9] [b8]]
(*gitRepo).loadRefs, 6, 6, []
(*gitRepo).Stat, 8, 8, []
.eq.cmd/internal/par.cacheEntry[cmd/internal/par.errValue[cmd/go/internal/modfetch/codehost.Repo]], 18, 18, []
(*RunError).Error, 7, 7, []
.eq.struct { Cache *struct { Mask uintptr; Entries [1]struct { Typ uintptr; Itab uintptr } }; Inter *struct { Type struct { Size_ uintptr; PtrBytes uintptr; Hash uint32; TFlag uint8; Align_ uint8; FieldAlign_ uint8; Kind_ uint8; Equal unsafe.Pointer; GCData *uint8; Str int32; PtrToThis int32 }; PkgPath struct { Bytes *uint8 }; Methods []struct { Name int32; Typ int32 } }; CanFail bool }, 6, 6, []
.eq.cmd/internal/par.cacheEntry[cmd/internal/par.errValue[*cmd/go/internal/modfetch/codehost.RevInfo]], 16, 16, []
init.func1, 4, 4, []
init.func2, 4, 4, []
(*gitRepo).loadRefs.func1, 112, 76, [[b1] [b4] [b156] [b285] [b278] [b52] [b140 b138 b206 b150 b200 b147 b219 b252 b141 b32 b26 b42 b255 b186 b188 b204 b223 b221 b217 b212 b202 b172 b174 b155 b227 b225 b152] [b144] [b209] [b210] [b215] [b191] [b218] [b201] [b237] [b177] [b235] [b187] [b251] [b22] [b249] [b24] [b173] [b168] [b166] [b164] [b267] [b38] [b243] [b242] [b263] [b213] [b269] [b271 b273 b283 b232 b162 b160 b34 b234 b281 b272 b291] [b274] [b36] [b241] [b238] [b7] [b9] [b8] [b10] [b282] [b15] [b277] [b17] [b154] [b268] [b266] [b16] [b11] [b19] [b265] [b21] [b276] [b31] [b240] [b33] [b250] [b18] [b264] [b236] [b231] [b47] [b229] [b49] [b48] [b254] [b46] [b149] [b257] [b256] [b3] [b158] [b289] [b286]]
.eq.struct { Revision int64 "xml:\"revision,attr\""; Date string "xml:\"date\"" }, 7, 7, []
.eq.internal/sync.entry[interface {},interface {}], 15, 15, []
(*noCommitsError).Error, 3, 3, []
(*gitRepo).CheckReuse, 80, 80, []
.eq.cmd/go/internal/modfetch/codehost.Tag, 9, 9, []
(*indirect[go.shape.interface {},go.shape.interface {}]).indirect, 3, 3, []
(*struct { internal/sync.node = internal/sync.node[go.shape.interface {},go.shape.interface {}]; internal/sync.overflow sync/atomic.Pointer[internal/sync.entry[go.shape.interface {},go.shape.interface {}]]; internal/sync.key go.shape.interface {}; internal/sync.value go.shape.interface {} }).internal/sync.entry, 3, 3, []
(*gitRepo).loadRefs.func1.SplitSeq.splitSeq.1, 27, 13, [[b1] [b2] [b17 b11 b21 b25 b18 b26 b24 b20] [b23] [b27] [b29] [b19] [b3] [b4 b8 b28 b22 b6 b12 b10 b5] [b7] [b9] [b13] [b15]]
(*indirect[go.shape.interface {},go.shape.interface {}]).entry, 3, 3, []
(*struct { internal/sync.node = internal/sync.node[go.shape.interface {},go.shape.interface {}]; internal/sync.overflow sync/atomic.Pointer[internal/sync.entry[go.shape.interface {},go.shape.interface {}]]; internal/sync.key go.shape.interface {}; internal/sync.value go.shape.interface {} }).internal/sync.indirect, 3, 3, []
(*notExistError).Is, 6, 6, []
(*ErrCache[go.shape.struct { cmd/go/internal/modfetch/codehost.vcs string; cmd/go/internal/modfetch/codehost.remote string; cmd/go/internal/modfetch/codehost.local bool },go.shape.ec8e2f145755f72c4fd37068ed10e0fb656542b409c5d0edd1d880d9597c5c31]).Get, 4, 4, []
.eq.internal/sync.indirect[interface {},interface {}], 13, 13, []
(*struct { internal/sync.node = internal/sync.node[go.shape.interface {},go.shape.interface {}]; internal/sync.dead sync/atomic.Bool; internal/sync.mu internal/sync.Mutex; internal/sync.parent *internal/sync.indirect[go.shape.interface {},go.shape.interface {}]; internal/sync.children [16]sync/atomic.Pointer[go.shape.struct { internal/sync.isEntry bool }] }).internal/sync.entry, 3, 3, []
(*entry[go.shape.interface {},go.shape.interface {}]).indirect, 3, 3, []
(*entry[go.shape.interface {},go.shape.interface {}]).entry, 3, 3, []
(*node[interface {},interface {}]).indirect, 3, 3, []
(*deleteCloser).os.checkValid, 4, 4, []
(*node[interface {},interface {}]).entry, 3, 3, []
(*struct { internal/sync.node = internal/sync.node[go.shape.interface {},go.shape.interface {}]; internal/sync.dead sync/atomic.Bool; internal/sync.mu internal/sync.Mutex; internal/sync.parent *internal/sync.indirect[go.shape.interface {},go.shape.interface {}]; internal/sync.children [16]sync/atomic.Pointer[go.shape.struct { internal/sync.isEntry bool }] }).internal/sync.indirect, 3, 3, []
(*noCommitsError).Is, 6, 6, []
(*vcsRepo).repoSumOrigin, 16, 16, []
(*UnknownRevisionError).Is, 6, 6, []
(*notExistError).Error, 3, 3, []
(*ErrCache[go.shape.string,go.shape.*uint8]).Get, 4, 4, []
deleteCloser.os.checkValid, 4, 4, []
(*gitRepo).checkConfigSHA256, 9, 9, []
.eq.cmd/go/internal/modfetch/codehost.listEntry·1, 11, 11, []
.eq.cmd/go/internal/modfetch/codehost.vcsCacheKey, 11, 11, []
deleteCloser.os.fd, 7, 7, []
(*deleteCloser).os.fd, 7, 7, []
hasAtLeastGitVersion, 3, 3, []
choosePivotOrdered[go.shape.string], 11, 11, []
heapSortOrdered[go.shape.string], 14, 7, [[b1] [b2 b4] [b5] [b6 b15 b14 b17 b8 b10 b7] [b9] [b11] [b13]]
(*indirect[interface {},interface {}]).empty, 4, 3, [[b1] [b2 b8] [b11]]
Contains[go.shape.[]string,go.shape.string], 10, 5, [[b1] [b2 b4 b3 b7 b6 b10] [b5] [b9] [b11]]
partitionOrdered[go.shape.string], 69, 39, [[b1] [b3] [b2] [b5] [b8] [b120] [b133] [b131] [b10 b12 b14 b130 b30 b15] [b17] [b13] [b31 b33 b35 b128 b51 b36] [b38] [b34] [b52] [b63] [b62] [b65] [b68] [b107] [b123] [b109] [b71 b104 b103 b108 b72 b118 b116 b98 b99 b122 b115 b95 b100 b77 b97 b78 b126 b94 b74 b79 b76] [b81] [b102] [b119] [b121] [b73] [b127] [b132] [b101] [b88] [b87] [b53] [b55] [b60] [b114] [b129] [b125]]
Compact[[]string,string], 31, 15, [[b1] [b2] [b5 b7 b39 b29 b11 b15] [b8] [b18] [b20 b22 b24 b41 b30 b6 b42 b26 b33 b31 b21 b16] [b35] [b38] [b37] [b9] [b40] [b43] [b34] [b3] [b4]]
(*HashTrieMap[go.shape.interface {},go.shape.interface {}]).Range, 4, 4, []
(*entry[go.shape.interface {},go.shape.interface {}]).compareAndSwap, 27, 20, [[b1] [b24] [b3] [b25] [b6] [b4] [b14] [b15 b17 b22 b19 b12 b21 b20 b16] [b18] [b29] [b8] [b27] [b26] [b10] [b9] [b30] [b28] [b23] [b13] [b11]]
(*entry[go.shape.interface {},go.shape.interface {}]).compareAndDelete, 18, 11, [[b1] [b21] [b3] [b22] [b4] [b24] [b10] [b11 b13 b20 b19 b18 b17 b16 b12] [b14] [b23] [b9]]
(*indirect[interface {},interface {}]).entry, 3, 3, []
(*entry[interface {},interface {}]).entry, 3, 3, []
(*entry[go.shape.interface {},go.shape.interface {}]).loadAndDelete, 14, 9, [[b1] [b16] [b4] [b14] [b6] [b7 b9 b12 b11 b8 b13] [b10] [b15] [b5]]
(*struct { internal/sync.node = internal/sync.node[interface {},interface {}]; internal/sync.overflow sync/atomic.Pointer[internal/sync.entry[interface {},interface {}]]; internal/sync.key interface {}; internal/sync.value interface {} }).internal/sync.entry, 3, 3, []
(*struct { internal/sync.node = internal/sync.node[interface {},interface {}]; internal/sync.dead sync/atomic.Bool; internal/sync.mu internal/sync.Mutex; internal/sync.parent *internal/sync.indirect[interface {},interface {}]; internal/sync.children [16]sync/atomic.Pointer[internal/sync.node[interface {},interface {}]] }).internal/sync.indirect, 3, 3, []
(*indirect[interface {},interface {}]).indirect, 3, 3, []
(*entry[interface {},interface {}]).indirect, 3, 3, []
(*struct { internal/sync.node = internal/sync.node[interface {},interface {}]; internal/sync.dead sync/atomic.Bool; internal/sync.mu internal/sync.Mutex; internal/sync.parent *internal/sync.indirect[interface {},interface {}]; internal/sync.children [16]sync/atomic.Pointer[internal/sync.node[interface {},interface {}]] }).internal/sync.entry, 3, 3, []
(*HashTrieMap[go.shape.interface {},go.shape.interface {}]).expand, 14, 9, [[b1] [b5] [b18] [b20] [b16] [b7 b22 b15 b13 b8 b10] [b9] [b11] [b4]]
(*struct { internal/sync.node = internal/sync.node[interface {},interface {}]; internal/sync.overflow sync/atomic.Pointer[internal/sync.entry[interface {},interface {}]]; internal/sync.key interface {}; internal/sync.value interface {} }).internal/sync.indirect, 3, 3, []
gitVersion, 9, 9, []
(*entry[interface {},interface {}]).lookup, 10, 5, [[b1] [b2 b4 b10 b6 b3 b8] [b5] [b7] [b9]]
(*entry[go.shape.interface {},go.shape.interface {}]).swap, 23, 18, [[b1] [b15] [b4] [b8] [b10] [b11 b13 b5 b3 b12 b17] [b14] [b21] [b23] [b19] [b18] [b6] [b2] [b22] [b20] [b16] [b9] [b7]]
init.func11, 10, 10, []
(*entry[interface {},interface {}]).lookupWithValue, 15, 5, [[b1] [b2 b4 b8 b16 b10 b13 b7 b11 b12 b3 b9] [b5] [b14] [b15]]
(*gitRepo).ReadFile, 8, 8, []
vcsErrorf, 10, 10, []
(*HashTrieMap[go.shape.interface {},go.shape.interface {}]).Clear, 4, 4, []
(*deleteCloser).Close, 4, 4, []
(*gitRepo).runGit, 7, 7, []
.eq.cmd/go/internal/modfetch/codehost.Origin, 33, 33, []
Contains[[]string,string], 10, 5, [[b1] [b2 b4 b3 b7 b6 b10] [b5] [b9] [b12]]
(*deleteCloser).WriteString, 5, 5, []
deleteCloser.WriteString, 5, 5, []
(*vcsRepo).Tags, 27, 11, [[b2] [b6] [b8] [b20] [b10] [b26] [b31] [b30] [b12 b14 b17 b21 b22 b16 b23 b9 b25 b13 b29 b11 b18 b27 b24 b19 b28] [b32] [b5]]
(*Cache[go.shape.struct { cmd/go/internal/modfetch/codehost.vcs string; cmd/go/internal/modfetch/codehost.remote string; cmd/go/internal/modfetch/codehost.local bool },go.shape.struct { cmd/internal/par.v go.shape.ec8e2f145755f72c4fd37068ed10e0fb656542b409c5d0edd1d880d9597c5c31; cmd/internal/par.err error }]).Get, 7, 7, []
(*Cache[go.shape.string,go.shape.struct { cmd/internal/par.v *cmd/go/internal/modfetch/codehost.RevInfo; cmd/internal/par.err error }]).Get, 7, 7, []
(*Cache[go.shape.string,go.shape.struct { cmd/internal/par.v *cmd/go/internal/modfetch/codehost.RevInfo; cmd/internal/par.err error }]).Do, 27, 27, []
(*Cache[go.shape.struct { cmd/go/internal/modfetch/codehost.vcs string; cmd/go/internal/modfetch/codehost.remote string; cmd/go/internal/modfetch/codehost.local bool },go.shape.struct { cmd/internal/par.v cmd/go/internal/modfetch/codehost.Repo; cmd/internal/par.err error }]).Do, 27, 27, []
(*Cache[go.shape.string,go.shape.struct { cmd/internal/par.v go.shape.*uint8; cmd/internal/par.err error }]).Get, 7, 7, []
(*Cache[go.shape.string,go.shape.struct { cmd/internal/par.v go.shape.*uint8; cmd/internal/par.err error }]).Do, 27, 27, []
(*Cache[go.shape.struct { cmd/go/internal/modfetch/codehost.vcs string; cmd/go/internal/modfetch/codehost.remote string; cmd/go/internal/modfetch/codehost.local bool },go.shape.struct { cmd/internal/par.v cmd/go/internal/modfetch/codehost.Repo; cmd/internal/par.err error }]).Get, 7, 7, []
(*vcsRepo).Tags.func2, 5, 5, []
(*vcsRepo).lookupRef, 11, 11, []
(*Cache[go.shape.struct { cmd/go/internal/modfetch/codehost.vcs string; cmd/go/internal/modfetch/codehost.remote string; cmd/go/internal/modfetch/codehost.local bool },go.shape.struct { cmd/internal/par.v go.shape.ec8e2f145755f72c4fd37068ed10e0fb656542b409c5d0edd1d880d9597c5c31; cmd/internal/par.err error }]).Do, 27, 27, []
init, 34, 34, []
(*gitRepo).Latest, 25, 25, []
ensureGitAttributes, 14, 14, []
(*vcsRepo).loadRepoSum, 11, 11, []
(*vcsRepo).loadTags, 24, 17, [[b1] [b3] [b4] [b6] [b5] [b7] [b10] [b23] [b2] [b9] [b11] [b24] [b18] [b8] [b13 b15 b20 b19 b17 b21 b22 b14] [b16] [b12]]
(*gitRepo).repoSum, 32, 11, [[b1] [b2] [b3] [b4] [b7] [b16] [b5] [b18 b36 b13 b44 b20 b33 b26 b27 b19 b25 b31 b8 b34 b24 b22] [b29] [b30 b32 b40 b39 b38 b37 b35 b14] [b43]]
(*vcsRepo).loadBranches, 26, 19, [[b1] [b3] [b2] [b5] [b6] [b8] [b7] [b9] [b12] [b25] [b4] [b11] [b13] [b26] [b20] [b10] [b15 b17 b22 b21 b19 b23 b24 b16] [b18] [b14]]
(*HashTrieMap[go.shape.interface {},go.shape.interface {}]).Load, 22, 13, [[b2] [b18] [b4] [b7] [b8 b10 b15 b14 b9] [b11] [b13] [b16] [b21] [b22 b24 b17 b32 b23 b28] [b25] [b27] [b29]]
(*vcsRepo).CheckReuse, 92, 92, []
(*vcsRepo).ReadZip, 69, 55, [[b1] [b2] [b5] [b94] [b7] [b10] [b104] [b98] [b4] [b92] [b21] [b90] [b25] [b86] [b12] [b11] [b27] [b30] [b33] [b40] [b80] [b55] [b78] [b59] [b76] [b115] [b69] [b106] [b101] [b62] [b63 b65 b82 b122 b57 b53 b51 b49 b71 b123 b72 b88 b96 b100 b105] [b111] [b70] [b112] [b108] [b44] [b41] [b74] [b126] [b125] [b43] [b84] [b42] [b38] [b127] [b64] [b99] [b97] [b117] [b119] [b118] [b124] [b37] [b32] [b29]]
ensureGitAttributes.func1, 10, 10, []
fossilParseStat, 15, 11, [[b4] [b33 b31 b40 b38 b34] [b37] [b41] [b43] [b32] [b26] [b44] [b48] [b47] [b45]]
(*vcsRepo).DescendsFrom, 13, 13, []
(*deleteCloser).SyscallConn, 10, 10, []
deleteCloser.SyscallConn, 10, 10, []
(*vcsRepo).statLocal, 40, 40, []
(*gitRepo).RecentTag, 18, 18, []
(*vcsRepo).RecentTag, 27, 17, [[b1] [b2] [b5] [b31] [b7] [b8] [b12] [b34] [b36] [b35] [b13] [b15 b17 b32 b33 b23 b20 b29 b22 b21 b28 b16] [b18] [b37] [b38] [b14] [b3]]
(*vcsRepo).ReadFile, 17, 17, []
fossilParseStat.SplitSeq.splitSeq.func1, 27, 13, [[b1] [b2] [b17 b11 b21 b25 b18 b26 b24 b20] [b23] [b27] [b29] [b19] [b3] [b4 b8 b28 b22 b6 b12 b10 b5] [b7] [b9] [b13] [b15]]
fossilParseStat-range1, 53, 48, [[b1] [b2] [b79] [b13] [b96] [b15] [b67] [b14] [b70] [b26] [b60] [b56] [b27] [b28] [b34] [b37] [b32] [b58] [b64] [b36] [b75] [b38] [b77] [b76] [b78 b80 b33 b29 b86 b84] [b93] [b17] [b99] [b90] [b95] [b101] [b68] [b83] [b82] [b62] [b69] [b92] [b87] [b52] [b42] [b40] [b48] [b46] [b54] [b5] [b98] [b97] [b3]]
(*vcsRepo).Stat, 39, 39, []
(*HashTrieMap[go.shape.interface {},go.shape.interface {}]).LoadOrStore, 65, 25, [[b2] [b20] [b4] [b6] [b11 b9 b19 b59 b57 b55 b56 b53 b50 b31 b52 b48 b29 b22 b47 b45 b44 b43 b41 b42 b39 b15 b78 b18 b33 b12 b16 b24 b14 b23 b26 b17 b77 b37 b25 b30] [b40] [b10] [b81] [b62] [b64] [b65] [b66 b68 b83 b82 b67 b72] [b69] [b71] [b73] [b75] [b80] [b76] [b87] [b86] [b84] [b85] [b88] [b79] [b35]]
(*HashTrieMap[go.shape.interface {},go.shape.interface {}]).Swap, 46, 20, [[b2] [b19] [b4] [b6] [b11 b9 b55 b44 b42 b40 b41 b38 b35 b15 b37 b33 b60 b59 b32 b30 b29 b28 b26 b27 b24 b54 b22 b17 b16 b12 b14] [b25] [b10] [b58] [b47] [b49] [b50] [b51] [b57] [b53] [b64] [b63] [b61] [b62] [b65] [b56]]
(*gitRepo).RecentTag.func1, 39, 30, [[b2] [b27] [b58] [b40] [b28] [b63] [b59] [b8] [b37 b35 b44 b42 b38] [b41] [b45] [b47] [b36] [b30] [b48] [b55] [b51] [b26] [b7] [b1] [b50] [b43] [b53] [b54 b56 b32 b29 b62 b60] [b57] [b66] [b68] [b52] [b49] [b5]]
(*gitRepo).Tags, 52, 15, [[b1] [b4] [b26] [b75] [b67] [b6 b8 b21 b35 b50 b64 b58 b52 b49 b14 b51 b19 b7 b33 b22 b37 b47 b60 b34 b23 b65 b36] [b9] [b39] [b43] [b44 b46 b28 b72 b62 b71 b70 b59 b57 b69 b68 b56 b25 b20 b66 b11 b45] [b74] [b13] [b38] [b27] [b3]]
newGitRepo, 77, 77, []
svnParseStat, 20, 20, []
(*HashTrieMap[go.shape.interface {},go.shape.interface {}]).initSlow, 18, 18, []
newVCSRepo, 63, 63, []
(*HashTrieMap[go.shape.interface {},go.shape.interface {}]).LoadOrStore.deferwrap1, 7, 7, []
(*HashTrieMap[go.shape.interface {},go.shape.interface {}]).Swap.deferwrap1, 7, 7, []
(*gitRepo).RecentTag.func1.SplitSeq.splitSeq.1, 27, 13, [[b1] [b2] [b17 b11 b21 b25 b18 b26 b24 b20] [b23] [b27] [b29] [b19] [b3] [b4 b8 b28 b22 b6 b12 b10 b5] [b7] [b9] [b13] [b15]]
(*gitRepo).Tags.func1, 5, 5, []
(*gitRepo).RecentTag.func1-range1, 21, 21, []
(*gitRepo).loadLocalTags, 16, 10, [[b2] [b8] [b44 b42 b58 b68 b56 b51 b45] [b48] [b61] [b62] [b57] [b67] [b69] [b5]]
(*HashTrieMap[go.shape.interface {},go.shape.interface {}]).initSlow.deferwrap1, 7, 7, []
bzrParseStat, 32, 28, [[b4] [b33 b31 b40 b38 b34] [b37] [b41] [b43] [b32] [b26] [b44] [b46] [b49] [b24] [b48] [b25] [b58] [b21] [b59] [b56] [b22] [b36] [b3] [b23] [b57] [b54] [b39] [b28] [b55] [b47] [b45]]
run, 231, 118, [[b1] [b177] [b4] [b7] [b27] [b5] [b9] [b8] [b11] [b10] [b12] [b13] [b14] [b16] [b2] [b17] [b18] [b19] [b28] [b21] [b31] [b35] [b23] [b33] [b6] [b38] [b48] [b40] [b44] [b204] [b186] [b185] [b43] [b45] [b47] [b50] [b49] [b51] [b205] [b180] [b77] [b55] [b206] [b37] [b34] [b54] [b56] [b58] [b61] [b60] [b62] [b207] [b30] [b26] [b66] [b208] [b24] [b22] [b65] [b67] [b69] [b72] [b71] [b73] [b209] [b20] [b193] [b39] [b74 b76 b130 b161 b93 b29 b142 b15 b101 b225 b96 b127 b217 b148 b158 b223 b108 b172 b152 b125 b128 b110 b156 b159 b170 b171 b216 b153 b123 b222 b111 b154 b168 b124 b160 b155 b117 b97 b166 b215 b162 b221 b121 b224 b100 b164 b120 b151 b165 b99 b118 b119 b149 b150 b95 b116 b147 b91 b163 b114 b122 b145 b41 b89 b214 b169 b112 b220 b129 b143 b75 b42 b36 b113 b109 b144 b140 b86 b211 b174 b32 b179 b25 b131 b176 b84 b87 b106 b213 b189 b137 b219 b132 b210 b188 b82 b194 b104 b107 b139 b135 b138 b83 b79 b212 b196 b102 b218 b141 b133 b103 b94 b134 b98] [b173] [b175] [b178] [b181] [b229] [b70] [b64] [b228] [b80] [b78] [b227] [b88] [b81] [b226] [b92] [b90] [b184] [b183] [b182] [b230] [b63] [b59] [b3] [b187] [b190] [b191] [b231] [b53] [b52] [b192] [b195] [b197] [b198] [b202] [b199] [b200] [b203] [b201] [b167] [b157] [b146] [b136] [b126] [b115] [b105] [b85] [b68] [b57] [b46]]
(*gitRepo).DescendsFrom, 51, 51, []
medianOrdered[go.shape.string], 22, 22, []
(*HashTrieMap[go.shape.interface {},go.shape.interface {}]).CompareAndSwap, 24, 24, []
(*gitRepo).loadLocalTags.SplitSeq.splitSeq.func1, 27, 13, [[b1] [b2] [b17 b11 b21 b25 b18 b26 b24 b20] [b23] [b27] [b29] [b19] [b3] [b4 b8 b28 b22 b6 b12 b10 b5] [b7] [b9] [b13] [b15]]
bzrParseStat.SplitSeq.splitSeq.func1, 27, 13, [[b1] [b2] [b17 b11 b21 b25 b18 b26 b24 b20] [b23] [b27] [b29] [b19] [b3] [b4 b8 b28 b22 b6 b12 b10 b5] [b7] [b9] [b13] [b15]]
bzrParseStat-range1, 65, 65, []
run.deferwrap1, 7, 7, []
(*HashTrieMap[go.shape.interface {},go.shape.interface {}]).CompareAndSwap.deferwrap1, 7, 7, []
.eq.[4]string, 16, 14, [[b1] [b3] [b2] [b6] [b5] [b8] [b7] [b10] [b9] [b11 b13 b12] [b14] [b16] [b4] [b17]]
.eq.[5]string, 18, 16, [[b1] [b3] [b2] [b6] [b5] [b8] [b7] [b10] [b9] [b12] [b11] [b13 b15 b14] [b16] [b18] [b4] [b19]]
.eq.go.shape.struct { cmd/go/internal/modfetch/codehost.vcs string; cmd/go/internal/modfetch/codehost.remote string; cmd/go/internal/modfetch/codehost.local bool }, 11, 11, []
.eq.[8]string, 21, 15, [[b1] [b2 b4 b9 b6 b3] [b5] [b14] [b13] [b16] [b15] [b17 b19 b18] [b20] [b22] [b7] [b10] [b12] [b8] [b23]]
.eq.[3]string, 14, 12, [[b1] [b3] [b2] [b6] [b5] [b8] [b7] [b9 b11 b10] [b12] [b14] [b4] [b15]]
.eq.[10]string, 19, 13, [[b1] [b2 b4 b9 b6 b3] [b5] [b14] [b13] [b15 b17 b16] [b18] [b20] [b7] [b10] [b12] [b8] [b21]]
.eq.[13]string, 19, 13, [[b1] [b2 b4 b9 b6 b3] [b5] [b14] [b13] [b15 b17 b16] [b18] [b20] [b7] [b10] [b12] [b8] [b21]]
.eq.[7]string, 19, 13, [[b1] [b2 b4 b9 b6 b3] [b5] [b14] [b13] [b15 b17 b16] [b18] [b20] [b7] [b10] [b12] [b8] [b21]]
.eq.cmd/internal/par.errValue[go.shape.ec8e2f145755f72c4fd37068ed10e0fb656542b409c5d0edd1d880d9597c5c31], 10, 10, []
.eq.go.shape.struct { cmd/internal/par.v *cmd/go/internal/modfetch/codehost.RevInfo; cmd/internal/par.err error }, 7, 7, []
.eq.go.shape.struct { cmd/internal/par.v go.shape.ec8e2f145755f72c4fd37068ed10e0fb656542b409c5d0edd1d880d9597c5c31; cmd/internal/par.err error }, 10, 10, []
.eq.cmd/internal/par.errValue[go.shape.*uint8], 7, 7, []
.eq.go.shape.struct { cmd/internal/par.v cmd/go/internal/modfetch/codehost.Repo; cmd/internal/par.err error }, 10, 10, []
.eq.go.shape.struct { cmd/internal/par.v go.shape.*uint8; cmd/internal/par.err error }, 7, 7, []
.eq.[16]sync/atomic.Pointer[go.shape.struct { internal/sync.isEntry bool }], 6, 4, [[b1] [b2 b4 b3] [b9] [b8]]
.eq.[3]interface {}, 10, 7, [[b1] [b2 b4 b8 b3] [b5] [b7] [b6] [b9] [b10]]
.eq.[10]interface {}, 10, 7, [[b1] [b2 b4 b8 b3] [b5] [b7] [b6] [b9] [b10]]
.eq.[2]interface {}, 10, 7, [[b1] [b2 b4 b8 b3] [b5] [b7] [b6] [b9] [b10]]
.eq.cmd/internal/par.cacheEntry[go.shape.struct { cmd/internal/par.v go.shape.ec8e2f145755f72c4fd37068ed10e0fb656542b409c5d0edd1d880d9597c5c31; cmd/internal/par.err error }], 18, 18, []
.eq.cmd/internal/par.cacheEntry[go.shape.struct { cmd/internal/par.v go.shape.*uint8; cmd/internal/par.err error }], 16, 16, []
.eq.cmd/internal/par.cacheEntry[go.shape.struct { cmd/internal/par.v cmd/go/internal/modfetch/codehost.Repo; cmd/internal/par.err error }], 18, 18, []
.eq.cmd/internal/par.cacheEntry[go.shape.struct { cmd/internal/par.v *cmd/go/internal/modfetch/codehost.RevInfo; cmd/internal/par.err error }], 16, 16, []
.eq.[9]interface {}, 10, 7, [[b1] [b2 b4 b8 b3] [b5] [b7] [b6] [b9] [b10]]
.eq.[8]interface {}, 10, 7, [[b1] [b2 b4 b8 b3] [b5] [b7] [b6] [b9] [b10]]
.eq.[7]interface {}, 10, 7, [[b1] [b2 b4 b8 b3] [b5] [b7] [b6] [b9] [b10]]
.eq.[4]interface {}, 10, 7, [[b1] [b2 b4 b8 b3] [b5] [b7] [b6] [b9] [b10]]
.eq.[6]interface {}, 10, 7, [[b1] [b2 b4 b8 b3] [b5] [b7] [b6] [b9] [b10]]
.eq.[11]interface {}, 10, 7, [[b1] [b2 b4 b8 b3] [b5] [b7] [b6] [b9] [b10]]
.eq.[5]interface {}, 10, 7, [[b1] [b2 b4 b8 b3] [b5] [b7] [b6] [b9] [b10]]
.eq.internal/sync.entry[go.shape.interface {},go.shape.interface {}], 15, 15, []
.eq.go.shape.struct { internal/sync.node = internal/sync.node[go.shape.interface {},go.shape.interface {}]; internal/sync.overflow sync/atomic.Pointer[internal/sync.entry[go.shape.interface {},go.shape.interface {}]]; internal/sync.key go.shape.interface {}; internal/sync.value go.shape.interface {} }, 15, 15, []
.eq.go.shape.struct { internal/sync.node = internal/sync.node[interface {},interface {}]; internal/sync.overflow sync/atomic.Pointer[internal/sync.entry[interface {},interface {}]]; internal/sync.key interface {}; internal/sync.value interface {} }, 15, 15, []
.eq.[6]string, 17, 11, [[b1] [b2 b4 b9 b6 b3] [b5] [b13 b15 b14] [b16] [b18] [b7] [b10] [b12] [b8] [b19]]
.eq.[2]string, 12, 10, [[b1] [b3] [b2] [b6] [b5] [b7 b9 b8] [b10] [b12] [b4] [b13]]
.eq.go.shape.struct { internal/sync.node = internal/sync.node[interface {},interface {}]; internal/sync.dead sync/atomic.Bool; internal/sync.mu internal/sync.Mutex; internal/sync.parent *internal/sync.indirect[interface {},interface {}]; internal/sync.children [16]sync/atomic.Pointer[internal/sync.node[interface {},interface {}]] }, 13, 13, []
.eq.internal/sync.indirect[go.shape.interface {},go.shape.interface {}], 13, 13, []
.eq.go.shape.struct { internal/sync.node = internal/sync.node[go.shape.interface {},go.shape.interface {}]; internal/sync.dead sync/atomic.Bool; internal/sync.mu internal/sync.Mutex; internal/sync.parent *internal/sync.indirect[go.shape.interface {},go.shape.interface {}]; internal/sync.children [16]sync/atomic.Pointer[go.shape.struct { internal/sync.isEntry bool }] }, 13, 13, []
