isEphemeralError, 4, 4, []
AsType[go.shape.uintptr], 3, 3, []
.eq.struct { Cache *struct { Mask uintptr; Entries [1]struct { Typ uintptr; Itab uintptr } }; Inter *struct { Type struct { Size_ uintptr; PtrBytes uintptr; Hash uint32; TFlag uint8; Align_ uint8; FieldAlign_ uint8; Kind_ uint8; Equal unsafe.Pointer; GCData *uint8; Str int32; PtrToThis int32 }; PkgPath struct { Bytes *uint8 }; Methods []struct { Name int32; Typ int32 } }; CanFail bool }, 6, 6, []
readFile.func1, 9, 9, []
removeAll.func1, 4, 4, []
retry, 24, 6, [[b1] [b3 b4 b23 b25 b21 b24 b14 b13 b12 b15 b16 b26 b22 b20 b19 b10 b11 b8 b6] [b17] [b18] [b9] [b5]]
rename.func1, 4, 4, []
asType[go.shape.uintptr], 46, 13, [[b1] [b3 b4 b45 b32 b33 b34 b35 b36 b29 b23 b18 b6 b26 b13 b24 b11 b16 b17 b25 b20 b9 b14 b15 b19 b47 b21 b12 b8 b22] [b30] [b40] [b37] [b31] [b46] [b49 b51 b54 b55 b50 b53] [b52] [b56] [b48] [b27] [b10]]
