NewGraph, 13, 6, [[b8] [b4] [b15] [b14] [b9 b11 b2 b5 b10 b1 b13 b17] [b12]]
(*Work[go.shape.struct { Path string; Version string "json:\",omitempty\"" }]).Add, 34, 34, []
(*Graph).Require, 20, 10, [[b1] [b4] [b12] [b13] [b8] [b25] [b24] [b17 b19 b6 b14 b21 b3 b23 b9 b22 b27 b18] [b20] [b15]]
Upgrade, 53, 31, [[b1] [b2] [b43] [b5] [b4] [b6 b8] [b9] [b12] [b11] [b10] [b13 b15 b34 b36 b49 b33 b50 b35 b22 b23 b17 b44 b7 b14 b48 b21 b20 b45 b19 b18] [b16] [b47] [b26] [b32] [b24] [b25] [b27 b46 b28] [b30] [b29] [b31] [b53] [b41] [b42] [b52] [b39] [b40] [b51] [b37] [b38] [b3]]
(*Graph).BuildList, 39, 10, [[b1] [b20] [b3] [b2] [b4 b6 b9 b13 b5 b18 b23 b22 b30 b29 b12 b25 b11 b10 b17 b24 b8 b14 b16 b15] [b7] [b26 b28 b35 b19 b27 b39 b21 b33 b36 b32 b31] [b34] [b37] [b38]]
buildList, 31, 25, [[b1] [b35] [b52] [b50] [b2 b4] [b5] [b31] [b48] [b46] [b6] [b7] [b8] [b9] [b16] [b19] [b22 b24 b49 b43 b37 b33] [b51] [b47] [b45] [b41] [b39] [b53] [b10] [b13] [b12]]
Req, 52, 19, [[b4] [b48] [b24] [b22] [b7] [b9 b18 b49 b21 b11] [b13] [b50] [b14] [b12] [b15 b17 b16] [b23] [b25 b27 b30 b5 b26 b51 b8 b32 b19 b31 b29] [b28] [b33 b35 b40 b42 b10 b2 b46 b3 b37 b41 b39 b52 b1 b34 b45 b47 b44 b43] [b36] [b38] [b20] [b6]]
Downgrade, 128, 63, [[b2] [b114] [b106] [b92] [b4] [b5] [b7 b68 b8] [b10] [b9] [b11] [b14] [b17] [b18] [b20 b76 b115 b91 b22] [b23] [b24 b26 b66 b69 b28 b116 b71 b29 b33 b25 b64 b63 b127 b128] [b42] [b117] [b67] [b65] [b43 b45 b62 b36 b70 b119 b37 b59 b73 b61 b60 b58 b41 b72 b55 b57 b53 b54 b50 b56 b51 b47 b89 b81 b48 b44 b49 b38 b100] [b46] [b118] [b40] [b39] [b74] [b75] [b77 b32 b78] [b80] [b79] [b83] [b121] [b27] [b19] [b120] [b35] [b34] [b84] [b31] [b87] [b86] [b88 b12 b122 b16 b90] [b94] [b96 b98 b30 b93 b97 b124 b95 b103 b21 b102 b101] [b99] [b123] [b1] [b112] [b104] [b105] [b107 b6 b108] [b110] [b109] [b113] [b126] [b3] [b111] [b125] [b82] [b15] [b85] [b52] [b13]]
(*Work[go.shape.struct { Path string; Version string "json:\",omitempty\"" }]).runner, 32, 11, [[b1] [b3 b4 b28 b40 b38 b36 b37 b34 b31 b29 b32 b30 b16 b13 b12 b15 b10 b9 b14 b8 b6 b7] [b27] [b33] [b18] [b20] [b19] [b21] [b26] [b23] [b25]]
(*Work[go.shape.struct { Path string; Version string "json:\",omitempty\"" }]).init, 7, 7, []
(*BuildListError).Module, 3, 3, []
Upgrade.func1, 3, 3, []
(*Graph).BuildList.ModSort.func1, 25, 25, []
buildList.func4, 11, 11, []
Req.func3, 5, 5, []
Downgrade.func2, 27, 16, [[b1] [b2] [b22] [b5] [b4] [b23] [b21] [b8] [b10] [b12 b7 b26 b19 b14 b25 b20 b16 b27 b6 b13 b18] [b15] [b17] [b11] [b24] [b9] [b3]]
Downgrade.func1, 6, 5, [[b1] [b2] [b4 b6] [b7] [b3]]
Req.func2, 6, 5, [[b1] [b2] [b4 b6] [b7] [b3]]
Req.func1, 22, 20, [[b1] [b2] [b4] [b20] [b10] [b14] [b6 b8 b7] [b9] [b19] [b12] [b21] [b15] [b16] [b13] [b22] [b17] [b18] [b11] [b5] [b3]]
buildList.func2, 53, 52, [[b1] [b11] [b9] [b5] [b7] [b3] [b2] [b4] [b14] [b16] [b17] [b15] [b13] [b21] [b20] [b22] [b23] [b24] [b26] [b6] [b28] [b51] [b30] [b19] [b27] [b47] [b33] [b44] [b32] [b42] [b31] [b25] [b34] [b53] [b10] [b8] [b52] [b18] [b12] [b38] [b37] [b36] [b35] [b29] [b40] [b39] [b41] [b50] [b43] [b45] [b46 b48] [b49]]
buildList.func1, 11, 11, []
Equal[go.shape.[]cmd/vendor/golang.org/x/mod/module.Version,go.shape.struct { Path string; Version string "json:\",omitempty\"" }], 15, 10, [[b1] [b2] [b4 b6 b31 b25 b19 b15] [b7] [b29] [b27] [b23] [b21] [b9] [b3]]
NewBuildListError, 26, 14, [[b1] [b2 b17 b20 b21 b4 b18 b16 b14 b12 b13 b8 b6 b3] [b5] [b23] [b22] [b7] [b24] [b25] [b26] [b9] [b19] [b10] [b15] [b11]]
(*Work[cmd/vendor/golang.org/x/mod/module.Version]).init, 7, 7, []
UpgradeAll, 15, 13, [[b2] [b14] [b1] [b3] [b4] [b5] [b7 b13 b8] [b10] [b9] [b6] [b15] [b11] [b12]]
(*override).Required, 10, 10, []
.eq.struct { Cache *struct { Mask uintptr; Entries [1]struct { Typ uintptr; Itab uintptr } }; Inter *struct { Type struct { Size_ uintptr; PtrBytes uintptr; Hash uint32; TFlag uint8; Align_ uint8; FieldAlign_ uint8; Kind_ uint8; Equal unsafe.Pointer; GCData *uint8; Str int32; PtrToThis int32 }; PkgPath struct { Bytes *uint8 }; Methods []struct { Name int32; Typ int32 } }; CanFail bool }, 6, 6, []
(*Graph).WalkBreadthFirst, 41, 5, [[b2] [b4 b6 b48 b49 b17 b34 b51 b5 b20 b42 b23 b24 b9 b21 b31 b26 b46 b44 b19] [b7] [b25 b27 b36 b35 b38 b22 b45 b15 b40 b30 b47 b37 b41 b55 b10 b54 b53 b13 b11] [b28]]
(*Graph).FindPath, 57, 18, [[b2] [b4 b39 b29 b41 b6] [b7] [b8 b10 b45 b44 b47 b16 b36 b15 b46 b5 b21 b48 b57 b49 b52 b14 b55 b56 b50 b53 b9 b40 b51] [b11] [b20] [b27] [b19] [b17] [b23 b12 b22 b13 b24 b54 b28 b26] [b25] [b30 b1 b18 b3 b32 b34 b31] [b33] [b38] [b42] [b43] [b35] [b37]]
.eq.cmd/go/internal/mvs.buildListErrorElem, 14, 14, []
(*Graph).Selected, 3, 3, []
(*Work[go.shape.struct { Path string; Version string "json:\",omitempty\"" }]).Do, 14, 10, [[b1] [b2] [b4] [b13] [b7] [b10] [b6 b12 b14 b11 b8] [b9] [b5] [b3]]
UpgradeAll.func1, 6, 6, []
Equal[[]cmd/vendor/golang.org/x/mod/module.Version,cmd/vendor/golang.org/x/mod/module.Version], 16, 11, [[b1] [b2] [b5 b7 b32 b26 b20 b16] [b8] [b30] [b28] [b24] [b22] [b10] [b3] [b4]]
(*BuildListError).Error, 59, 56, [[b1] [b2 b4 b6] [b16] [b5] [b30] [b32 b34] [b38] [b41] [b40] [b42] [b45] [b29] [b66] [b67] [b44] [b48] [b50] [b49] [b14] [b56] [b10] [b55] [b7] [b54] [b46] [b53] [b33] [b62] [b63] [b52] [b39] [b58] [b59] [b51] [b43] [b35] [b15] [b20] [b28] [b70] [b65] [b19] [b21] [b23] [b26] [b25] [b27] [b13] [b61] [b57] [b69] [b75] [b72] [b74] [b73] [b22]]
.eq.go.shape.struct { Path string; Version string "json:\",omitempty\"" }, 9, 9, []
.eq.[1]cmd/vendor/golang.org/x/mod/module.Version, 10, 10, []
.eq.[2]interface {}, 10, 7, [[b1] [b2 b4 b8 b3] [b5] [b7] [b6] [b9] [b10]]
.eq.[3]interface {}, 10, 7, [[b1] [b2 b4 b8 b3] [b5] [b7] [b6] [b9] [b10]]
