(*HashTrieMap[go.shape.interface {},go.shape.interface {}]).LoadAndDelete, 62, 42, [[b2] [b45] [b4] [b6] [b8] [b63] [b10] [b12] [b11] [b13] [b61] [b15] [b16] [b9] [b7] [b18] [b19] [b21] [b23] [b22] [b24] [b52] [b26] [b27] [b20] [b37] [b38 b40 b46 b71 b69 b67 b68 b66 b60 b59 b58 b56 b57 b54 b39 b42 b62 b53 b44 b43 b50] [b41] [b74] [b73] [b75] [b76] [b77] [b78] [b55] [b30] [b32] [b31] [b33] [b49] [b35] [b36]]
(*HashTrieMap[go.shape.interface {},go.shape.interface {}]).CompareAndSwap, 24, 24, []
(*HashTrieMap[go.shape.interface {},go.shape.interface {}]).initSlow, 18, 18, []
medianOrdered[go.shape.string], 22, 22, []
(*HashTrieMap[go.shape.interface {},go.shape.interface {}]).Swap, 46, 20, [[b2] [b19] [b4] [b6] [b11 b9 b55 b44 b42 b40 b41 b38 b35 b15 b37 b33 b60 b59 b32 b30 b29 b28 b26 b27 b24 b54 b22 b17 b16 b12 b14] [b25] [b10] [b58] [b47] [b49] [b50] [b51] [b57] [b53] [b64] [b63] [b61] [b62] [b65] [b56]]
(*HashTrieMap[go.shape.interface {},go.shape.interface {}]).CompareAndDelete, 64, 44, [[b2] [b47] [b4] [b5] [b7] [b8] [b10] [b65] [b12] [b14] [b13] [b15] [b63] [b17] [b18] [b11] [b9] [b20] [b21] [b23] [b25] [b24] [b26] [b54] [b28] [b29] [b22] [b39] [b40 b42 b48 b73 b71 b69 b70 b68 b62 b61 b60 b58 b59 b56 b41 b44 b64 b55 b46 b45 b52] [b43] [b76] [b75] [b77] [b78] [b79] [b80] [b57] [b32] [b34] [b33] [b35] [b51] [b37] [b38]]
listTools, 77, 18, [[b3] [b4] [b11] [b20 b22 b149 b152 b78 b113 b142 b89 b83 b82 b81 b116 b115 b95 b94 b144 b79 b91 b102 b114 b129 b70 b60 b58 b109 b107 b140 b138 b76 b87 b99 b126 b55 b51 b104 b103 b93 b92 b85 b97 b124 b50 b120 b118 b117 b112 b105 b46 b43 b25 b24 b41 b132 b131 b130 b122 b39 b21 b35] [b23] [b154] [b153] [b156] [b157 b159] [b166] [b12] [b134] [b14] [b19] [b5] [b136] [b7] [b10]]
(*HashTrieMap[go.shape.interface {},go.shape.interface {}]).LoadOrStore, 65, 25, [[b2] [b20] [b4] [b6] [b11 b9 b19 b59 b57 b55 b56 b53 b50 b31 b52 b48 b29 b22 b47 b45 b44 b43 b41 b42 b39 b15 b78 b18 b33 b12 b16 b24 b14 b23 b26 b17 b77 b37 b25 b30] [b40] [b10] [b81] [b62] [b64] [b65] [b66 b68 b83 b82 b67 b72] [b69] [b71] [b73] [b75] [b80] [b76] [b87] [b86] [b84] [b85] [b88] [b79] [b35]]
newIndirectNode[go.shape.interface {},go.shape.interface {}], 4, 4, []
(*HashTrieMap[go.shape.interface {},go.shape.interface {}]).CompareAndSwap.deferwrap1, 7, 7, []
(*HashTrieMap[go.shape.interface {},go.shape.interface {}]).initSlow.deferwrap1, 7, 7, []
(*HashTrieMap[go.shape.interface {},go.shape.interface {}]).find, 42, 8, [[b1] [b6 b4 b15 b59 b57 b55 b56 b53 b31 b17 b49 b48 b50 b45 b44 b43 b41 b42 b39 b25 b14 b27 b37 b24 b32 b29 b20 b26 b19 b18 b21 b12 b11 b7 b9] [b40] [b13] [b35] [b60] [b10] [b54]]
(*HashTrieMap[go.shape.interface {},go.shape.interface {}]).Swap.deferwrap1, 7, 7, []
Keys[go.shape.map[string]bool,go.shape.string,go.shape.bool], 4, 4, []
listTools.Keys[go.shape.map[string]bool,go.shape.string,go.shape.bool].func1, 6, 4, [[b1] [b2 b4 b3] [b5] [b7]]
(*HashTrieMap[go.shape.interface {},go.shape.interface {}]).LoadOrStore.deferwrap1, 7, 7, []
listTools.deferwrap1, 4, 4, []
(*HashTrieMap[go.shape.interface {},go.shape.interface {}]).init, 4, 4, []
newEntryNode[go.shape.interface {},go.shape.interface {}], 4, 4, []
isGccgoTool, 32, 32, []
order2Ordered[go.shape.string], 7, 7, []
Keys[go.shape.map[string]bool,go.shape.string,go.shape.bool].func1, 6, 4, [[b1] [b2 b4 b3] [b5] [b7]]
(*node[go.shape.interface {},go.shape.interface {}]).indirect, 3, 3, []
(*node[go.shape.interface {},go.shape.interface {}]).entry, 3, 3, []
(*entry[go.shape.interface {},go.shape.interface {}]).lookupWithValue, 14, 4, [[b1] [b2 b4 b15 b13 b11 b8 b7 b3 b10 b12 b9] [b5] [b14]]
(*entry[go.shape.interface {},go.shape.interface {}]).lookup, 9, 4, [[b1] [b2 b4 b9 b6 b3 b8] [b5] [b7]]
breakPatternsOrdered[go.shape.string], 17, 8, [[b1] [b18] [b6] [b7 b19 b3 b21 b9 b14 b12 b16 b13 b11] [b10] [b2] [b15] [b17]]
(*HashTrieMap[go.shape.interface {},go.shape.interface {}]).iter, 16, 5, [[b1] [b2 b4 b10 b16 b24 b8 b15 b21 b9 b20 b23 b22] [b5] [b17] [b26]]
siftDownOrdered[go.shape.string], 22, 8, [[b1] [b3 b49 b44 b51 b4 b41 b27 b25 b48 b26 b46 b8 b6 b10 b9] [b11] [b13] [b28] [b30] [b43] [b5]]
insertionSortOrdered[go.shape.string], 21, 7, [[b1] [b2 b4 b10 b31 b26 b6 b12 b3 b32 b11 b29 b34 b8 b27 b7] [b5] [b13] [b15] [b28] [b30]]
buildAndRunModtool, 4, 4, []
buildAndRunBuiltinTool, 4, 4, []
(*indirect[go.shape.interface {},go.shape.interface {}]).empty, 4, 3, [[b1] [b2 b8] [b5]]
reverseRangeOrdered[go.shape.string], 11, 5, [[b1] [b2 b11 b10 b13 b4 b6 b3] [b5] [b7] [b9]]
pdqsortOrdered[go.shape.string], 45, 9, [[b1] [b3 b4 b53 b54 b35 b55 b56 b22 b51 b52 b31 b37 b39 b33 b36 b25 b23 b49 b32 b29 b27 b12 b43 b26 b10 b14 b50 b11 b13 b44 b8 b20 b45 b6 b16 b18 b15] [b38] [b40] [b34] [b19] [b21] [b9] [b7]]
(*HashTrieMap[interface {},interface {}]).init, 4, 4, []
partitionEqualOrdered[go.shape.string], 34, 14, [[b1] [b3] [b2] [b5] [b8] [b54] [b65] [b63] [b11 b48 b47 b49 b12 b58 b56 b38 b39 b60 b55 b35 b41 b17 b37 b18 b62 b34 b14 b20 b16] [b23] [b44] [b59] [b61] [b13]]
partialInsertionSortOrdered[go.shape.string], 51, 10, [[b1] [b2 b4 b97 b75 b39 b89 b92 b93 b44 b72 b90 b98 b91 b61 b71 b83 b73 b82 b100 b41 b59 b76 b84 b37 b40 b94 b74 b31 b78 b96 b29 b43 b27 b9 b10 b95 b26 b6 b12 b3 b8 b11] [b5] [b13] [b15] [b32] [b34] [b77] [b30] [b28]]
buildAndRunModtool.func1, 9, 9, []
buildAndRunBuiltinTool.func1, 9, 9, []
.eq.cmd/internal/par.errValue[*cmd/go/internal/modload.modFileSummary], 7, 7, []
(*HashTrieMap[go.shape.interface {},go.shape.interface {}]).All, 7, 7, []
loadBuiltinTool, 48, 38, [[b1] [b2 b4 b13 b18 b20 b10 b15 b17 b7 b8 b3] [b25] [b28] [b27] [b104] [b38] [b106] [b43] [b98] [b42] [b100] [b55] [b102] [b66] [b54] [b69] [b114] [b112] [b108] [b92] [b110] [b93] [b90] [b91] [b81] [b94] [b85] [b96] [b71] [b68] [b72] [b87] [b40] [b41] [b117] [b118] [b24]]
runBuiltTool, 49, 49, []
.eq.cmd/internal/par.cacheEntry[error], 13, 13, []
.eq.[16]sync/atomic.Pointer[internal/sync.node[interface {},interface {}]], 6, 4, [[b1] [b2 b4 b3] [b9] [b8]]
AppendSeq[go.shape.[]go.shape.string,go.shape.string], 9, 9, []
.eq.cmd/internal/par.errValue[string], 10, 10, []
.eq.cmd/internal/par.cacheEntry[cmd/internal/par.errValue[*cmd/go/internal/modload.modFileSummary]], 16, 16, []
.eq.cmd/internal/par.cacheEntry[cmd/internal/par.errValue[string]], 18, 18, []
.eq.cmd/internal/par.cacheEntry[cmd/go/internal/modfetch.Repo], 13, 13, []
runBuiltTool.func1, 4, 3, [[b1] [b2 b4] [b5]]
.eq.internal/sync.entry[interface {},interface {}], 15, 15, []
Keys[map[string]bool,string,bool], 4, 4, []
AppendSeq[go.shape.[]go.shape.string,go.shape.string]-range1, 12, 12, []
(*struct { internal/sync.node = internal/sync.node[go.shape.interface {},go.shape.interface {}]; internal/sync.overflow sync/atomic.Pointer[internal/sync.entry[go.shape.interface {},go.shape.interface {}]]; internal/sync.key go.shape.interface {}; internal/sync.value go.shape.interface {} }).internal/sync.entry, 3, 3, []
.eq.cmd/internal/par.cacheEntry[string], 12, 12, []
(*struct { internal/sync.node = internal/sync.node[go.shape.interface {},go.shape.interface {}]; internal/sync.dead sync/atomic.Bool; internal/sync.mu internal/sync.Mutex; internal/sync.parent *internal/sync.indirect[go.shape.interface {},go.shape.interface {}]; internal/sync.children [16]sync/atomic.Pointer[go.shape.struct { internal/sync.isEntry bool }] }).internal/sync.indirect, 3, 3, []
.eq.internal/sync.indirect[interface {},interface {}], 13, 13, []
(*struct { internal/sync.node = internal/sync.node[go.shape.interface {},go.shape.interface {}]; internal/sync.overflow sync/atomic.Pointer[internal/sync.entry[go.shape.interface {},go.shape.interface {}]]; internal/sync.key go.shape.interface {}; internal/sync.value go.shape.interface {} }).internal/sync.indirect, 3, 3, []
(*struct { internal/sync.node = internal/sync.node[go.shape.interface {},go.shape.interface {}]; internal/sync.dead sync/atomic.Bool; internal/sync.mu internal/sync.Mutex; internal/sync.parent *internal/sync.indirect[go.shape.interface {},go.shape.interface {}]; internal/sync.children [16]sync/atomic.Pointer[go.shape.struct { internal/sync.isEntry bool }] }).internal/sync.entry, 3, 3, []
Keys[map[string]bool,string,bool].Keys[go.shape.map[string]bool,go.shape.string,go.shape.bool].func1, 6, 4, [[b1] [b2 b4 b3] [b5] [b7]]
(*indirect[go.shape.interface {},go.shape.interface {}]).indirect, 3, 3, []
(*indirect[go.shape.interface {},go.shape.interface {}]).entry, 3, 3, []
(*entry[go.shape.interface {},go.shape.interface {}]).entry, 3, 3, []
(*ErrCache[go.shape.struct { Path string; Version string "json:\",omitempty\"" },go.shape.string]).Get, 4, 4, []
(*ErrCache[go.shape.struct { Path string; Version string "json:\",omitempty\"" },go.shape.*uint8]).Get, 4, 4, []
(*node[interface {},interface {}]).entry, 3, 3, []
(*node[interface {},interface {}]).indirect, 3, 3, []
(*entry[go.shape.interface {},go.shape.interface {}]).indirect, 3, 3, []
builtTool, 8, 8, []
heapSortOrdered[go.shape.string], 14, 7, [[b1] [b2 b4] [b5] [b6 b15 b14 b17 b8 b10 b7] [b9] [b11] [b13]]
choosePivotOrdered[go.shape.string], 11, 11, []
partitionOrdered[go.shape.string], 69, 39, [[b1] [b3] [b2] [b5] [b8] [b120] [b133] [b131] [b10 b12 b14 b130 b30 b15] [b17] [b13] [b31 b33 b35 b128 b51 b36] [b38] [b34] [b52] [b63] [b62] [b65] [b68] [b107] [b123] [b109] [b71 b104 b103 b108 b72 b118 b116 b98 b99 b122 b115 b95 b100 b77 b97 b78 b126 b94 b74 b79 b76] [b81] [b102] [b119] [b121] [b73] [b127] [b132] [b101] [b88] [b87] [b53] [b55] [b60] [b114] [b129] [b125]]
(*indirect[interface {},interface {}]).empty, 4, 3, [[b1] [b2 b8] [b11]]
.eq.cmd/go/internal/tool.jsonResult·1, 15, 15, []
(*HashTrieMap[go.shape.interface {},go.shape.interface {}]).Range, 4, 4, []
(*entry[go.shape.interface {},go.shape.interface {}]).compareAndSwap, 27, 20, [[b1] [b24] [b3] [b25] [b6] [b4] [b14] [b15 b17 b22 b19 b12 b21 b20 b16] [b18] [b29] [b8] [b27] [b26] [b10] [b9] [b30] [b28] [b23] [b13] [b11]]
(*entry[go.shape.interface {},go.shape.interface {}]).compareAndDelete, 18, 11, [[b1] [b21] [b3] [b22] [b4] [b24] [b10] [b11 b13 b20 b19 b18 b17 b16 b12] [b14] [b23] [b9]]
(*entry[interface {},interface {}]).indirect, 3, 3, []
(*indirect[interface {},interface {}]).indirect, 3, 3, []
(*struct { internal/sync.node = internal/sync.node[interface {},interface {}]; internal/sync.dead sync/atomic.Bool; internal/sync.mu internal/sync.Mutex; internal/sync.parent *internal/sync.indirect[interface {},interface {}]; internal/sync.children [16]sync/atomic.Pointer[internal/sync.node[interface {},interface {}]] }).internal/sync.entry, 3, 3, []
(*entry[go.shape.interface {},go.shape.interface {}]).loadAndDelete, 14, 9, [[b1] [b16] [b4] [b14] [b6] [b7 b9 b12 b11 b8 b13] [b10] [b15] [b5]]
(*struct { internal/sync.node = internal/sync.node[interface {},interface {}]; internal/sync.dead sync/atomic.Bool; internal/sync.mu internal/sync.Mutex; internal/sync.parent *internal/sync.indirect[interface {},interface {}]; internal/sync.children [16]sync/atomic.Pointer[internal/sync.node[interface {},interface {}]] }).internal/sync.indirect, 3, 3, []
(*HashTrieMap[go.shape.interface {},go.shape.interface {}]).expand, 14, 9, [[b1] [b5] [b18] [b20] [b16] [b7 b22 b15 b13 b8 b10] [b9] [b11] [b4]]
(*struct { internal/sync.node = internal/sync.node[interface {},interface {}]; internal/sync.overflow sync/atomic.Pointer[internal/sync.entry[interface {},interface {}]]; internal/sync.key interface {}; internal/sync.value interface {} }).internal/sync.entry, 3, 3, []
Collect[go.shape.string], 6, 6, []
(*struct { internal/sync.node = internal/sync.node[interface {},interface {}]; internal/sync.overflow sync/atomic.Pointer[internal/sync.entry[interface {},interface {}]]; internal/sync.key interface {}; internal/sync.value interface {} }).internal/sync.indirect, 3, 3, []
(*indirect[interface {},interface {}]).entry, 3, 3, []
(*entry[interface {},interface {}]).entry, 3, 3, []
(*entry[interface {},interface {}]).lookup, 10, 5, [[b1] [b2 b4 b10 b6 b3 b8] [b5] [b7] [b9]]
(*entry[go.shape.interface {},go.shape.interface {}]).swap, 23, 18, [[b1] [b15] [b4] [b8] [b10] [b11 b13 b5 b3 b12 b17] [b14] [b21] [b23] [b19] [b18] [b6] [b2] [b22] [b20] [b16] [b9] [b7]]
buildAndRunTool, 18, 18, []
(*entry[interface {},interface {}]).lookupWithValue, 15, 5, [[b1] [b2 b4 b8 b16 b10 b13 b7 b11 b12 b3 b9] [b5] [b14] [b15]]
Collect[go.shape.string].AppendSeq[go.shape.[]go.shape.string,go.shape.string]-range1, 12, 12, []
loadModTool, 43, 16, [[b2] [b5] [b4] [b6] [b7 b9 b27 b29 b13 b42 b31 b3 b17 b21 b12 b18 b16 b14 b24 b25 b8 b15 b19 b23 b11 b39 b40 b37 b35 b22 b20] [b10] [b26] [b41] [b32] [b34 b36] [b38] [b43] [b1] [b33] [b30] [b28]]
(*HashTrieMap[go.shape.interface {},go.shape.interface {}]).Clear, 4, 4, []
(*Cache[go.shape.struct { Path string; Version string "json:\",omitempty\"" },go.shape.struct { cmd/internal/par.v *cmd/go/internal/modload.modFileSummary; cmd/internal/par.err error }]).Get, 7, 7, []
(*Cache[go.shape.string,go.shape.string]).Do, 27, 27, []
(*Cache[go.shape.struct { Path string; Version string "json:\",omitempty\"" },go.shape.struct { cmd/internal/par.v string; cmd/internal/par.err error }]).Do, 27, 27, []
buildAndRunTool.func1, 4, 4, []
(*Cache[go.shape.struct { Path string; Version string "json:\",omitempty\"" },go.shape.struct { cmd/internal/par.v *cmd/go/internal/modload.modFileSummary; cmd/internal/par.err error }]).Do, 27, 27, []
(*Cache[go.shape.struct { cmd/go/internal/modfetch.proxy string; cmd/go/internal/modfetch.path string },go.shape.interface { CheckReuse(context.Context, *cmd/go/internal/modfetch/codehost.Origin) error; GoMod(context.Context, string) ([]uint8, error); Latest(context.Context) (*cmd/go/internal/modfetch.RevInfo, error); ModulePath() string; Stat(context.Context, string) (*cmd/go/internal/modfetch.RevInfo, error); Versions(context.Context, string) (*cmd/go/internal/modfetch.Versions, error); Zip(context.Context, io.Writer, string) error }]).Do, 27, 27, []
(*Cache[go.shape.struct { cmd/go/internal/modfetch.proxy string; cmd/go/internal/modfetch.path string },go.shape.interface { CheckReuse(context.Context, *cmd/go/internal/modfetch/codehost.Origin) error; GoMod(context.Context, string) ([]uint8, error); Latest(context.Context) (*cmd/go/internal/modfetch.RevInfo, error); ModulePath() string; Stat(context.Context, string) (*cmd/go/internal/modfetch.RevInfo, error); Versions(context.Context, string) (*cmd/go/internal/modfetch.Versions, error); Zip(context.Context, io.Writer, string) error }]).Get, 7, 7, []
(*Cache[go.shape.struct { Path string; Version string "json:\",omitempty\"" },go.shape.struct { cmd/internal/par.v go.shape.*uint8; cmd/internal/par.err error }]).Get, 7, 7, []
(*Cache[go.shape.string,go.shape.interface { Error() string }]).Do, 27, 27, []
(*Cache[go.shape.string,go.shape.interface { Error() string }]).Get, 7, 7, []
(*Cache[go.shape.struct { Path string; Version string "json:\",omitempty\"" },go.shape.struct { cmd/internal/par.v go.shape.*uint8; cmd/internal/par.err error }]).Do, 27, 27, []
(*Cache[go.shape.struct { Path string; Version string "json:\",omitempty\"" },go.shape.struct { cmd/internal/par.v go.shape.string; cmd/internal/par.err error }]).Do, 27, 27, []
(*Cache[go.shape.struct { Path string; Version string "json:\",omitempty\"" },go.shape.struct { cmd/internal/par.v go.shape.string; cmd/internal/par.err error }]).Get, 7, 7, []
(*Cache[go.shape.struct { Path string; Version string "json:\",omitempty\"" },go.shape.struct { cmd/internal/par.v string; cmd/internal/par.err error }]).Get, 7, 7, []
(*Cache[go.shape.string,go.shape.string]).Get, 7, 7, []
(*HashTrieMap[go.shape.interface {},go.shape.interface {}]).Load, 22, 13, [[b2] [b18] [b4] [b7] [b8 b10 b15 b14 b9] [b11] [b13] [b16] [b21] [b22 b24 b17 b32 b23 b28] [b25] [b27] [b29]]
Sorted[go.shape.string], 6, 6, []
impersonateDistList, 40, 17, [[b2] [b39] [b17] [b20] [b3] [b6] [b9] [b10 b12 b18 b21 b14 b19 b16 b11] [b13] [b8] [b22 b24 b30 b31 b27 b4 b32 b26 b29 b40 b33 b15 b5 b36 b1 b35 b34] [b25] [b37] [b38] [b28] [b23] [b7]]
runTool, 36, 36, []
Sorted[go.shape.string].Collect[go.shape.string].AppendSeq[go.shape.[]go.shape.string,go.shape.string]-range1, 12, 12, []
.eq.go.shape.struct { Path string; Version string "json:\",omitempty\"" }, 9, 9, []
.eq.[2]string, 12, 10, [[b1] [b3] [b2] [b6] [b5] [b7 b9 b8] [b10] [b12] [b4] [b13]]
.eq.go.shape.struct { internal/sync.node = internal/sync.node[interface {},interface {}]; internal/sync.dead sync/atomic.Bool; internal/sync.mu internal/sync.Mutex; internal/sync.parent *internal/sync.indirect[interface {},interface {}]; internal/sync.children [16]sync/atomic.Pointer[internal/sync.node[interface {},interface {}]] }, 13, 13, []
.eq.go.shape.struct { cmd/go/internal/modfetch.proxy string; cmd/go/internal/modfetch.path string }, 9, 9, []
.eq.cmd/internal/par.cacheEntry[go.shape.string], 12, 12, []
.eq.internal/sync.indirect[go.shape.interface {},go.shape.interface {}], 13, 13, []
.eq.go.shape.struct { internal/sync.node = internal/sync.node[go.shape.interface {},go.shape.interface {}]; internal/sync.dead sync/atomic.Bool; internal/sync.mu internal/sync.Mutex; internal/sync.parent *internal/sync.indirect[go.shape.interface {},go.shape.interface {}]; internal/sync.children [16]sync/atomic.Pointer[go.shape.struct { internal/sync.isEntry bool }] }, 13, 13, []
.eq.go.shape.struct { internal/sync.node = internal/sync.node[interface {},interface {}]; internal/sync.overflow sync/atomic.Pointer[internal/sync.entry[interface {},interface {}]]; internal/sync.key interface {}; internal/sync.value interface {} }, 15, 15, []
.eq.go.shape.struct { cmd/internal/par.v go.shape.*uint8; cmd/internal/par.err error }, 7, 7, []
.eq.cmd/internal/par.errValue[go.shape.*uint8], 7, 7, []
.eq.go.shape.struct { cmd/internal/par.v *cmd/go/internal/modload.modFileSummary; cmd/internal/par.err error }, 7, 7, []
.eq.go.shape.struct { cmd/go/internal/modload.mg *cmd/go/internal/modload.ModuleGraph; cmd/go/internal/modload.err error }, 7, 7, []
.eq.[2]interface {}, 10, 7, [[b1] [b2 b4 b8 b3] [b5] [b7] [b6] [b9] [b10]]
.eq.[3]interface {}, 10, 7, [[b1] [b2 b4 b8 b3] [b5] [b7] [b6] [b9] [b10]]
.eq.cmd/internal/par.cacheEntry[go.shape.struct { cmd/internal/par.v string; cmd/internal/par.err error }], 18, 18, []
.eq.cmd/internal/par.cacheEntry[go.shape.struct { cmd/internal/par.v go.shape.string; cmd/internal/par.err error }], 18, 18, []
.eq.cmd/internal/par.cacheEntry[go.shape.struct { cmd/internal/par.v go.shape.*uint8; cmd/internal/par.err error }], 16, 16, []
.eq.cmd/internal/par.cacheEntry[go.shape.struct { cmd/internal/par.v *cmd/go/internal/modload.modFileSummary; cmd/internal/par.err error }], 16, 16, []
.eq.go.shape.struct { cmd/internal/par.v go.shape.string; cmd/internal/par.err error }, 10, 10, []
.eq.go.shape.struct { cmd/internal/par.v string; cmd/internal/par.err error }, 10, 10, []
.eq.cmd/internal/par.cacheEntry[go.shape.interface { CheckReuse(context.Context, *cmd/go/internal/modfetch/codehost.Origin) error; GoMod(context.Context, string) ([]uint8, error); Latest(context.Context) (*cmd/go/internal/modfetch.RevInfo, error); ModulePath() string; Stat(context.Context, string) (*cmd/go/internal/modfetch.RevInfo, error); Versions(context.Context, string) (*cmd/go/internal/modfetch.Versions, error); Zip(context.Context, io.Writer, string) error }], 13, 13, []
.eq.cmd/internal/par.errValue[go.shape.string], 10, 10, []
.eq.[16]sync/atomic.Pointer[go.shape.struct { internal/sync.isEntry bool }], 6, 4, [[b1] [b2 b4 b3] [b9] [b8]]
.eq.cmd/internal/par.cacheEntry[go.shape.interface { Error() string }], 13, 13, []
.eq.internal/sync.entry[go.shape.interface {},go.shape.interface {}], 15, 15, []
.eq.go.shape.struct { internal/sync.node = internal/sync.node[go.shape.interface {},go.shape.interface {}]; internal/sync.overflow sync/atomic.Pointer[internal/sync.entry[go.shape.interface {},go.shape.interface {}]]; internal/sync.key go.shape.interface {}; internal/sync.value go.shape.interface {} }, 15, 15, []
