(*HashTrieMap[go.shape.interface {},go.shape.interface {}]).CompareAndSwap, 24, 24, []
maybeSwitchForGoInstallVersion, 210, 125, [[b1] [b2] [b7] [b8] [b45] [b43] [b34] [b360] [b38] [b358] [b40] [b364] [b23] [b42] [b16] [b389] [b18] [b390] [b10] [b49] [b20] [b50] [b52] [b356] [b51] [b53] [b54] [b56 b354 b57] [b59] [b58] [b55] [b350] [b60] [b352] [b63] [b348] [b64] [b67] [b66] [b68 b70 b149 b153 b179 b274 b270 b124 b123 b231 b242 b272 b268 b145 b288 b286 b280 b176 b213 b207 b195 b269 b141 b122 b157 b178 b211 b208 b263 b118 b116 b257 b246 b237 b235 b256 b233 b214 b202 b261 b266 b267 b115 b307 b295 b161 b169 b173 b243 b203 b201 b241 b212 b184 b155 b264 b265 b105 b156 b244 b219 b217 b215 b227 b225 b223 b221 b182 b154 b262 b197 b104 b100 b102 b338 b320 b98 b78 b346 b340 b76 b83] [b193] [b106] [b162] [b175] [b275] [b151] [b79] [b88] [b277] [b160] [b279] [b189] [b281] [b191] [b285] [b185] [b284] [b187] [b293] [b177] [b292] [b183] [b305] [b167] [b278] [b171] [b318] [b135] [b317] [b137] [b333] [b334] [b337] [b131] [b339] [b133] [b345] [b126] [b347] [b127] [b336] [b129] [b369] [b373] [b91] [b372] [b81] [b376] [b36] [b399] [b398] [b377] [b378] [b380 b85 b381] [b383] [b382] [b379] [b384] [b32] [b386] [b385] [b69] [b392] [b30] [b367] [b363] [b74] [b393] [b80] [b397] [b396] [b400] [b125] [b99] [b117] [b108] [b371] [b165] [b163] [b159] [b139] [b143] [b332] [b87] [b4]]
raceSafeCopy, 31, 31, []
(*HashTrieMap[go.shape.interface {},go.shape.interface {}]).initSlow, 18, 18, []
(*HashTrieMap[go.shape.interface {},go.shape.interface {}]).CompareAndDelete, 64, 44, [[b2] [b47] [b4] [b5] [b7] [b8] [b10] [b65] [b12] [b14] [b13] [b15] [b63] [b17] [b18] [b11] [b9] [b20] [b21] [b23] [b25] [b24] [b26] [b54] [b28] [b29] [b22] [b39] [b40 b42 b48 b73 b71 b69 b70 b68 b62 b61 b60 b58 b59 b56 b41 b44 b64 b55 b46 b45 b52] [b43] [b76] [b75] [b77] [b78] [b79] [b80] [b57] [b32] [b34] [b33] [b35] [b51] [b37] [b38]]
(*HashTrieMap[go.shape.interface {},go.shape.interface {}]).LoadAndDelete, 62, 42, [[b2] [b45] [b4] [b6] [b8] [b63] [b10] [b12] [b11] [b13] [b61] [b15] [b16] [b9] [b7] [b18] [b19] [b21] [b23] [b22] [b24] [b52] [b26] [b27] [b20] [b37] [b38 b40 b46 b71 b69 b67 b68 b66 b60 b59 b58 b56 b57 b54 b39 b42 b62 b53 b44 b43 b50] [b41] [b74] [b73] [b75] [b76] [b77] [b78] [b55] [b30] [b32] [b31] [b33] [b49] [b35] [b36]]
Exec, 118, 118, []
Select, 227, 227, []
(*HashTrieMap[go.shape.interface {},go.shape.interface {}]).CompareAndSwap.deferwrap1, 7, 7, []
(*HashTrieMap[go.shape.interface {},go.shape.interface {}]).find, 42, 8, [[b1] [b6 b4 b15 b59 b57 b55 b56 b53 b31 b17 b49 b48 b50 b45 b44 b43 b41 b42 b39 b25 b14 b27 b37 b24 b32 b29 b20 b26 b19 b18 b21 b12 b11 b7 b9] [b40] [b13] [b35] [b60] [b10] [b54]]
newEntryNode[go.shape.interface {},go.shape.interface {}], 4, 4, []
(*HashTrieMap[go.shape.interface {},go.shape.interface {}]).initSlow.deferwrap1, 7, 7, []
newIndirectNode[go.shape.interface {},go.shape.interface {}], 4, 4, []
(*HashTrieMap[go.shape.interface {},go.shape.interface {}]).init, 4, 4, []
Exec.func2, 28, 26, [[b1] [b2] [b44] [b6] [b40] [b13] [b14 b16 b18] [b36] [b38] [b17] [b24] [b30] [b34] [b42] [b33] [b46] [b25] [b48] [b19] [b35] [b32] [b50] [b31] [b51] [b5] [b3]]
Exec.Exec.func1.func6, 15, 15, []
Exec.Exec.func1.func5, 15, 15, []
Exec.Exec.func1.func4, 15, 15, []
Exec.Exec.func1.func3, 15, 15, []
(*Switcher).addTooNew, 37, 34, [[b1] [b4] [b3] [b38] [b6] [b10] [b5] [b16 b36 b17] [b15] [b14] [b13] [b21] [b18] [b27] [b26] [b28 b30] [b31] [b12] [b33] [b34] [b32] [b37] [b29] [b39] [b35] [b25] [b24] [b23] [b41] [b22] [b9] [b7] [b40] [b2]]
(*node[go.shape.interface {},go.shape.interface {}]).indirect, 3, 3, []
(*node[go.shape.interface {},go.shape.interface {}]).entry, 3, 3, []
(*Switcher).Error, 10, 10, []
(*Switcher).NeedSwitch, 7, 7, []
(*HashTrieMap[go.shape.interface {},go.shape.interface {}]).iter, 16, 5, [[b1] [b2 b4 b10 b16 b24 b8 b15 b21 b9 b20 b23 b22] [b5] [b17] [b26]]
(*entry[go.shape.interface {},go.shape.interface {}]).lookup, 9, 4, [[b1] [b2 b4 b9 b6 b3 b8] [b5] [b7]]
(*entry[go.shape.interface {},go.shape.interface {}]).lookupWithValue, 14, 4, [[b1] [b2 b4 b15 b13 b11 b8 b7 b3 b10 b12 b9] [b5] [b14]]
NewSwitcher, 4, 4, []
(*indirect[go.shape.interface {},go.shape.interface {}]).empty, 4, 3, [[b1] [b2 b8] [b5]]
HasPath, 10, 10, []
HasAuto, 10, 10, []
(*HashTrieMap[interface {},interface {}]).init, 4, 4, []
autoToolchains, 3, 3, []
sysWriteBits, 5, 5, []
.eq.cmd/internal/par.errValue[*cmd/go/internal/modload.modFileSummary], 7, 7, []
FilterEnv, 26, 6, [[b1] [b2 b4 b17 b9 b15 b26 b10 b3 b19 b11 b22 b23 b16 b21 b14 b13 b12 b7 b8 b20 b18] [b5] [b6] [b24] [b25]]
(*HashTrieMap[go.shape.interface {},go.shape.interface {}]).All, 7, 7, []
.eq.struct { Cache *struct { Mask uintptr; Entries [1]struct { Typ uintptr; Itab uintptr } }; Inter *struct { Type struct { Size_ uintptr; PtrBytes uintptr; Hash uint32; TFlag uint8; Align_ uint8; FieldAlign_ uint8; Kind_ uint8; Equal unsafe.Pointer; GCData *uint8; Str int32; PtrToThis int32 }; PkgPath struct { Bytes *uint8 }; Methods []struct { Name int32; Typ int32 } }; CanFail bool }, 6, 6, []
.eq.cmd/internal/par.cacheEntry[cmd/internal/par.errValue[*cmd/go/internal/modload.modFileSummary]], 16, 16, []
.eq.cmd/internal/par.cacheEntry[cmd/go/internal/modfetch.Repo], 13, 13, []
autoToolchains.func1, 6, 6, []
newerToolchain, 23, 11, [[b1] [b2 b4 b14 b19 b15 b16 b12 b24 b18 b8 b13 b22 b7] [b3] [b20] [b10] [b5] [b21] [b23] [b28] [b26] [b27]]
.eq.cmd/internal/par.errValue[string], 10, 10, []
.eq.[16]sync/atomic.Pointer[internal/sync.node[interface {},interface {}]], 6, 4, [[b1] [b2 b4 b3] [b9] [b8]]
.eq.cmd/internal/par.cacheEntry[cmd/internal/par.errValue[string]], 18, 18, []
init, 4, 4, []
.eq.internal/sync.entry[interface {},interface {}], 15, 15, []
(*ErrCache[go.shape.struct { Path string; Version string "json:\",omitempty\"" },go.shape.*uint8]).Get, 4, 4, []
pathToolchains, 41, 3, [[b2] [b4 b6 b22 b24 b28 b48 b32 b21 b25 b8 b5 b23 b27 b42 b44 b60 b50 b29 b41 b57 b33 b51 b11 b40 b49 b58 b37 b35 b62 b26 b9 b38 b45 b43 b46 b34 b61 b30 b59] [b7]]
(*entry[go.shape.interface {},go.shape.interface {}]).entry, 3, 3, []
(*entry[go.shape.interface {},go.shape.interface {}]).indirect, 3, 3, []
(*indirect[go.shape.interface {},go.shape.interface {}]).entry, 3, 3, []
(*indirect[go.shape.interface {},go.shape.interface {}]).indirect, 3, 3, []
(*node[interface {},interface {}]).entry, 3, 3, []
(*node[interface {},interface {}]).indirect, 3, 3, []
(*struct { internal/sync.node = internal/sync.node[go.shape.interface {},go.shape.interface {}]; internal/sync.dead sync/atomic.Bool; internal/sync.mu internal/sync.Mutex; internal/sync.parent *internal/sync.indirect[go.shape.interface {},go.shape.interface {}]; internal/sync.children [16]sync/atomic.Pointer[go.shape.struct { internal/sync.isEntry bool }] }).internal/sync.entry, 3, 3, []
pathToolchains.func1, 5, 5, []
(*struct { internal/sync.node = internal/sync.node[go.shape.interface {},go.shape.interface {}]; internal/sync.overflow sync/atomic.Pointer[internal/sync.entry[go.shape.interface {},go.shape.interface {}]]; internal/sync.key go.shape.interface {}; internal/sync.value go.shape.interface {} }).internal/sync.entry, 3, 3, []
(*struct { internal/sync.node = internal/sync.node[go.shape.interface {},go.shape.interface {}]; internal/sync.overflow sync/atomic.Pointer[internal/sync.entry[go.shape.interface {},go.shape.interface {}]]; internal/sync.key go.shape.interface {}; internal/sync.value go.shape.interface {} }).internal/sync.indirect, 3, 3, []
.eq.internal/sync.indirect[interface {},interface {}], 13, 13, []
(*struct { internal/sync.node = internal/sync.node[go.shape.interface {},go.shape.interface {}]; internal/sync.dead sync/atomic.Bool; internal/sync.mu internal/sync.Mutex; internal/sync.parent *internal/sync.indirect[go.shape.interface {},go.shape.interface {}]; internal/sync.children [16]sync/atomic.Pointer[go.shape.struct { internal/sync.isEntry bool }] }).internal/sync.indirect, 3, 3, []
(*ErrCache[go.shape.struct { Path string; Version string "json:\",omitempty\"" },go.shape.string]).Get, 4, 4, []
size, 3, 3, []
(*indirect[interface {},interface {}]).empty, 4, 3, [[b1] [b2 b8] [b11]]
execGoToolchain, 48, 48, []
(*HashTrieMap[go.shape.interface {},go.shape.interface {}]).Range, 4, 4, []
(*entry[go.shape.interface {},go.shape.interface {}]).compareAndSwap, 27, 20, [[b1] [b24] [b3] [b25] [b6] [b4] [b14] [b15 b17 b22 b19 b12 b21 b20 b16] [b18] [b29] [b8] [b27] [b26] [b10] [b9] [b30] [b28] [b23] [b13] [b11]]
(*entry[go.shape.interface {},go.shape.interface {}]).compareAndDelete, 18, 11, [[b1] [b21] [b3] [b22] [b4] [b24] [b10] [b11 b13 b20 b19 b18 b17 b16 b12] [b14] [b23] [b9]]
(*struct { internal/sync.node = internal/sync.node[interface {},interface {}]; internal/sync.dead sync/atomic.Bool; internal/sync.mu internal/sync.Mutex; internal/sync.parent *internal/sync.indirect[interface {},interface {}]; internal/sync.children [16]sync/atomic.Pointer[internal/sync.node[interface {},interface {}]] }).internal/sync.entry, 3, 3, []
(*entry[interface {},interface {}]).indirect, 3, 3, []
(*indirect[interface {},interface {}]).indirect, 3, 3, []
(*entry[interface {},interface {}]).entry, 3, 3, []
(*indirect[interface {},interface {}]).entry, 3, 3, []
(*entry[go.shape.interface {},go.shape.interface {}]).loadAndDelete, 14, 9, [[b1] [b16] [b4] [b14] [b6] [b7 b9 b12 b11 b8 b13] [b10] [b15] [b5]]
(*struct { internal/sync.node = internal/sync.node[interface {},interface {}]; internal/sync.overflow sync/atomic.Pointer[internal/sync.entry[interface {},interface {}]]; internal/sync.key interface {}; internal/sync.value interface {} }).internal/sync.entry, 3, 3, []
(*struct { internal/sync.node = internal/sync.node[interface {},interface {}]; internal/sync.overflow sync/atomic.Pointer[internal/sync.entry[interface {},interface {}]]; internal/sync.key interface {}; internal/sync.value interface {} }).internal/sync.indirect, 3, 3, []
(*HashTrieMap[go.shape.interface {},go.shape.interface {}]).expand, 14, 9, [[b1] [b5] [b18] [b20] [b16] [b7 b22 b15 b13 b8 b10] [b9] [b11] [b4]]
(*struct { internal/sync.node = internal/sync.node[interface {},interface {}]; internal/sync.dead sync/atomic.Bool; internal/sync.mu internal/sync.Mutex; internal/sync.parent *internal/sync.indirect[interface {},interface {}]; internal/sync.children [16]sync/atomic.Pointer[internal/sync.node[interface {},interface {}]] }).internal/sync.indirect, 3, 3, []
(*entry[interface {},interface {}]).lookup, 10, 5, [[b1] [b2 b4 b10 b6 b3 b8] [b5] [b7] [b9]]
(*entry[go.shape.interface {},go.shape.interface {}]).swap, 23, 18, [[b1] [b15] [b4] [b8] [b10] [b11 b13 b5 b3 b12 b17] [b14] [b21] [b23] [b19] [b18] [b6] [b2] [b22] [b20] [b16] [b9] [b7]]
NewerToolchain, 6, 6, []
(*entry[interface {},interface {}]).lookupWithValue, 15, 5, [[b1] [b2 b4 b8 b16 b10 b13 b7 b11 b12 b3 b9] [b5] [b14] [b15]]
SwitchOrFatal, 4, 4, []
(*HashTrieMap[go.shape.interface {},go.shape.interface {}]).Clear, 4, 4, []
(*Switcher).Switch, 17, 15, [[b1] [b3] [b4 b6] [b7] [b8] [b25] [b10] [b11 b13] [b14] [b15] [b16] [b17] [b22] [b20] [b21]]
modGoToolchain, 12, 12, []
(*Cache[go.shape.struct { Path string; Version string "json:\",omitempty\"" },go.shape.struct { cmd/internal/par.v *cmd/go/internal/modload.modFileSummary; cmd/internal/par.err error }]).Get, 7, 7, []
(*Cache[go.shape.struct { Path string; Version string "json:\",omitempty\"" },go.shape.struct { cmd/internal/par.v *cmd/go/internal/modload.modFileSummary; cmd/internal/par.err error }]).Do, 27, 27, []
(*Cache[go.shape.struct { Path string; Version string "json:\",omitempty\"" },go.shape.struct { cmd/internal/par.v go.shape.*uint8; cmd/internal/par.err error }]).Get, 7, 7, []
(*Cache[go.shape.struct { Path string; Version string "json:\",omitempty\"" },go.shape.struct { cmd/internal/par.v string; cmd/internal/par.err error }]).Do, 27, 27, []
pathDirs, 4, 4, []
(*Cache[go.shape.struct { Path string; Version string "json:\",omitempty\"" },go.shape.struct { cmd/internal/par.v string; cmd/internal/par.err error }]).Get, 7, 7, []
(*Cache[go.shape.struct { cmd/go/internal/modfetch.proxy string; cmd/go/internal/modfetch.path string },go.shape.interface { CheckReuse(context.Context, *cmd/go/internal/modfetch/codehost.Origin) error; GoMod(context.Context, string) ([]uint8, error); Latest(context.Context) (*cmd/go/internal/modfetch.RevInfo, error); ModulePath() string; Stat(context.Context, string) (*cmd/go/internal/modfetch.RevInfo, error); Versions(context.Context, string) (*cmd/go/internal/modfetch.Versions, error); Zip(context.Context, io.Writer, string) error }]).Do, 27, 27, []
(*Cache[go.shape.struct { cmd/go/internal/modfetch.proxy string; cmd/go/internal/modfetch.path string },go.shape.interface { CheckReuse(context.Context, *cmd/go/internal/modfetch/codehost.Origin) error; GoMod(context.Context, string) ([]uint8, error); Latest(context.Context) (*cmd/go/internal/modfetch.RevInfo, error); ModulePath() string; Stat(context.Context, string) (*cmd/go/internal/modfetch.RevInfo, error); Versions(context.Context, string) (*cmd/go/internal/modfetch.Versions, error); Zip(context.Context, io.Writer, string) error }]).Get, 7, 7, []
(*Cache[go.shape.struct { Path string; Version string "json:\",omitempty\"" },go.shape.struct { cmd/internal/par.v go.shape.*uint8; cmd/internal/par.err error }]).Do, 27, 27, []
pathVersion, 19, 19, []
(*Cache[go.shape.struct { Path string; Version string "json:\",omitempty\"" },go.shape.struct { cmd/internal/par.v go.shape.string; cmd/internal/par.err error }]).Get, 7, 7, []
(*Cache[go.shape.struct { Path string; Version string "json:\",omitempty\"" },go.shape.struct { cmd/internal/par.v go.shape.string; cmd/internal/par.err error }]).Do, 27, 27, []
(*HashTrieMap[go.shape.interface {},go.shape.interface {}]).Load, 22, 13, [[b2] [b18] [b4] [b7] [b8 b10 b15 b14 b9] [b11] [b13] [b16] [b21] [b22 b24 b17 b32 b23 b28] [b25] [b27] [b29]]
(*HashTrieMap[go.shape.interface {},go.shape.interface {}]).LoadOrStore, 65, 25, [[b2] [b20] [b4] [b6] [b11 b9 b19 b59 b57 b55 b56 b53 b50 b31 b52 b48 b29 b22 b47 b45 b44 b43 b41 b42 b39 b15 b78 b18 b33 b12 b16 b24 b14 b23 b26 b17 b77 b37 b25 b30] [b40] [b10] [b81] [b62] [b64] [b65] [b66 b68 b83 b82 b67 b72] [b69] [b71] [b73] [b75] [b80] [b76] [b87] [b86] [b84] [b85] [b88] [b79] [b35]]
(*HashTrieMap[go.shape.interface {},go.shape.interface {}]).Swap, 46, 20, [[b2] [b19] [b4] [b6] [b11 b9 b55 b44 b42 b40 b41 b38 b35 b15 b37 b33 b60 b59 b32 b30 b29 b28 b26 b27 b24 b54 b22 b17 b16 b12 b14] [b25] [b10] [b58] [b47] [b49] [b50] [b51] [b57] [b53] [b64] [b63] [b61] [b62] [b65] [b56]]
(*HashTrieMap[go.shape.interface {},go.shape.interface {}]).LoadOrStore.deferwrap1, 7, 7, []
(*HashTrieMap[go.shape.interface {},go.shape.interface {}]).Swap.deferwrap1, 7, 7, []
.eq.go.shape.struct { Path string; Version string "json:\",omitempty\"" }, 9, 9, []
.eq.[6]string, 17, 11, [[b1] [b2 b4 b9 b6 b3] [b5] [b13 b15 b14] [b16] [b18] [b7] [b10] [b12] [b8] [b19]]
.eq.go.shape.struct { internal/sync.node = internal/sync.node[interface {},interface {}]; internal/sync.dead sync/atomic.Bool; internal/sync.mu internal/sync.Mutex; internal/sync.parent *internal/sync.indirect[interface {},interface {}]; internal/sync.children [16]sync/atomic.Pointer[internal/sync.node[interface {},interface {}]] }, 13, 13, []
.eq.[2]string, 12, 10, [[b1] [b3] [b2] [b6] [b5] [b7 b9 b8] [b10] [b12] [b4] [b13]]
.eq.go.shape.struct { cmd/go/internal/modfetch.proxy string; cmd/go/internal/modfetch.path string }, 9, 9, []
.eq.internal/sync.indirect[go.shape.interface {},go.shape.interface {}], 13, 13, []
.eq.go.shape.struct { internal/sync.node = internal/sync.node[interface {},interface {}]; internal/sync.overflow sync/atomic.Pointer[internal/sync.entry[interface {},interface {}]]; internal/sync.key interface {}; internal/sync.value interface {} }, 15, 15, []
.eq.go.shape.struct { internal/sync.node = internal/sync.node[go.shape.interface {},go.shape.interface {}]; internal/sync.dead sync/atomic.Bool; internal/sync.mu internal/sync.Mutex; internal/sync.parent *internal/sync.indirect[go.shape.interface {},go.shape.interface {}]; internal/sync.children [16]sync/atomic.Pointer[go.shape.struct { internal/sync.isEntry bool }] }, 13, 13, []
.eq.go.shape.struct { cmd/go/internal/modload.mg *cmd/go/internal/modload.ModuleGraph; cmd/go/internal/modload.err error }, 7, 7, []
.eq.cmd/internal/par.errValue[go.shape.*uint8], 7, 7, []
.eq.go.shape.struct { cmd/internal/par.v *cmd/go/internal/modload.modFileSummary; cmd/internal/par.err error }, 7, 7, []
.eq.go.shape.struct { cmd/internal/par.v go.shape.*uint8; cmd/internal/par.err error }, 7, 7, []
.eq.[16]sync/atomic.Pointer[go.shape.struct { internal/sync.isEntry bool }], 6, 4, [[b1] [b2 b4 b3] [b9] [b8]]
.eq.go.shape.struct { cmd/internal/par.v string; cmd/internal/par.err error }, 10, 10, []
.eq.[3]interface {}, 10, 7, [[b1] [b2 b4 b8 b3] [b5] [b7] [b6] [b9] [b10]]
.eq.cmd/internal/par.errValue[go.shape.string], 10, 10, []
.eq.cmd/internal/par.cacheEntry[go.shape.struct { cmd/internal/par.v string; cmd/internal/par.err error }], 18, 18, []
.eq.cmd/internal/par.cacheEntry[go.shape.struct { cmd/internal/par.v go.shape.string; cmd/internal/par.err error }], 18, 18, []
.eq.cmd/internal/par.cacheEntry[go.shape.struct { cmd/internal/par.v go.shape.*uint8; cmd/internal/par.err error }], 16, 16, []
.eq.cmd/internal/par.cacheEntry[go.shape.struct { cmd/internal/par.v *cmd/go/internal/modload.modFileSummary; cmd/internal/par.err error }], 16, 16, []
.eq.cmd/internal/par.cacheEntry[go.shape.interface { CheckReuse(context.Context, *cmd/go/internal/modfetch/codehost.Origin) error; GoMod(context.Context, string) ([]uint8, error); Latest(context.Context) (*cmd/go/internal/modfetch.RevInfo, error); ModulePath() string; Stat(context.Context, string) (*cmd/go/internal/modfetch.RevInfo, error); Versions(context.Context, string) (*cmd/go/internal/modfetch.Versions, error); Zip(context.Context, io.Writer, string) error }], 13, 13, []
.eq.[2]interface {}, 10, 7, [[b1] [b2 b4 b8 b3] [b5] [b7] [b6] [b9] [b10]]
.eq.go.shape.struct { cmd/internal/par.v go.shape.string; cmd/internal/par.err error }, 10, 10, []
.eq.go.shape.struct { internal/godebug.text string; internal/godebug.bisect *internal/bisect.Matcher }, 7, 7, []
.eq.internal/sync.entry[go.shape.interface {},go.shape.interface {}], 15, 15, []
.eq.go.shape.struct { internal/sync.node = internal/sync.node[go.shape.interface {},go.shape.interface {}]; internal/sync.overflow sync/atomic.Pointer[internal/sync.entry[go.shape.interface {},go.shape.interface {}]]; internal/sync.key go.shape.interface {}; internal/sync.value go.shape.interface {} }, 15, 15, []
