(*Fetcher).downloadZip, 51, 47, [[b1] [b48] [b6] [b8] [b11] [b7] [b5] [b12] [b20] [b22] [b23 b25] [b26] [b4] [b21] [b28] [b30] [b31] [b45] [b3] [b33] [b34] [b36] [b38] [b40 b42 b53 b41] [b43] [b67] [b66] [b68] [b71] [b75] [b76] [b77] [b73] [b70] [b58] [b2] [b55] [b57] [b60] [b65] [b63] [b64] [b39] [b37] [b35] [b32] [b14]]
(*HashTrieMap[go.shape.interface {},go.shape.interface {}]).LoadAndDelete, 62, 42, [[b2] [b45] [b4] [b6] [b8] [b63] [b10] [b12] [b11] [b13] [b61] [b15] [b16] [b9] [b7] [b18] [b19] [b21] [b23] [b22] [b24] [b52] [b26] [b27] [b20] [b37] [b38 b40 b46 b71 b69 b67 b68 b66 b60 b59 b58 b56 b57 b54 b39 b42 b62 b53 b44 b43 b50] [b41] [b74] [b73] [b75] [b76] [b77] [b78] [b55] [b30] [b32] [b31] [b33] [b49] [b35] [b36]]
DownloadDir, 68, 68, []
unzip, 40, 39, [[b1] [b2] [b10] [b4] [b9] [b5] [b6] [b8] [b17] [b19] [b20 b22] [b23] [b7] [b18] [b36] [b25] [b26] [b24] [b28] [b30] [b32] [b34] [b42] [b45] [b15] [b44] [b43] [b35] [b13] [b37] [b38] [b41] [b39] [b40] [b33] [b31] [b29] [b27] [b3]]
writeDiskCache, 22, 22, []
rewriteVersionList, 79, 46, [[b3] [b9] [b34] [b67] [b69] [b5] [b14] [b15] [b18] [b23 b25 b29 b48 b41 b115 b118 b35 b39 b44 b71 b119 b28 b7 b33 b6 b47 b51 b24 b43 b116 b46 b106 b54 b55 b45 b49 b53 b105 b103 b100 b52 b50] [b26] [b56 b58] [b59] [b62] [b99] [b60] [b95] [b65] [b68] [b75] [b66] [b94] [b77] [b78] [b73] [b79] [b74] [b84] [b87] [b88] [b72] [b82] [b83] [b92] [b63] [b102] [b108] [b111] [b112] [b120] [b117] [b107] [b101] [b96] [b22] [b17]]
(*codeRepo).validatePseudoVersion, 119, 97, [[b1] [b3] [b4] [b5] [b9] [b157] [b7] [b56] [b60] [b109] [b66] [b70] [b75] [b73] [b74] [b58] [b107] [b77] [b76] [b80] [b84] [b86] [b85] [b89] [b92] [b93] [b97] [b119 b121 b63 b28 b137 b140 b134 b132 b131 b25 b15 b120] [b95] [b147] [b149 b151 b12 b170 b167 b169 b164 b162 b161 b185 b173 b150] [b186] [b171] [b152] [b172] [b181] [b184] [b193] [b198] [b196] [b197] [b187] [b192] [b190] [b191] [b183] [b180] [b174] [b179] [b177] [b178] [b148] [b141] [b146] [b144] [b145] [b96] [b65] [b99] [b101] [b100] [b104] [b105] [b102] [b156] [b98] [b165] [b79] [b113] [b114] [b118] [b116] [b117] [b94] [b57] [b163] [b8] [b133] [b20] [b154] [b21] [b124] [b33] [b127] [b50] [b55] [b53] [b54] [b44] [b49] [b47] [b48] [b38] [b43] [b41] [b42] [b6]]
(*codeRepo).Zip, 137, 85, [[b1] [b4] [b143] [b2] [b141] [b12] [b13] [b11] [b19] [b24] [b25] [b27] [b3] [b152] [b150] [b22] [b29] [b28] [b20] [b30] [b139] [b32] [b36] [b138] [b37] [b137] [b33] [b38] [b39] [b40] [b42 b136 b43] [b45] [b44] [b46] [b104] [b148] [b146] [b47] [b49] [b55] [b57] [b120] [b60] [b59] [b61 b63 b115 b127 b134 b113 b87 b82 b91 b135 b109 b111 b116 b114 b18 b6 b154 b125 b151 b103 b100 b107 b142 b145 b149 b93 b83 b144 b92 b129 b88 b90 b79 b132 b133 b117 b108 b86 b126 b131 b112 b102 b101 b65 b130 b128 b119 b76 b62 b68 b67] [b64] [b153] [b81] [b156] [b158] [b15] [b159] [b160] [b77] [b140] [b121] [b74] [b157] [b80] [b155] [b75] [b94] [b98] [b96] [b97] [b69] [b73] [b71] [b72] [b58] [b56] [b50] [b54] [b52] [b53] [b48] [b35] [b31] [b16] [b14] [b147] [b5] [b10] [b8] [b9]]
(*Fetcher).downloadZip.func2, 16, 16, []
(*Fetcher).downloadZip.func1, 7, 7, []
(*DownloadDirPartialError).Is, 4, 4, []
newCachingRepo, 4, 4, []
writeDiskCache.func1, 7, 7, []
rewriteVersionList.func1, 10, 10, []
(*codeRepo).validatePseudoVersion.func1, 22, 22, []
(*codeRepo).Zip.deferwrap3, 4, 4, []
(*HashTrieMap[go.shape.interface {},go.shape.interface {}]).init, 4, 4, []
newEntryNode[go.shape.interface {},go.shape.interface {}], 4, 4, []
(*HashTrieMap[go.shape.interface {},go.shape.interface {}]).find, 42, 8, [[b1] [b6 b4 b15 b59 b57 b55 b56 b53 b31 b17 b49 b48 b50 b45 b44 b43 b41 b42 b39 b25 b14 b27 b37 b24 b32 b29 b20 b26 b19 b18 b21 b12 b11 b7 b9] [b40] [b13] [b35] [b60] [b10] [b54]]
newIndirectNode[go.shape.interface {},go.shape.interface {}], 4, 4, []
notExistError.Is, 4, 4, []
hasPathPrefix, 13, 13, []
(*Fetcher).SetGoSumFile, 4, 4, []
(*Fetcher).AddWorkspaceGoSumFile, 10, 10, []
newLoggingRepo, 4, 4, []
(*node[go.shape.interface {},go.shape.interface {}]).indirect, 3, 3, []
(*Fetcher).LookupLocal.func1, 7, 7, []
(*Fetcher).Lookup.func1, 7, 7, []
(*node[go.shape.interface {},go.shape.interface {}]).entry, 3, 3, []
(*codeRepo).revToRev, 22, 22, []
(*DownloadDirPartialError).Error, 4, 4, []
RemoveAll.func1, 6, 6, []
(*codeRepo).versionToRev, 9, 9, []
(*HashTrieMap[go.shape.interface {},go.shape.interface {}]).iter, 16, 5, [[b1] [b2 b4 b10 b16 b24 b8 b15 b21 b9 b20 b23 b22] [b5] [b17] [b26]]
(*Fetcher).LookupLocal.func1.1, 5, 5, []
(*lookupDisabledError).Error, 3, 3, []
(*loggingRepo).CheckReuse.func1, 10, 10, []
readGoSum, 38, 6, [[b1] [b2 b4 b19 b23 b47 b41 b7 b40 b48 b30 b50 b8 b16 b21 b44 b56 b6 b14 b18 b20 b34 b52 b9 b51 b22 b53 b32 b54 b49 b46 b38 b36 b55] [b5] [b11] [b17] [b45]]
(*dataFileInfo).Name, 3, 3, []
isValidSum, 5, 5, []
(*entry[go.shape.interface {},go.shape.interface {}]).lookup, 9, 4, [[b1] [b2 b4 b9 b6 b3 b8] [b5] [b7]]
(*entry[go.shape.interface {},go.shape.interface {}]).lookupWithValue, 14, 4, [[b1] [b2 b4 b15 b13 b11 b8 b7 b3 b10 b12 b9] [b5] [b14]]
lookupDisabledError.Error, 3, 3, []
(*proxyRepo).versionError, 18, 18, []
lookup, 68, 68, []
tempFile, 9, 6, [[b1] [b2 b4 b13 b11] [b7] [b12] [b5] [b15]]
addModSumLocked, 15, 15, []
proxyList.func1, 112, 71, [[b1] [b6] [b3] [b5] [b2] [b8] [b138] [b136] [b132] [b130] [b21] [b128] [b22] [b57] [b141] [b139] [b23] [b56] [b135] [b133] [b20] [b24 b26 b40 b81 b28 b14 b82 b37 b30 b101 b33 b25 b77 b94 b29 b98 b16 b107 b96 b100 b92 b97 b90 b79 b89 b76 b72 b105 b75 b71 b112 b110 b108 b41 b63 b67 b122 b120 b118 b39 b47 b49] [b126] [b32] [b36] [b99] [b35] [b113] [b111] [b54] [b114] [b69] [b44] [b121] [b119] [b70] [b43] [b117] [b115] [b42] [b116] [b51] [b55] [b131] [b129] [b52] [b45] [b125] [b123] [b27] [b103] [b66] [b106] [b62] [b109] [b64] [b127] [b60] [b102] [b4] [b65] [b61] [b59] [b143] [b147] [b145] [b146] [b10] [b80] [b68] [b142]]
sumInWorkspaceModulesLocked, 6, 4, [[b1] [b2 b4 b3] [b5] [b7]]
(*indirect[go.shape.interface {},go.shape.interface {}]).empty, 4, 3, [[b1] [b2 b8] [b5]]
logCall, 4, 4, []
(*cachingRepo).Zip, 14, 14, []
(*struct { sync.Once; cmd/go/internal/modfetch.list []cmd/go/internal/modfetch.proxySpec; cmd/go/internal/modfetch.err error }).Do, 4, 4, []
(*HashTrieMap[interface {},interface {}]).init, 4, 4, []
.eq.cmd/go/internal/modfetch.cachedInfo, 7, 7, []
(*cachingRepo).repo, 4, 4, []
NewFetcher, 7, 7, []
.eq.cmd/internal/par.errValue[*cmd/go/internal/modfetch.Versions], 7, 7, []
makeDirsReadOnly, 6, 4, [[b1] [b2 b4 b3] [b5] [b7]]
(*Fetcher).DownloadZip.func1, 34, 34, []
.eq.cmd/internal/par.errValue[*cmd/go/internal/modfetch.RevInfo], 7, 7, []
proxyList, 4, 4, []
goModSum.func1, 13, 11, [[b4] [b13] [b3] [b1] [b6 b2 b7] [b9] [b8] [b5] [b10] [b11] [b12]]
(*cachingRepo).repo.func1, 10, 10, []
(*proxyRepo).latest, 4, 4, []
(*HashTrieMap[go.shape.interface {},go.shape.interface {}]).All, 7, 7, []
makeDirsReadOnly.func1, 20, 20, []
.eq.cmd/internal/par.errValue[string], 10, 10, []
.eq.cmd/internal/par.cacheEntry[cmd/go/internal/modfetch.Repo], 13, 13, []
.eq.cmd/internal/par.cacheEntry[cmd/internal/par.errValue[*cmd/go/internal/modfetch.RevInfo]], 16, 16, []
.eq.cmd/internal/par.cacheEntry[cmd/internal/par.errValue[*cmd/go/internal/modfetch.Versions]], 16, 16, []
.eq.cmd/internal/par.cacheEntry[cmd/internal/par.errValue[string]], 18, 18, []
(*proxyRepo).latest.func1, 9, 9, []
.eq.cmd/go/internal/modfetch.toolchainRepo, 10, 10, []
.eq.cmd/go/internal/modfetch.errRepo, 10, 10, []
.eq.[16]sync/atomic.Pointer[internal/sync.node[interface {},interface {}]], 6, 4, [[b1] [b2 b4 b3] [b9] [b8]]
.eq.cmd/go/internal/modfetch.DownloadDirPartialError, 10, 10, []
.eq.struct { Cache *struct { Mask uintptr; Entries [1]struct { Typ uintptr; Itab uintptr } }; Inter *struct { Type struct { Size_ uintptr; PtrBytes uintptr; Hash uint32; TFlag uint8; Align_ uint8; FieldAlign_ uint8; Kind_ uint8; Equal unsafe.Pointer; GCData *uint8; Str int32; PtrToThis int32 }; PkgPath struct { Bytes *uint8 }; Methods []struct { Name int32; Typ int32 } }; CanFail bool }, 6, 6, []
readGoSumFile, 23, 23, []
(*dataFileInfo).Mode, 3, 3, []
.eq.cmd/go/internal/modfetch.modSum, 14, 14, []
(*dataFileInfo).ModTime, 3, 3, []
(*dataFileInfo).IsDir, 3, 3, []
(*dataFile).Path, 3, 3, []
.eq.cmd/go/internal/modfetch.zipFile, 7, 7, []
(*zipFile).Path, 3, 3, []
.eq.cmd/go/internal/modfetch.pathMode·1, 7, 7, []
.eq.cmd/go/internal/modfetch.proxySpec, 7, 7, []
checkCacheDir, 14, 14, []
(*notExistError).Unwrap, 3, 3, []
.eq.internal/sync.entry[interface {},interface {}], 15, 15, []
(*dataFileInfo).Sys, 3, 3, []
(*errRepo).ModulePath, 3, 3, []
(*notExistError).Is, 6, 6, []
(*Fetcher).Unzip, 4, 4, []
(*entry[go.shape.interface {},go.shape.interface {}]).entry, 3, 3, []
(*dataFileInfo).String, 3, 3, []
(*dataFileInfo).Size, 3, 3, []
(*ErrCache[go.shape.string,go.shape.*uint8]).Get, 4, 4, []
(*entry[go.shape.interface {},go.shape.interface {}]).indirect, 3, 3, []
(*indirect[go.shape.interface {},go.shape.interface {}]).entry, 3, 3, []
(*indirect[go.shape.interface {},go.shape.interface {}]).indirect, 3, 3, []
(*Fetcher).Unzip.func1, 14, 14, []
(*ErrCache[go.shape.struct {},go.shape.*uint8]).Get, 4, 4, []
(*struct { internal/sync.node = internal/sync.node[go.shape.interface {},go.shape.interface {}]; internal/sync.dead sync/atomic.Bool; internal/sync.mu internal/sync.Mutex; internal/sync.parent *internal/sync.indirect[go.shape.interface {},go.shape.interface {}]; internal/sync.children [16]sync/atomic.Pointer[go.shape.struct { internal/sync.isEntry bool }] }).internal/sync.indirect, 3, 3, []
(*struct { internal/sync.node = internal/sync.node[go.shape.interface {},go.shape.interface {}]; internal/sync.overflow sync/atomic.Pointer[internal/sync.entry[go.shape.interface {},go.shape.interface {}]]; internal/sync.key go.shape.interface {}; internal/sync.value go.shape.interface {} }).internal/sync.entry, 3, 3, []
(*ErrCache[go.shape.string,go.shape.[]uint8]).Get, 4, 4, []
.eq.cmd/go/internal/modfetch.lookupCacheKey, 9, 9, []
(*node[interface {},interface {}]).indirect, 3, 3, []
(*node[interface {},interface {}]).entry, 3, 3, []
(*struct { internal/sync.node = internal/sync.node[go.shape.interface {},go.shape.interface {}]; internal/sync.overflow sync/atomic.Pointer[internal/sync.entry[go.shape.interface {},go.shape.interface {}]]; internal/sync.key go.shape.interface {}; internal/sync.value go.shape.interface {} }).internal/sync.indirect, 3, 3, []
checkCacheDir.func1, 33, 33, []
(*ErrCache[go.shape.struct { Path string; Version string "json:\",omitempty\"" },go.shape.string]).Get, 4, 4, []
.eq.internal/sync.indirect[interface {},interface {}], 13, 13, []
(*notExistError).Error, 3, 3, []
(*struct { internal/sync.node = internal/sync.node[go.shape.interface {},go.shape.interface {}]; internal/sync.dead sync/atomic.Bool; internal/sync.mu internal/sync.Mutex; internal/sync.parent *internal/sync.indirect[go.shape.interface {},go.shape.interface {}]; internal/sync.children [16]sync/atomic.Pointer[go.shape.struct { internal/sync.isEntry bool }] }).internal/sync.entry, 3, 3, []
(*errRepo).CheckReuse, 3, 3, []
lookupCodeRepo, 11, 11, []
(*Fetcher).Download, 17, 17, []
(*loggingRepo).GoMod, 7, 7, []
(*loggingRepo).Latest, 4, 4, []
(*loggingRepo).Versions, 7, 7, []
(*loggingRepo).Stat, 7, 7, []
checkGoMod, 12, 12, []
(*cachingRepo).Stat, 20, 20, []
(*cachingRepo).Latest, 20, 20, []
(*Fetcher).Download.func1, 16, 16, []
(*errRepo).Zip, 3, 3, []
(*cachingRepo).Versions, 9, 9, []
(*Fetcher).readDiskGoMod, 24, 24, []
(*cachingRepo).GoMod, 19, 19, []
(*indirect[interface {},interface {}]).empty, 4, 3, [[b1] [b2 b8] [b11]]
(*cachingRepo).Stat.func1, 18, 18, []
(*cachingRepo).Latest.func1, 7, 7, []
.eq.cmd/go/internal/modfetch.proxyRepo, 25, 25, []
.eq.cmd/go/internal/modfetch.RevInfo, 22, 22, []
(*errRepo).Latest, 3, 3, []
writeDiskStat, 20, 20, []
(*cachingRepo).GoMod.func1, 14, 14, []
(*dataFile).Lstat, 3, 3, []
haveModSumLocked, 38, 11, [[b1] [b20] [b9] [b46] [b11] [b10] [b12 b14 b4 b31 b30 b23 b28 b16 b3 b56 b13 b18] [b15] [b33 b35 b37 b34 b39 b42 b55 b44 b47 b57 b38 b22 b21 b54 b43 b49 b48] [b36] [b17]]
(*errRepo).GoMod, 3, 3, []
(*errRepo).Versions, 3, 3, []
(*proxyRepo).latestFromList, 25, 7, [[b1] [b2 b4 b22 b11 b18 b14 b25 b15 b6 b7 b27 b12 b21 b10 b13 b26 b3 b16 b20] [b5] [b29] [b30] [b19] [b28]]
(*errRepo).Stat, 3, 3, []
(*codeRepo).appendIncompatibleVersions, 78, 31, [[b1] [b74] [b47] [b37] [b2] [b4] [b52] [b8] [b11] [b13] [b15] [b75] [b32] [b27] [b14] [b12] [b16] [b18] [b6] [b20 b22 b69 b54 b31 b78 b60 b51 b66 b71 b33 b62 b73 b30 b26 b61 b50 b64 b68 b77 b35 b25 b29 b58 b76 b9 b63 b70 b21 b24 b57 b65 b38 b36 b40 b41 b10 b55 b56 b53 b3 b72 b46 b45 b49 b42 b44 b39] [b23] [b28] [b59] [b67] [b43] [b48] [b19] [b17] [b34] [b7] [b5]]
(*Fetcher).GoMod, 13, 13, []
(*HashTrieMap[go.shape.interface {},go.shape.interface {}]).Range, 4, 4, []
.eq.internal/gover.Version, 21, 21, []
(*entry[go.shape.interface {},go.shape.interface {}]).compareAndDelete, 18, 11, [[b1] [b21] [b3] [b22] [b4] [b24] [b10] [b11 b13 b20 b19 b18 b17 b16 b12] [b14] [b23] [b9]]
(*entry[go.shape.interface {},go.shape.interface {}]).compareAndSwap, 27, 20, [[b1] [b24] [b3] [b25] [b6] [b4] [b14] [b15 b17 b22 b19 b12 b21 b20 b16] [b18] [b29] [b8] [b27] [b26] [b10] [b9] [b30] [b28] [b23] [b13] [b11]]
(*proxyRepo).Latest, 13, 13, []
(*HashTrieMap[go.shape.interface {},go.shape.interface {}]).expand, 14, 9, [[b1] [b5] [b18] [b20] [b16] [b7 b22 b15 b13 b8 b10] [b9] [b11] [b4]]
(*loggingRepo).Zip, 24, 22, [[b1] [b2] [b3] [b5 b14 b6] [b8] [b7] [b4] [b9] [b10] [b13] [b22] [b25] [b30] [b21] [b18] [b12] [b23] [b20] [b19] [b27] [b29] [b28]]
(*Fetcher).GoMod.func2, 4, 4, []
(*Fetcher).GoMod.func1, 7, 7, []
(*entry[interface {},interface {}]).entry, 3, 3, []
(*struct { internal/sync.node = internal/sync.node[interface {},interface {}]; internal/sync.overflow sync/atomic.Pointer[internal/sync.entry[interface {},interface {}]]; internal/sync.key interface {}; internal/sync.value interface {} }).internal/sync.indirect, 3, 3, []
(*struct { internal/sync.node = internal/sync.node[interface {},interface {}]; internal/sync.dead sync/atomic.Bool; internal/sync.mu internal/sync.Mutex; internal/sync.parent *internal/sync.indirect[interface {},interface {}]; internal/sync.children [16]sync/atomic.Pointer[internal/sync.node[interface {},interface {}]] }).internal/sync.entry, 3, 3, []
(*codeRepo).Latest, 8, 8, []
(*indirect[interface {},interface {}]).indirect, 3, 3, []
(*indirect[interface {},interface {}]).entry, 3, 3, []
(*entry[interface {},interface {}]).indirect, 3, 3, []
(*struct { internal/sync.node = internal/sync.node[interface {},interface {}]; internal/sync.overflow sync/atomic.Pointer[internal/sync.entry[interface {},interface {}]]; internal/sync.key interface {}; internal/sync.value interface {} }).internal/sync.entry, 3, 3, []
(*struct { internal/sync.node = internal/sync.node[interface {},interface {}]; internal/sync.dead sync/atomic.Bool; internal/sync.mu internal/sync.Mutex; internal/sync.parent *internal/sync.indirect[interface {},interface {}]; internal/sync.children [16]sync/atomic.Pointer[internal/sync.node[interface {},interface {}]] }).internal/sync.indirect, 3, 3, []
isMajor, 22, 22, []
(*entry[go.shape.interface {},go.shape.interface {}]).loadAndDelete, 14, 9, [[b1] [b16] [b4] [b14] [b6] [b7 b9 b12 b11 b8 b13] [b10] [b15] [b5]]
(*entry[interface {},interface {}]).lookup, 10, 5, [[b1] [b2 b4 b10 b6 b3 b8] [b5] [b7] [b9]]
(*entry[go.shape.interface {},go.shape.interface {}]).swap, 23, 18, [[b1] [b15] [b4] [b8] [b10] [b11 b13 b5 b3 b12 b17] [b14] [b21] [b23] [b19] [b18] [b6] [b2] [b22] [b20] [b16] [b9] [b7]]
(*zipFile).Open, 3, 3, []
TryProxies, 45, 10, [[b1] [b2] [b4] [b6 b8 b46 b42 b64 b54 b55 b59 b28 b60 b61 b36 b50 b57 b12 b63 b23 b24 b53 b22 b18 b16 b56 b13 b47 b14 b52 b41 b31 b29 b10 b51 b34 b32 b30 b7] [b40] [b11] [b67] [b9] [b5] [b3]]
.eq.cmd/go/internal/modfetch.codeRepo, 30, 30, []
(*codeRepo).Stat, 22, 22, []
(*entry[interface {},interface {}]).lookupWithValue, 15, 5, [[b1] [b2 b4 b8 b16 b10 b13 b7 b11 b12 b3 b9] [b5] [b14] [b15]]
(*toolchainRepo).CheckReuse, 4, 4, []
(*toolchainRepo).Zip, 4, 4, []
(*proxyRepo).GoMod, 13, 13, []
(*Fetcher).GoModFile, 10, 10, []
(*Fetcher).GoModSum, 10, 10, []
(*HashTrieMap[go.shape.interface {},go.shape.interface {}]).Clear, 4, 4, []
notExistErrorf, 7, 7, []
(*zipFile).Lstat, 3, 3, []
(*Fetcher).initGoSum, 22, 17, [[b1] [b2] [b4] [b21] [b15] [b16] [b20] [b13] [b14] [b19] [b10] [b12] [b6 b8 b18 b22 b17 b7] [b9] [b11] [b5] [b3]]
(*toolchainRepo).Latest, 12, 5, [[b1] [b2] [b4 b6 b10 b11 b8 b9 b12 b5] [b7] [b3]]
cacheDir, 5, 5, []
Sum, 9, 9, []
newCodeRepo, 63, 63, []
(*Fetcher).TidyGoSum, 15, 15, []
tidyGoSum, 89, 25, [[b1] [b3] [b4] [b5] [b6] [b87] [b88] [b56] [b7 b9 b45 b21 b28 b11 b8 b18 b16 b14 b13 b12 b15] [b10] [b52] [b2] [b22] [b23] [b24] [b27] [b36] [b25] [b38 b51 b86 b55 b40 b32 b46 b47 b39 b44 b26 b92 b42] [b41] [b48 b50 b70 b54 b72 b53 b62 b31 b89 b30 b49 b59 b78 b74 b57 b61 b85 b83 b29 b76 b90 b33 b81 b80 b71 b93 b77 b67 b84 b34 b79 b82 b75 b63 b69 b60 b35 b68 b66 b58 b37] [b91] [b94] [b95] [b64]]
.eq.net/url.URL, 39, 39, []
dataFile.Open, 13, 11, [[b4] [b13] [b3] [b1] [b6 b2 b7] [b9] [b8] [b5] [b10] [b11] [b12]]
readDiskStat, 37, 37, []
(*Cache[go.shape.string,go.shape.interface { CheckReuse(context.Context, *cmd/go/internal/modfetch/codehost.Origin) error; GoMod(context.Context, string) ([]uint8, error); Latest(context.Context) (*cmd/go/internal/modfetch.RevInfo, error); ModulePath() string; Stat(context.Context, string) (*cmd/go/internal/modfetch.RevInfo, error); Versions(context.Context, string) (*cmd/go/internal/modfetch.Versions, error); Zip(context.Context, io.Writer, string) error }]).Do, 27, 27, []
(*Cache[go.shape.string,go.shape.struct { cmd/internal/par.v *cmd/go/internal/modfetch.Versions; cmd/internal/par.err error }]).Do, 27, 27, []
(*Cache[go.shape.string,go.shape.struct { cmd/internal/par.v go.shape.[]uint8; cmd/internal/par.err error }]).Get, 7, 7, []
(*Fetcher).TidyGoSum.deferwrap1, 7, 7, []
(*Cache[go.shape.string,go.shape.struct { cmd/internal/par.v go.shape.[]uint8; cmd/internal/par.err error }]).Do, 27, 27, []
(*Cache[go.shape.string,go.shape.struct { cmd/internal/par.v *cmd/go/internal/modfetch.RevInfo; cmd/internal/par.err error }]).Get, 7, 7, []
(*proxyRepo).Stat, 30, 30, []
(*Cache[go.shape.string,go.shape.struct { cmd/internal/par.v *cmd/go/internal/modfetch.RevInfo; cmd/internal/par.err error }]).Do, 27, 27, []
(*Cache[go.shape.string,go.shape.struct { cmd/internal/par.v go.shape.*uint8; cmd/internal/par.err error }]).Get, 7, 7, []
(*Cache[go.shape.string,go.shape.struct { cmd/internal/par.v go.shape.*uint8; cmd/internal/par.err error }]).Do, 27, 27, []
(*Cache[go.shape.struct {},go.shape.struct { cmd/internal/par.v *cmd/go/internal/modfetch.RevInfo; cmd/internal/par.err error }]).Get, 7, 7, []
(*Cache[go.shape.struct {},go.shape.struct { cmd/internal/par.v *cmd/go/internal/modfetch.RevInfo; cmd/internal/par.err error }]).Do, 27, 27, []
(*Cache[go.shape.struct {},go.shape.struct { cmd/internal/par.v go.shape.*uint8; cmd/internal/par.err error }]).Get, 7, 7, []
(*Cache[go.shape.struct { Path string; Version string "json:\",omitempty\"" },go.shape.struct { cmd/internal/par.v go.shape.string; cmd/internal/par.err error }]).Get, 7, 7, []
(*Cache[go.shape.string,go.shape.struct { cmd/internal/par.v *cmd/go/internal/modfetch.Versions; cmd/internal/par.err error }]).Get, 7, 7, []
(*Cache[go.shape.struct { cmd/go/internal/modfetch.proxy string; cmd/go/internal/modfetch.path string },go.shape.interface { CheckReuse(context.Context, *cmd/go/internal/modfetch/codehost.Origin) error; GoMod(context.Context, string) ([]uint8, error); Latest(context.Context) (*cmd/go/internal/modfetch.RevInfo, error); ModulePath() string; Stat(context.Context, string) (*cmd/go/internal/modfetch.RevInfo, error); Versions(context.Context, string) (*cmd/go/internal/modfetch.Versions, error); Zip(context.Context, io.Writer, string) error }]).Get, 7, 7, []
(*Cache[go.shape.struct { Path string; Version string "json:\",omitempty\"" },go.shape.struct { cmd/internal/par.v go.shape.string; cmd/internal/par.err error }]).Do, 27, 27, []
(*Cache[go.shape.struct { Path string; Version string "json:\",omitempty\"" },go.shape.struct { cmd/internal/par.v string; cmd/internal/par.err error }]).Do, 27, 27, []
(*Cache[go.shape.struct {},go.shape.struct { cmd/internal/par.v go.shape.*uint8; cmd/internal/par.err error }]).Do, 27, 27, []
(*Cache[go.shape.string,go.shape.struct { cmd/internal/par.v []uint8; cmd/internal/par.err error }]).Get, 7, 7, []
(*Cache[go.shape.struct { Path string; Version string "json:\",omitempty\"" },go.shape.struct { cmd/internal/par.v string; cmd/internal/par.err error }]).Get, 7, 7, []
(*proxyRepo).getBytes, 16, 14, [[b2] [b3] [b6] [b7] [b9 b16 b10] [b12] [b11] [b8] [b20] [b17] [b15] [b19] [b18] [b5]]
(*Cache[go.shape.struct { cmd/go/internal/modfetch.proxy string; cmd/go/internal/modfetch.path string },go.shape.interface { CheckReuse(context.Context, *cmd/go/internal/modfetch/codehost.Origin) error; GoMod(context.Context, string) ([]uint8, error); Latest(context.Context) (*cmd/go/internal/modfetch.RevInfo, error); ModulePath() string; Stat(context.Context, string) (*cmd/go/internal/modfetch.RevInfo, error); Versions(context.Context, string) (*cmd/go/internal/modfetch.Versions, error); Zip(context.Context, io.Writer, string) error }]).Do, 27, 27, []
(*Cache[go.shape.string,go.shape.struct { cmd/internal/par.v []uint8; cmd/internal/par.err error }]).Do, 27, 27, []
(*Fetcher).checkMod, 45, 45, []
(*codeRepo).canReplaceMismatchedVersionDueToBug, 4, 4, []
(*Cache[go.shape.string,go.shape.interface { CheckReuse(context.Context, *cmd/go/internal/modfetch/codehost.Origin) error; GoMod(context.Context, string) ([]uint8, error); Latest(context.Context) (*cmd/go/internal/modfetch.RevInfo, error); ModulePath() string; Stat(context.Context, string) (*cmd/go/internal/modfetch.RevInfo, error); Versions(context.Context, string) (*cmd/go/internal/modfetch.Versions, error); Zip(context.Context, io.Writer, string) error }]).Get, 7, 7, []
(*Fetcher).SetState, 43, 43, []
dataFileInfo.Name, 23, 19, [[b1] [b2] [b5 b7 b9] [b10] [b18] [b8] [b17 b19 b23] [b20] [b22] [b25] [b6] [b27] [b29] [b28] [b26] [b30] [b31] [b3] [b4]]
(*Fetcher).TrimGoSum, 24, 17, [[b1] [b3] [b2] [b4] [b5] [b6] [b8] [b31] [b10] [b30] [b12] [b13] [b9] [b19] [b15] [b20 b22 b18 b29 b21 b26 b25 b28] [b32]]
(*codeRepo).GoMod, 22, 22, []
readDiskCache, 18, 18, []
HaveSum, 37, 18, [[b1] [b3] [b2] [b4] [b5] [b6] [b8] [b9] [b46] [b11] [b16 b18 b20 b17 b22 b35 b36 b63 b62 b34 b33 b21] [b19] [b41 b43 b56 b57 b60 b59 b55 b54 b42] [b64] [b61] [b40] [b25] [b15]]
lookupDirect, 12, 12, []
CachePath, 31, 31, []
(*Fetcher).SetState.deferwrap1, 7, 7, []
(*Fetcher).InfoFile, 12, 12, []
(*Fetcher).TrimGoSum.deferwrap1, 7, 7, []
(*codeRepo).Versions, 80, 26, [[b1] [b16] [b11] [b35] [b12] [b38] [b22] [b15] [b25] [b24] [b26] [b13] [b29] [b9] [b36] [b17] [b28] [b30 b32 b45 b55 b57 b71 b70 b3 b39 b50 b54 b34 b5 b2 b4 b43 b31 b61 b53 b62 b8 b6 b80 b46 b42 b52 b41 b66 b40 b74 b14 b79 b7 b48 b51 b60 b65 b69 b59 b21 b77 b78 b58 b44 b47 b63 b64 b56 b72 b76 b20 b19 b18 b75 b73] [b33] [b49] [b68] [b27] [b10] [b67] [b37] [b23]]
(*Fetcher).RecordedSum, 55, 22, [[b1] [b3] [b2] [b4] [b5] [b6] [b8] [b9] [b52] [b11] [b16 b18 b20 b17 b22 b35 b36 b75 b74 b72 b42 b33 b21 b34 b71 b55 b38 b37 b39] [b19] [b47 b49 b62 b63 b45 b44 b28 b69 b60 b48 b61 b27 b26 b65 b64 b66] [b76] [b14] [b13] [b73] [b54] [b53] [b46] [b25] [b15]]
HaveSum.deferwrap1, 7, 7, []
(*HashTrieMap[go.shape.interface {},go.shape.interface {}]).Load, 22, 13, [[b2] [b18] [b4] [b7] [b8 b10 b15 b14 b9] [b11] [b13] [b16] [b21] [b22 b24 b17 b32 b23 b28] [b25] [b27] [b29]]
(*proxyRepo).Versions, 35, 15, [[b1] [b8] [b9 b11 b33 b35 b26 b23 b14 b32 b36 b39 b18 b13 b20 b41 b16 b17 b19 b27 b40 b10 b38] [b42] [b44] [b43] [b45] [b34] [b25] [b24] [b21] [b4] [b6] [b37] [b7]]
lockVersion, 10, 10, []
(*Fetcher).InfoFile.func1, 16, 16, []
(*dataFile).Open, 15, 13, [[b1] [b3] [b6] [b2] [b5] [b14] [b8 b4 b9] [b11] [b10] [b7] [b12] [b13] [b15]]
SideLock, 16, 16, []
(*Fetcher).RecordedSum.deferwrap1, 7, 7, []
checkModSum, 44, 44, []
(*toolchainRepo).Versions, 46, 33, [[b1] [b4] [b9] [b50] [b48] [b47] [b24] [b46] [b26] [b22] [b7] [b6] [b28 b30 b33 b34 b29 b20 b25 b32 b8 b27 b37 b18 b36 b35] [b38] [b40] [b14] [b41] [b42] [b15] [b23] [b21] [b16] [b39] [b12] [b49] [b10] [b45] [b44] [b43] [b13] [b19] [b17] [b3]]
(*proxyRepo).Versions.func2, 4, 4, []
(*proxyRepo).Versions.func1, 4, 4, []
(*Fetcher).WriteGoSum, 63, 52, [[b1] [b3] [b2] [b4] [b5] [b6] [b8] [b13] [b14] [b15 b17 b19 b16 b21 b23 b32 b25 b20 b31 b26 b24] [b36] [b28] [b18] [b33] [b29] [b34] [b40] [b27] [b43] [b11] [b30] [b12] [b53] [b45] [b44] [b47] [b56] [b46] [b63] [b35] [b50] [b37] [b64] [b41] [b65] [b66] [b39] [b67] [b49] [b54] [b51] [b52] [b57] [b55] [b58] [b59] [b48] [b60] [b61] [b42] [b62] [b38]]
(*Fetcher).download, 13, 13, []
(*HashTrieMap[go.shape.interface {},go.shape.interface {}]).LoadOrStore, 65, 25, [[b2] [b20] [b4] [b6] [b11 b9 b19 b59 b57 b55 b56 b53 b50 b31 b52 b48 b29 b22 b47 b45 b44 b43 b41 b42 b39 b15 b78 b18 b33 b12 b16 b24 b14 b23 b26 b17 b77 b37 b25 b30] [b40] [b10] [b81] [b62] [b64] [b65] [b66 b68 b83 b82 b67 b72] [b69] [b71] [b73] [b75] [b80] [b76] [b87] [b86] [b84] [b85] [b88] [b79] [b35]]
init, 28, 28, []
(*HashTrieMap[go.shape.interface {},go.shape.interface {}]).Swap, 46, 20, [[b2] [b19] [b4] [b6] [b11 b9 b55 b44 b42 b40 b41 b38 b35 b15 b37 b33 b60 b59 b32 b30 b29 b28 b26 b27 b24 b54 b22 b17 b16 b12 b14] [b25] [b10] [b58] [b47] [b49] [b50] [b51] [b57] [b53] [b64] [b63] [b61] [b62] [b65] [b56]]
(*toolchainRepo).Versions.func2, 5, 5, []
(*toolchainRepo).Versions.func1, 5, 5, []
hashZip, 11, 11, []
(*Fetcher).WriteGoSum.deferwrap1, 7, 7, []
(*toolchainRepo).Stat, 59, 59, []
(*HashTrieMap[go.shape.interface {},go.shape.interface {}]).LoadOrStore.deferwrap1, 7, 7, []
(*codeRepo).convert, 94, 44, [[b2] [b69] [b105] [b104] [b3] [b65] [b19] [b18] [b64] [b21] [b20] [b68] [b100] [b99] [b81] [b23] [b28] [b24] [b22] [b29 b31 b76 b86 b45 b83 b87 b40 b46 b27 b50 b79 b98 b43 b35 b55 b60 b85 b71 b49 b66 b37 b41 b26 b16 b57 b80 b13 b84 b33 b36 b30 b52 b51 b15 b58 b7 b82 b63 b56 b54 b75 b61 b59 b74 b78 b62 b72 b73 b12 b8] [b32] [b88] [b67] [b91] [b90] [b70] [b94] [b93] [b96] [b95] [b97] [b89] [b103] [b102] [b106] [b101] [b92] [b77] [b42] [b4] [b5] [b17] [b14] [b9]]
(*HashTrieMap[go.shape.interface {},go.shape.interface {}]).Swap.deferwrap1, 7, 7, []
(*HashTrieMap[go.shape.interface {},go.shape.interface {}]).initSlow, 18, 18, []
dlToGo, 16, 16, []
hashZip.func1, 10, 10, []
(*codeRepo).findDir, 113, 113, []
(*proxyRepo).Zip, 34, 32, [[b2] [b5] [b27] [b3] [b11] [b14] [b17] [b18] [b20 b34 b21] [b23] [b22] [b24] [b32] [b40] [b39] [b25] [b41] [b31] [b35] [b33] [b38] [b29] [b30] [b37] [b36] [b16] [b13] [b28] [b4] [b9] [b7] [b10]]
(*HashTrieMap[go.shape.interface {},go.shape.interface {}]).CompareAndSwap, 24, 24, []
(*codeRepo).convert.func6, 8, 8, []
(*codeRepo).convert.func5, 21, 21, []
(*HashTrieMap[go.shape.interface {},go.shape.interface {}]).initSlow.deferwrap1, 7, 7, []
(*codeRepo).convert.func3, 120, 120, []
(*codeRepo).convert.func2, 30, 30, []
(*codeRepo).convert.func1, 63, 63, []
readDiskStatByHash, 64, 33, [[b1] [b105] [b3] [b111] [b9] [b86] [b11] [b92] [b32] [b104] [b33] [b35] [b37 b39 b54 b38 b45 b43] [b52] [b58] [b62] [b63] [b66] [b65] [b67] [b68] [b70 b72 b24 b101 b22 b20 b81 b12 b117 b71 b76 b99 b114 b110 b14 b100 b109 b10 b4 b98 b102 b95 b91 b90 b18 b16 b83] [b73] [b69] [b64] [b61] [b28] [b49] [b55] [b36] [b85] [b75] [b34]]
(*HashTrieMap[go.shape.interface {},go.shape.interface {}]).CompareAndSwap.deferwrap1, 7, 7, []
(*codeRepo).retractedVersions, 42, 25, [[b1] [b2] [b4 b6 b36 b25 b15 b5] [b17] [b20] [b7] [b22] [b24 b26 b32 b31 b30 b28] [b10] [b34] [b27] [b9] [b37] [b35] [b41] [b42] [b44 b29 b21 b38 b46 b11 b48 b45] [b47] [b49] [b19] [b18] [b43] [b40] [b23] [b3]]
newProxyRepo, 55, 55, []
(*HashTrieMap[go.shape.interface {},go.shape.interface {}]).CompareAndDelete, 64, 44, [[b2] [b47] [b4] [b5] [b7] [b8] [b10] [b65] [b12] [b14] [b13] [b15] [b63] [b17] [b18] [b11] [b9] [b20] [b21] [b23] [b25] [b24] [b26] [b54] [b28] [b29] [b22] [b39] [b40 b42 b48 b73 b71 b69 b70 b68 b62 b61 b60 b58 b59 b56 b41 b44 b64 b55 b46 b45 b52] [b43] [b76] [b75] [b77] [b78] [b79] [b80] [b57] [b32] [b34] [b33] [b35] [b51] [b37] [b38]]
(*codeRepo).retractedVersions.func2, 9, 4, [[b1] [b2 b4 b8 b7 b6 b3] [b5] [b9]]
.eq.[1]cmd/vendor/golang.org/x/mod/module.Version, 10, 10, []
.eq.[3]string, 14, 12, [[b1] [b3] [b2] [b6] [b5] [b8] [b7] [b9 b11 b10] [b12] [b14] [b4] [b15]]
.eq.[4]string, 16, 14, [[b1] [b3] [b2] [b6] [b5] [b8] [b7] [b10] [b9] [b11 b13 b12] [b14] [b16] [b4] [b17]]
.eq.go.shape.struct { cmd/go/internal/modfetch.proxy string; cmd/go/internal/modfetch.path string }, 9, 9, []
.eq.go.shape.struct { Path string; Version string "json:\",omitempty\"" }, 9, 9, []
.eq.go.shape.struct { internal/sync.node = internal/sync.node[go.shape.interface {},go.shape.interface {}]; internal/sync.dead sync/atomic.Bool; internal/sync.mu internal/sync.Mutex; internal/sync.parent *internal/sync.indirect[go.shape.interface {},go.shape.interface {}]; internal/sync.children [16]sync/atomic.Pointer[go.shape.struct { internal/sync.isEntry bool }] }, 13, 13, []
.eq.[6]string, 17, 11, [[b1] [b2 b4 b9 b6 b3] [b5] [b13 b15 b14] [b16] [b18] [b7] [b10] [b12] [b8] [b19]]
.eq.[2]string, 12, 10, [[b1] [b3] [b2] [b6] [b5] [b7 b9 b8] [b10] [b12] [b4] [b13]]
.eq.cmd/internal/par.errValue[go.shape.*uint8], 7, 7, []
.eq.go.shape.struct { cmd/internal/par.v *cmd/go/internal/modfetch.RevInfo; cmd/internal/par.err error }, 7, 7, []
.eq.go.shape.struct { cmd/internal/par.v *cmd/go/internal/modfetch.Versions; cmd/internal/par.err error }, 7, 7, []
.eq.go.shape.struct { cmd/internal/par.v go.shape.*uint8; cmd/internal/par.err error }, 7, 7, []
.eq.[2]interface {}, 10, 7, [[b1] [b2 b4 b8 b3] [b5] [b7] [b6] [b9] [b10]]
.eq.go.shape.struct { cmd/internal/par.v string; cmd/internal/par.err error }, 10, 10, []
.eq.[4]interface {}, 10, 7, [[b1] [b2 b4 b8 b3] [b5] [b7] [b6] [b9] [b10]]
.eq.[16]sync/atomic.Pointer[go.shape.struct { internal/sync.isEntry bool }], 6, 4, [[b1] [b2 b4 b3] [b9] [b8]]
.eq.[5]interface {}, 10, 7, [[b1] [b2 b4 b8 b3] [b5] [b7] [b6] [b9] [b10]]
.eq.cmd/internal/par.cacheEntry[go.shape.struct { cmd/internal/par.v string; cmd/internal/par.err error }], 18, 18, []
.eq.go.shape.struct { cmd/internal/par.v go.shape.string; cmd/internal/par.err error }, 10, 10, []
.eq.cmd/internal/par.cacheEntry[go.shape.struct { cmd/internal/par.v go.shape.*uint8; cmd/internal/par.err error }], 16, 16, []
.eq.cmd/internal/par.errValue[go.shape.string], 10, 10, []
.eq.cmd/internal/par.cacheEntry[go.shape.struct { cmd/internal/par.v *cmd/go/internal/modfetch.RevInfo; cmd/internal/par.err error }], 16, 16, []
.eq.cmd/internal/par.cacheEntry[go.shape.interface { CheckReuse(context.Context, *cmd/go/internal/modfetch/codehost.Origin) error; GoMod(context.Context, string) ([]uint8, error); Latest(context.Context) (*cmd/go/internal/modfetch.RevInfo, error); ModulePath() string; Stat(context.Context, string) (*cmd/go/internal/modfetch.RevInfo, error); Versions(context.Context, string) (*cmd/go/internal/modfetch.Versions, error); Zip(context.Context, io.Writer, string) error }], 13, 13, []
.eq.[3]interface {}, 10, 7, [[b1] [b2 b4 b8 b3] [b5] [b7] [b6] [b9] [b10]]
.eq.cmd/internal/par.cacheEntry[go.shape.struct { cmd/internal/par.v go.shape.string; cmd/internal/par.err error }], 18, 18, []
.eq.cmd/internal/par.cacheEntry[go.shape.struct { cmd/internal/par.v *cmd/go/internal/modfetch.Versions; cmd/internal/par.err error }], 16, 16, []
.eq.go.shape.struct { internal/sync.node = internal/sync.node[go.shape.interface {},go.shape.interface {}]; internal/sync.overflow sync/atomic.Pointer[internal/sync.entry[go.shape.interface {},go.shape.interface {}]]; internal/sync.key go.shape.interface {}; internal/sync.value go.shape.interface {} }, 15, 15, []
.eq.internal/sync.entry[go.shape.interface {},go.shape.interface {}], 15, 15, []
.eq.go.shape.struct { internal/sync.node = internal/sync.node[interface {},interface {}]; internal/sync.overflow sync/atomic.Pointer[internal/sync.entry[interface {},interface {}]]; internal/sync.key interface {}; internal/sync.value interface {} }, 15, 15, []
.eq.internal/sync.indirect[go.shape.interface {},go.shape.interface {}], 13, 13, []
.eq.go.shape.struct { internal/sync.node = internal/sync.node[interface {},interface {}]; internal/sync.dead sync/atomic.Bool; internal/sync.mu internal/sync.Mutex; internal/sync.parent *internal/sync.indirect[interface {},interface {}]; internal/sync.children [16]sync/atomic.Pointer[internal/sync.node[interface {},interface {}]] }, 13, 13, []
