(*FlagNotDefinedError).Error, 3, 3, []
(*NonFlagError).Error, 3, 3, []
.eq.struct { Cache *struct { Mask uintptr; Entries [1]struct { Typ uintptr; Itab uintptr } }; Inter *struct { Type struct { Size_ uintptr; PtrBytes uintptr; Hash uint32; TFlag uint8; Align_ uint8; FieldAlign_ uint8; Kind_ uint8; Equal unsafe.Pointer; GCData *uint8; Str int32; PtrToThis int32 }; PkgPath struct { Bytes *uint8 }; Methods []struct { Name int32; Typ int32 } }; CanFail bool }, 6, 6, []
.eq.cmd/go/internal/cmdflag.FlagNotDefinedError, 15, 15, []
ParseOne, 90, 88, [[b2] [b5] [b6] [b78] [b17] [b81] [b19] [b134] [b25] [b132] [b27] [b30] [b66] [b64] [b60] [b70] [b62] [b74] [b50] [b51] [b38] [b46] [b32] [b29] [b69] [b73] [b77] [b86] [b88] [b87] [b89] [b90] [b92 b52 b93] [b95] [b94] [b91] [b49] [b97] [b96] [b100] [b128] [b36] [b136] [b35] [b130] [b140] [b145] [b143] [b146] [b147] [b148] [b149] [b34] [b151] [b152] [b157] [b155] [b158] [b99] [b116] [b117] [b118] [b43] [b120] [b121] [b126] [b124] [b127] [b104] [b105] [b101] [b98] [b106] [b44] [b108] [b109] [b114] [b112] [b115] [b58] [b56] [b54] [b53] [b82] [b42] [b33] [b40] [b21]]
.eq.[2]interface {}, 10, 7, [[b1] [b2 b4 b8 b3] [b5] [b7] [b6] [b9] [b10]]
.eq.[3]interface {}, 10, 7, [[b1] [b2 b4 b8 b3] [b5] [b7] [b6] [b9] [b10]]
