init.4, 4, 4, []
flagEditworkReplace, 42, 42, []
(*HashTrieMap[go.shape.interface {},go.shape.interface {}]).LoadAndDelete, 62, 42, [[b2] [b45] [b4] [b6] [b8] [b63] [b10] [b12] [b11] [b13] [b61] [b15] [b16] [b9] [b7] [b18] [b19] [b21] [b23] [b22] [b24] [b52] [b26] [b27] [b20] [b37] [b38 b40 b46 b71 b69 b67 b68 b66 b60 b59 b58 b56 b57 b54 b39 b42 b62 b53 b44 b43 b50] [b41] [b74] [b73] [b75] [b76] [b77] [b78] [b55] [b30] [b32] [b31] [b33] [b49] [b35] [b36]]
(*HashTrieMap[go.shape.interface {},go.shape.interface {}]).CompareAndSwap, 24, 24, []
(*HashTrieMap[go.shape.interface {},go.shape.interface {}]).CompareAndDelete, 64, 44, [[b2] [b47] [b4] [b5] [b7] [b8] [b10] [b65] [b12] [b14] [b13] [b15] [b63] [b17] [b18] [b11] [b9] [b20] [b21] [b23] [b25] [b24] [b26] [b54] [b28] [b29] [b22] [b39] [b40 b42 b48 b73 b71 b69 b70 b68 b62 b61 b60 b58 b59 b56 b41 b44 b64 b55 b46 b45 b52] [b43] [b76] [b75] [b77] [b78] [b79] [b80] [b57] [b32] [b34] [b33] [b35] [b51] [b37] [b38]]
runEditwork, 118, 117, [[b3] [b25] [b107] [b105] [b27] [b118] [b109] [b97] [b4] [b121] [b106] [b7] [b6] [b104] [b9] [b8] [b15] [b13] [b10] [b102] [b17] [b16] [b55] [b19] [b18] [b73] [b101] [b82] [b80] [b31] [b35] [b78] [b32] [b30] [b125] [b38] [b37] [b36] [b77] [b45] [b43] [b50] [b54] [b41] [b51] [b49] [b56] [b58] [b60] [b62] [b64] [b67] [b111] [b110] [b63] [b65] [b86] [b87] [b39] [b66] [b26] [b69] [b24] [b71] [b72] [b68] [b22] [b84] [b20] [b76] [b81] [b91] [b79] [b93] [b70] [b95] [b96] [b92] [b90] [b75] [b11] [b88] [b23] [b103] [b94] [b89] [b74] [b53] [b108] [b48] [b100] [b44] [b115] [b42] [b117] [b34] [b119] [b120] [b116] [b114] [b99] [b46] [b112] [b14] [b85] [b83] [b113] [b98] [b29] [b123] [b124 b126] [b127] [b122] [b128] [b130] [b131] [b129]]
runSync, 70, 29, [[b4] [b9] [b64] [b61] [b18] [b67] [b65] [b7] [b6] [b5] [b63] [b8] [b11] [b13] [b12] [b14] [b15 b19 b3 b22 b17 b23 b21 b25 b20 b10 b66 b30 b2 b16 b29 b35 b28 b27 b60 b34 b24 b33] [b37] [b39] [b38] [b40] [b41 b43 b53 b58 b59 b48 b56 b32 b62 b49 b55 b54 b57 b47 b52 b46 b45 b51 b50 b36 b42] [b44] [b31] [b69] [b68] [b26] [b71] [b70]]
workUse, 180, 15, [[b3] [b5 b192 b150 b194 b7 b161 b173 b20 b145 b191 b23 b26 b27 b19 b158 b116 b6] [b31] [b32 b34 b164 b162 b76 b108 b144 b171 b143 b163 b70 b41 b22 b105 b50 b61 b94 b63 b130 b52 b129 b30 b104 b107 b10 b48 b165 b59 b136 b100 b135 b79 b88 b93 b103 b102 b195 b111 b40 b57 b71 b75 b81 b86 b65 b95 b25 b14 b97 b106 b193 b12 b98 b46 b56 b58 b69 b96 b73 b84 b99 b92 b54 b43 b62 b110 b128 b13 b39 b45 b47 b53 b66 b72 b83 b85 b89 b78 b90 b36 b112 b33 b42 b38 b80 b77] [b35] [b113 b115 b187 b138 b91 b87 b172 b148 b134 b120 b137 b140 b117 b139 b142 b114 b119 b169 b2 b122 b133 b68 b67 b109 b4 b124 b125 b141 b146 b147 b118 b123 b127 b184 b178 b175 b8 b82 b74 b121 b11 b126 b131 b132] [b149] [b152] [b151] [b153] [b154 b156 b159 b176 b190 b155 b101 b179 b189 b188 b185 b167 b166 b186 b168 b183 b181 b182 b180 b174 b177 b170] [b157] [b160] [b196] [b197]]
flagEditworkDropGodebug, 13, 13, []
flagEditworkReplace.func1, 7, 7, []
(*HashTrieMap[go.shape.interface {},go.shape.interface {}]).find, 42, 8, [[b1] [b6 b4 b15 b59 b57 b55 b56 b53 b31 b17 b49 b48 b50 b45 b44 b43 b41 b42 b39 b25 b14 b27 b37 b24 b32 b29 b20 b26 b19 b18 b21 b12 b11 b7 b9] [b40] [b13] [b35] [b60] [b10] [b54]]
(*HashTrieMap[go.shape.interface {},go.shape.interface {}]).CompareAndSwap.deferwrap1, 7, 7, []
newIndirectNode[go.shape.interface {},go.shape.interface {}], 4, 4, []
(*HashTrieMap[go.shape.interface {},go.shape.interface {}]).init, 4, 4, []
runSync.ModSort.func1, 25, 25, []
workUse.func2, 13, 13, []
flagEditworkDropGodebug.func1, 13, 3, [[b1] [b2 b4 b10 b14 b12 b16 b13 b15 b3 b8 b9] [b11]]
workUse.func1, 44, 44, []
newEntryNode[go.shape.interface {},go.shape.interface {}], 4, 4, []
flagEditworkUse, 13, 13, []
flagEditworkDropUse, 13, 13, []
(*node[go.shape.interface {},go.shape.interface {}]).indirect, 3, 3, []
(*node[go.shape.interface {},go.shape.interface {}]).entry, 3, 3, []
(*HashTrieMap[go.shape.interface {},go.shape.interface {}]).iter, 16, 5, [[b1] [b2 b4 b10 b16 b24 b8 b15 b21 b9 b20 b23 b22] [b5] [b17] [b26]]
(*entry[go.shape.interface {},go.shape.interface {}]).lookup, 9, 4, [[b1] [b2 b4 b9 b6 b3 b8] [b5] [b7]]
(*entry[go.shape.interface {},go.shape.interface {}]).lookupWithValue, 14, 4, [[b1] [b2 b4 b15 b13 b11 b8 b7 b3 b10 b12 b9] [b5] [b14]]
(*indirect[go.shape.interface {},go.shape.interface {}]).empty, 4, 3, [[b1] [b2 b8] [b5]]
flagEditworkUse.func1, 10, 10, []
flagEditworkDropUse.func1, 13, 3, [[b1] [b2 b4 b10 b14 b12 b16 b13 b15 b3 b8 b9] [b11]]
(*HashTrieMap[interface {},interface {}]).init, 4, 4, []
.eq.cmd/go/internal/workcmd.replaceJSON, 18, 18, []
(*HashTrieMap[go.shape.interface {},go.shape.interface {}]).All, 7, 7, []
.eq.cmd/internal/par.errValue[*cmd/go/internal/modload.modFileSummary], 7, 7, []
.eq.cmd/internal/par.cacheEntry[cmd/go/internal/modfetch.Repo], 13, 13, []
.eq.cmd/internal/par.errValue[string], 10, 10, []
.eq.cmd/internal/par.cacheEntry[cmd/internal/par.errValue[string]], 18, 18, []
.eq.[16]sync/atomic.Pointer[internal/sync.node[interface {},interface {}]], 6, 4, [[b1] [b2 b4 b3] [b9] [b8]]
.eq.cmd/internal/par.cacheEntry[*cmd/go/internal/modload.loadPkg], 9, 9, []
.eq.cmd/internal/par.cacheEntry[cmd/internal/par.errValue[*cmd/go/internal/modload.modFileSummary]], 16, 16, []
(*flagFunc).String, 3, 3, []
.eq.internal/sync.entry[interface {},interface {}], 15, 15, []
(*indirect[go.shape.interface {},go.shape.interface {}]).indirect, 3, 3, []
(*struct { internal/sync.node = internal/sync.node[go.shape.interface {},go.shape.interface {}]; internal/sync.dead sync/atomic.Bool; internal/sync.mu internal/sync.Mutex; internal/sync.parent *internal/sync.indirect[go.shape.interface {},go.shape.interface {}]; internal/sync.children [16]sync/atomic.Pointer[go.shape.struct { internal/sync.isEntry bool }] }).internal/sync.entry, 3, 3, []
(*struct { internal/sync.node = internal/sync.node[go.shape.interface {},go.shape.interface {}]; internal/sync.dead sync/atomic.Bool; internal/sync.mu internal/sync.Mutex; internal/sync.parent *internal/sync.indirect[go.shape.interface {},go.shape.interface {}]; internal/sync.children [16]sync/atomic.Pointer[go.shape.struct { internal/sync.isEntry bool }] }).internal/sync.indirect, 3, 3, []
(*node[interface {},interface {}]).indirect, 3, 3, []
(*indirect[go.shape.interface {},go.shape.interface {}]).entry, 3, 3, []
(*entry[go.shape.interface {},go.shape.interface {}]).indirect, 3, 3, []
(*node[interface {},interface {}]).entry, 3, 3, []
(*ErrCache[go.shape.struct { Path string; Version string "json:\",omitempty\"" },go.shape.*uint8]).Get, 4, 4, []
(*entry[go.shape.interface {},go.shape.interface {}]).entry, 3, 3, []
(*struct { internal/sync.node = internal/sync.node[go.shape.interface {},go.shape.interface {}]; internal/sync.overflow sync/atomic.Pointer[internal/sync.entry[go.shape.interface {},go.shape.interface {}]]; internal/sync.key go.shape.interface {}; internal/sync.value go.shape.interface {} }).internal/sync.entry, 3, 3, []
.eq.cmd/go/internal/workcmd.useJSON, 9, 9, []
.eq.internal/sync.indirect[interface {},interface {}], 13, 13, []
(*ErrCache[go.shape.struct { Path string; Version string "json:\",omitempty\"" },go.shape.string]).Get, 4, 4, []
(*struct { internal/sync.node = internal/sync.node[go.shape.interface {},go.shape.interface {}]; internal/sync.overflow sync/atomic.Pointer[internal/sync.entry[go.shape.interface {},go.shape.interface {}]]; internal/sync.key go.shape.interface {}; internal/sync.value go.shape.interface {} }).internal/sync.indirect, 3, 3, []
(*flagFunc).Set, 3, 3, []
init, 34, 34, []
(*indirect[interface {},interface {}]).empty, 4, 3, [[b1] [b2 b8] [b11]]
flagEditworkDropReplace, 19, 19, []
init.3, 4, 4, []
(*entry[go.shape.interface {},go.shape.interface {}]).compareAndDelete, 18, 11, [[b1] [b21] [b3] [b22] [b4] [b24] [b10] [b11 b13 b20 b19 b18 b17 b16 b12] [b14] [b23] [b9]]
(*entry[go.shape.interface {},go.shape.interface {}]).compareAndSwap, 27, 20, [[b1] [b24] [b3] [b25] [b6] [b4] [b14] [b15 b17 b22 b19 b12 b21 b20 b16] [b18] [b29] [b8] [b27] [b26] [b10] [b9] [b30] [b28] [b23] [b13] [b11]]
(*HashTrieMap[go.shape.interface {},go.shape.interface {}]).Range, 4, 4, []
(*entry[interface {},interface {}]).entry, 3, 3, []
(*struct { internal/sync.node = internal/sync.node[interface {},interface {}]; internal/sync.dead sync/atomic.Bool; internal/sync.mu internal/sync.Mutex; internal/sync.parent *internal/sync.indirect[interface {},interface {}]; internal/sync.children [16]sync/atomic.Pointer[internal/sync.node[interface {},interface {}]] }).internal/sync.entry, 3, 3, []
(*indirect[interface {},interface {}]).entry, 3, 3, []
flagEditworkDropReplace.func1, 17, 3, [[b1] [b2 b4 b15 b19 b17 b21 b13 b12 b18 b20 b8 b7 b9 b3 b14] [b16]]
(*HashTrieMap[go.shape.interface {},go.shape.interface {}]).expand, 14, 9, [[b1] [b5] [b18] [b20] [b16] [b7 b22 b15 b13 b8 b10] [b9] [b11] [b4]]
(*indirect[interface {},interface {}]).indirect, 3, 3, []
(*entry[go.shape.interface {},go.shape.interface {}]).loadAndDelete, 14, 9, [[b1] [b16] [b4] [b14] [b6] [b7 b9 b12 b11 b8 b13] [b10] [b15] [b5]]
(*struct { internal/sync.node = internal/sync.node[interface {},interface {}]; internal/sync.overflow sync/atomic.Pointer[internal/sync.entry[interface {},interface {}]]; internal/sync.key interface {}; internal/sync.value interface {} }).internal/sync.entry, 3, 3, []
(*struct { internal/sync.node = internal/sync.node[interface {},interface {}]; internal/sync.dead sync/atomic.Bool; internal/sync.mu internal/sync.Mutex; internal/sync.parent *internal/sync.indirect[interface {},interface {}]; internal/sync.children [16]sync/atomic.Pointer[internal/sync.node[interface {},interface {}]] }).internal/sync.indirect, 3, 3, []
(*entry[interface {},interface {}]).indirect, 3, 3, []
(*struct { internal/sync.node = internal/sync.node[interface {},interface {}]; internal/sync.overflow sync/atomic.Pointer[internal/sync.entry[interface {},interface {}]]; internal/sync.key interface {}; internal/sync.value interface {} }).internal/sync.indirect, 3, 3, []
(*entry[interface {},interface {}]).lookup, 10, 5, [[b1] [b2 b4 b10 b6 b3 b8] [b5] [b7] [b9]]
(*entry[go.shape.interface {},go.shape.interface {}]).swap, 23, 18, [[b1] [b15] [b4] [b8] [b10] [b11 b13 b5 b3 b12 b17] [b14] [b21] [b23] [b19] [b18] [b6] [b2] [b22] [b20] [b16] [b9] [b7]]
(*entry[interface {},interface {}]).lookupWithValue, 15, 5, [[b1] [b2 b4 b8 b16 b10 b13 b7 b11 b12 b3 b9] [b5] [b14] [b15]]
(*HashTrieMap[go.shape.interface {},go.shape.interface {}]).Clear, 4, 4, []
editPrintJSON, 45, 25, [[b1] [b33] [b3] [b41] [b24] [b18] [b2] [b4 b15 b42 b21 b6 b34 b28 b5 b43 b9 b8] [b7] [b10 b30 b44 b29 b12 b35 b32 b11 b45 b31 b14] [b13] [b36] [b17] [b37] [b19] [b20] [b16] [b38] [b22] [b39] [b25] [b40] [b27] [b26] [b23]]
runVendor, 10, 10, []
init.0, 4, 4, []
(*Cache[go.shape.struct { Path string; Version string "json:\",omitempty\"" },go.shape.struct { cmd/internal/par.v go.shape.*uint8; cmd/internal/par.err error }]).Do, 27, 27, []
(*Cache[go.shape.struct { Path string; Version string "json:\",omitempty\"" },go.shape.struct { cmd/internal/par.v go.shape.*uint8; cmd/internal/par.err error }]).Get, 7, 7, []
(*Cache[go.shape.struct { Path string; Version string "json:\",omitempty\"" },go.shape.struct { cmd/internal/par.v string; cmd/internal/par.err error }]).Do, 27, 27, []
(*Cache[go.shape.struct { cmd/go/internal/modfetch.proxy string; cmd/go/internal/modfetch.path string },go.shape.interface { CheckReuse(context.Context, *cmd/go/internal/modfetch/codehost.Origin) error; GoMod(context.Context, string) ([]uint8, error); Latest(context.Context) (*cmd/go/internal/modfetch.RevInfo, error); ModulePath() string; Stat(context.Context, string) (*cmd/go/internal/modfetch.RevInfo, error); Versions(context.Context, string) (*cmd/go/internal/modfetch.Versions, error); Zip(context.Context, io.Writer, string) error }]).Get, 7, 7, []
(*Cache[go.shape.struct { cmd/go/internal/modfetch.proxy string; cmd/go/internal/modfetch.path string },go.shape.interface { CheckReuse(context.Context, *cmd/go/internal/modfetch/codehost.Origin) error; GoMod(context.Context, string) ([]uint8, error); Latest(context.Context) (*cmd/go/internal/modfetch.RevInfo, error); ModulePath() string; Stat(context.Context, string) (*cmd/go/internal/modfetch.RevInfo, error); Versions(context.Context, string) (*cmd/go/internal/modfetch.Versions, error); Zip(context.Context, io.Writer, string) error }]).Do, 27, 27, []
(*Cache[go.shape.struct { Path string; Version string "json:\",omitempty\"" },go.shape.struct { cmd/internal/par.v *cmd/go/internal/modload.modFileSummary; cmd/internal/par.err error }]).Do, 27, 27, []
(*Cache[go.shape.struct { Path string; Version string "json:\",omitempty\"" },go.shape.struct { cmd/internal/par.v string; cmd/internal/par.err error }]).Get, 7, 7, []
(*Cache[go.shape.struct { Path string; Version string "json:\",omitempty\"" },go.shape.struct { cmd/internal/par.v *cmd/go/internal/modload.modFileSummary; cmd/internal/par.err error }]).Get, 7, 7, []
(*Cache[go.shape.struct { Path string; Version string "json:\",omitempty\"" },go.shape.struct { cmd/internal/par.v go.shape.string; cmd/internal/par.err error }]).Do, 27, 27, []
(*Cache[go.shape.struct { Path string; Version string "json:\",omitempty\"" },go.shape.struct { cmd/internal/par.v go.shape.string; cmd/internal/par.err error }]).Get, 7, 7, []
pathRel, 8, 8, []
flagEditworkGodebug, 19, 19, []
(*HashTrieMap[go.shape.interface {},go.shape.interface {}]).Load, 22, 13, [[b2] [b18] [b4] [b7] [b8 b10 b15 b14 b9] [b11] [b13] [b16] [b21] [b22 b24 b17 b32 b23 b28] [b25] [b27] [b29]]
parsePathVersionOptional, 29, 29, []
(*HashTrieMap[go.shape.interface {},go.shape.interface {}]).LoadOrStore, 65, 25, [[b2] [b20] [b4] [b6] [b11 b9 b19 b59 b57 b55 b56 b53 b50 b31 b52 b48 b29 b22 b47 b45 b44 b43 b41 b42 b39 b15 b78 b18 b33 b12 b16 b24 b14 b23 b26 b17 b77 b37 b25 b30] [b40] [b10] [b81] [b62] [b64] [b65] [b66 b68 b83 b82 b67 b72] [b69] [b71] [b73] [b75] [b80] [b76] [b87] [b86] [b84] [b85] [b88] [b79] [b35]]
(*HashTrieMap[go.shape.interface {},go.shape.interface {}]).Swap, 46, 20, [[b2] [b19] [b4] [b6] [b11 b9 b55 b44 b42 b40 b41 b38 b35 b15 b37 b33 b60 b59 b32 b30 b29 b28 b26 b27 b24 b54 b22 b17 b16 b12 b14] [b25] [b10] [b58] [b47] [b49] [b50] [b51] [b57] [b53] [b64] [b63] [b61] [b62] [b65] [b56]]
runUse, 13, 13, []
(*HashTrieMap[go.shape.interface {},go.shape.interface {}]).initSlow, 18, 18, []
runInit, 13, 13, []
flagEditworkGodebug.func1, 7, 7, []
(*HashTrieMap[go.shape.interface {},go.shape.interface {}]).LoadOrStore.deferwrap1, 7, 7, []
(*HashTrieMap[go.shape.interface {},go.shape.interface {}]).Swap.deferwrap1, 7, 7, []
(*HashTrieMap[go.shape.interface {},go.shape.interface {}]).initSlow.deferwrap1, 7, 7, []
.eq.go.shape.struct { internal/sync.node = internal/sync.node[interface {},interface {}]; internal/sync.dead sync/atomic.Bool; internal/sync.mu internal/sync.Mutex; internal/sync.parent *internal/sync.indirect[interface {},interface {}]; internal/sync.children [16]sync/atomic.Pointer[internal/sync.node[interface {},interface {}]] }, 13, 13, []
.eq.go.shape.struct { Path string; Version string "json:\",omitempty\"" }, 9, 9, []
.eq.internal/sync.indirect[go.shape.interface {},go.shape.interface {}], 13, 13, []
.eq.[2]string, 12, 10, [[b1] [b3] [b2] [b6] [b5] [b7 b9 b8] [b10] [b12] [b4] [b13]]
.eq.go.shape.struct { cmd/go/internal/modfetch.proxy string; cmd/go/internal/modfetch.path string }, 9, 9, []
.eq.go.shape.struct { internal/sync.node = internal/sync.node[interface {},interface {}]; internal/sync.overflow sync/atomic.Pointer[internal/sync.entry[interface {},interface {}]]; internal/sync.key interface {}; internal/sync.value interface {} }, 15, 15, []
.eq.go.shape.struct { internal/sync.node = internal/sync.node[go.shape.interface {},go.shape.interface {}]; internal/sync.dead sync/atomic.Bool; internal/sync.mu internal/sync.Mutex; internal/sync.parent *internal/sync.indirect[go.shape.interface {},go.shape.interface {}]; internal/sync.children [16]sync/atomic.Pointer[go.shape.struct { internal/sync.isEntry bool }] }, 13, 13, []
.eq.go.shape.struct { internal/sync.node = internal/sync.node[go.shape.interface {},go.shape.interface {}]; internal/sync.overflow sync/atomic.Pointer[internal/sync.entry[go.shape.interface {},go.shape.interface {}]]; internal/sync.key go.shape.interface {}; internal/sync.value go.shape.interface {} }, 15, 15, []
.eq.go.shape.struct { cmd/go/internal/modload.mg *cmd/go/internal/modload.ModuleGraph; cmd/go/internal/modload.err error }, 7, 7, []
.eq.go.shape.struct { cmd/internal/par.v *cmd/go/internal/modload.modFileSummary; cmd/internal/par.err error }, 7, 7, []
.eq.go.shape.struct { cmd/internal/par.v go.shape.*uint8; cmd/internal/par.err error }, 7, 7, []
.eq.cmd/internal/par.errValue[go.shape.*uint8], 7, 7, []
.eq.[2]interface {}, 10, 7, [[b1] [b2 b4 b8 b3] [b5] [b7] [b6] [b9] [b10]]
.eq.cmd/internal/par.cacheEntry[go.shape.struct { cmd/internal/par.v string; cmd/internal/par.err error }], 18, 18, []
.eq.cmd/internal/par.cacheEntry[go.shape.struct { cmd/internal/par.v go.shape.string; cmd/internal/par.err error }], 18, 18, []
.eq.cmd/internal/par.cacheEntry[go.shape.struct { cmd/internal/par.v go.shape.*uint8; cmd/internal/par.err error }], 16, 16, []
.eq.cmd/internal/par.cacheEntry[go.shape.struct { cmd/internal/par.v *cmd/go/internal/modload.modFileSummary; cmd/internal/par.err error }], 16, 16, []
.eq.cmd/internal/par.cacheEntry[go.shape.interface { CheckReuse(context.Context, *cmd/go/internal/modfetch/codehost.Origin) error; GoMod(context.Context, string) ([]uint8, error); Latest(context.Context) (*cmd/go/internal/modfetch.RevInfo, error); ModulePath() string; Stat(context.Context, string) (*cmd/go/internal/modfetch.RevInfo, error); Versions(context.Context, string) (*cmd/go/internal/modfetch.Versions, error); Zip(context.Context, io.Writer, string) error }], 13, 13, []
.eq.cmd/internal/par.errValue[go.shape.string], 10, 10, []
.eq.[16]sync/atomic.Pointer[go.shape.struct { internal/sync.isEntry bool }], 6, 4, [[b1] [b2 b4 b3] [b9] [b8]]
.eq.go.shape.struct { cmd/internal/par.v go.shape.string; cmd/internal/par.err error }, 10, 10, []
.eq.go.shape.struct { cmd/internal/par.v string; cmd/internal/par.err error }, 10, 10, []
.eq.internal/sync.entry[go.shape.interface {},go.shape.interface {}], 15, 15, []
