(*DiskCache).putIndexEntry, 32, 32, []
(*ProgCache).Put, 41, 35, [[b3] [b7] [b9 b25 b10] [b12] [b11] [b8] [b13] [b14] [b16 b4 b17] [b19] [b18] [b20] [b27] [b29] [b32] [b35] [b6] [b33] [b31] [b37] [b38] [b40 b21 b41] [b43] [b42] [b39] [b36] [b28] [b23] [b44] [b46] [b48] [b45] [b30] [b22] [b5]]
FileHash, 43, 41, [[b1] [b3] [b2] [b4] [b5] [b6] [b8] [b10] [b9] [b11] [b50] [b13] [b15] [b20] [b30] [b32 b53 b33] [b35] [b34] [b36] [b38] [b37] [b39] [b52] [b40] [b56] [b54] [b41] [b48] [b43] [b44] [b45] [b46] [b42] [b22] [b21] [b24] [b55] [b26] [b27] [b23] [b17]]
(*DiskCache).put, 21, 17, [[b3] [b7] [b9 b25 b10] [b12] [b11] [b8] [b13] [b14] [b16 b4 b17] [b19] [b18] [b20] [b27] [b31] [b32] [b22] [b5]]
(*DiskCache).Trim, 17, 16, [[b4] [b6] [b17] [b19] [b20] [b34] [b7] [b35] [b5] [b21 b23] [b24] [b30] [b31] [b39] [b40] [b41]]
startCacheProg, 83, 79, [[b1] [b3] [b2] [b14] [b5] [b11] [b7] [b8] [b4] [b30] [b16] [b18] [b24] [b20] [b15] [b22] [b23] [b19] [b9] [b26] [b79] [b28] [b29] [b25] [b48] [b71] [b61] [b51] [b75] [b74] [b77] [b32] [b70] [b34] [b35] [b31] [b37] [b38] [b40 b64 b41] [b43] [b42] [b39] [b45] [b44] [b46] [b56] [b47] [b60] [b52] [b10] [b49] [b33] [b50] [b55] [b59] [b78] [b73] [b80] [b12] [b6] [b81] [b17] [b13] [b82] [b27] [b21] [b57 b58] [b62] [b63 b65] [b66] [b67] [b68] [b69] [b54] [b72] [b76] [b83] [b53] [b36]]
(*DiskCache).copyFile, 102, 80, [[b2] [b118] [b4] [b113] [b7] [b10] [b8] [b11] [b14] [b5] [b20] [b23] [b3] [b25] [b75] [b24] [b46] [b28] [b34] [b36 b139 b37] [b39] [b38] [b40] [b42] [b41] [b48] [b50] [b52] [b32] [b29] [b26] [b53] [b138] [b56] [b134] [b55] [b57] [b64] [b77] [b79 b133 b80] [b82] [b81] [b83] [b85 b87 b95 b149 b96 b97 b115 b150 b93 b99 b91 b121 b98 b89 b90 b94 b86] [b100] [b111] [b147] [b146] [b101] [b102] [b104 b120 b105] [b107] [b106] [b103] [b108] [b122] [b116] [b126] [b119] [b128] [b132] [b130] [b135] [b127] [b136] [b142] [b141] [b143] [b151] [b148] [b140] [b117] [b112] [b73] [b68] [b59] [b63] [b62] [b16] [b13]]
(*DiskCache).get, 128, 124, [[b3] [b8] [b11] [b20] [b191] [b19] [b40] [b42] [b46] [b50] [b54] [b58] [b62] [b105] [b109] [b128] [b47] [b160] [b152] [b129] [b131] [b145 b147 b149] [b83] [b85] [b153] [b156] [b155] [b159] [b157] [b179 b181 b183] [b77] [b79] [b187] [b190] [b189] [b193] [b213] [b73] [b217] [b223] [b212] [b30] [b110] [b107] [b192] [b75] [b195] [b196] [b201] [b199] [b205] [b31] [b120] [b119] [b178] [b37] [b127] [b126] [b158] [b81] [b161] [b162] [b167] [b165] [b171] [b38] [b142] [b133] [b132] [b87] [b134] [b135] [b140] [b138] [b144] [b43] [b148] [b143] [b108] [b89] [b111] [b112] [b117] [b115] [b121] [b51] [b170] [b169] [b103] [b101] [b99] [b97] [b95] [b93] [b91] [b72] [b55] [b177] [b176] [b39] [b59] [b186] [b182] [b216] [b18] [b184] [b23] [b150] [b32] [b63] [b203] [b194] [b28] [b66] [b210] [b204] [b16] [b70] [b218] [b211] [b7] [b71] [b222] [b221]]
(*DiskCache).get.func1, 4, 4, []
initEnv, 19, 19, []
OnceValue[go.shape.interface { Close() error; FuzzDir() string; Get(cmd/go/internal/cache.ActionID) (cmd/go/internal/cache.Entry, error); OutputFile(cmd/go/internal/cache.OutputID) string; Put(cmd/go/internal/cache.ActionID, io.ReadSeeker) (cmd/go/internal/cache.OutputID, int64, error) }], 7, 7, []
(*entryNotFoundError).Error, 6, 6, []
struct { reflect.typ_ *internal/abi.Type; reflect.ptr unsafe.Pointer; reflect.flag }.reflect.mustBeAssignable, 7, 7, []
startCacheProg.deferwrap2, 4, 4, []
(*DiskCache).copyFile.deferwrap1, 4, 4, []
(*DiskCache).get.deferwrap1, 4, 4, []
(*struct { reflect.typ_ *internal/abi.Type; reflect.ptr unsafe.Pointer; reflect.flag }).reflect.mustBeAssignable, 7, 7, []
(*struct { reflect.typ_ *internal/abi.Type; reflect.ptr unsafe.Pointer; reflect.flag }).reflect.mustBeExported, 7, 7, []
OnceValue[go.shape.interface { Close() error; FuzzDir() string; Get(cmd/go/internal/cache.ActionID) (cmd/go/internal/cache.Entry, error); OutputFile(cmd/go/internal/cache.OutputID) string; Put(cmd/go/internal/cache.ActionID, io.ReadSeeker) (cmd/go/internal/cache.OutputID, int64, error) }].func1, 6, 6, []
struct { reflect.typ_ *internal/abi.Type; reflect.ptr unsafe.Pointer; reflect.flag }.reflect.mustBeExported, 7, 7, []
struct { reflect.typ_ *internal/abi.Type; reflect.ptr unsafe.Pointer; reflect.flag }.reflect.mustBe, 6, 6, []
(*DiskCache).OutputFile, 10, 10, []
(*struct { reflect.typ_ *internal/abi.Type; reflect.ptr unsafe.Pointer; reflect.flag }).reflect.mustBe, 6, 6, []
(*Hash).Sum, 33, 33, []
DefaultDir, 4, 4, []
(*Hash).Write, 7, 7, []
OnceValue[go.shape.interface { Close() error; FuzzDir() string; Get(cmd/go/internal/cache.ActionID) (cmd/go/internal/cache.Entry, error); OutputFile(cmd/go/internal/cache.OutputID) string; Put(cmd/go/internal/cache.ActionID, io.ReadSeeker) (cmd/go/internal/cache.OutputID, int64, error) }].func1.1, 4, 4, []
(*DiskCache).Get, 6, 6, []
.eq.struct { Cache *struct { Mask uintptr; Entries [1]struct { Typ uintptr; Itab uintptr } }; Inter *struct { Type struct { Size_ uintptr; PtrBytes uintptr; Hash uint32; TFlag uint8; Align_ uint8; FieldAlign_ uint8; Kind_ uint8; Equal unsafe.Pointer; GCData *uint8; Str int32; PtrToThis int32 }; PkgPath struct { Bytes *uint8 }; Methods []struct { Name int32; Typ int32 } }; CanFail bool }, 6, 6, []
(*ProgCache).send, 12, 12, []
.eq.cmd/go/internal/cache.Hash, 12, 12, []
(*struct { sync.Mutex; cmd/go/internal/cache.m map[[32]uint8]string }).Lock, 7, 7, []
(*struct { sync.Mutex; cmd/go/internal/cache.m map[string][32]uint8 }).Lock, 7, 7, []
(*struct { sync.Mutex; cmd/go/internal/cache.m map[string][32]uint8 }).Unlock, 7, 7, []
OnceValue[go.shape.interface { Close() error; FuzzDir() string; Get(cmd/go/internal/cache.ActionID) (cmd/go/internal/cache.Entry, error); OutputFile(cmd/go/internal/cache.OutputID) string; Put(cmd/go/internal/cache.ActionID, io.ReadSeeker) (cmd/go/internal/cache.OutputID, int64, error) }].func1.1.1, 9, 9, []
(*struct { sync.Mutex; cmd/go/internal/cache.m map[[32]uint8]string }).Unlock, 7, 7, []
OnceValue[cmd/go/internal/cache.Cache], 7, 7, []
(*ProgCache).readLoop, 74, 29, [[b1] [b2] [b3] [b5 b37 b6] [b8] [b7] [b9] [b58] [b82] [b62] [b11 b12 b81 b83 b79 b71 b77 b75 b73 b74 b72 b70 b69 b68 b66 b67 b14 b84 b64 b76 b63 b40 b61 b80 b60 b17 b42 b78 b57 b16 b55 b53 b54 b52 b50 b51 b49 b47 b46 b45 b43 b44 b41] [b18] [b20] [b19] [b21] [b22] [b23] [b25] [b26 b28] [b29] [b56] [b59] [b38] [b31] [b30] [b32] [b65] [b34] [b39]]
DefaultDir.func1, 51, 51, []
(*ProgCache).noteOutputFile, 10, 10, []
(*ProgCache).OutputFile, 7, 7, []
(*DiskCache).markUsed, 6, 6, []
(*DiskCache).Put, 4, 4, []
PutBytes, 4, 4, []
OnceValue[cmd/go/internal/cache.Cache].OnceValue[go.shape.interface { Close() error; FuzzDir() string; Get(cmd/go/internal/cache.ActionID) (cmd/go/internal/cache.Entry, error); OutputFile(cmd/go/internal/cache.OutputID) string; Put(cmd/go/internal/cache.ActionID, io.ReadSeeker) (cmd/go/internal/cache.OutputID, int64, error) }].func1, 3, 3, []
Open, 19, 17, [[b1] [b2] [b5] [b9] [b7] [b8] [b19] [b14] [b11] [b4] [b10 b12 b18] [b13] [b16] [b17] [b15] [b20] [b3]]
(*DiskCache).PutExecutable, 6, 6, []
(*ProgCache).noteOutputFile.deferwrap1, 7, 7, []
(*ProgCache).OutputFile.deferwrap1, 7, 7, []
init, 10, 10, []
(*struct { sync.Mutex; cmd/go/internal/cache.m map[string][32]uint8 }).TryLock, 9, 9, []
(*ProgCache).Get, 26, 26, []
OnceValue[cmd/go/internal/cache.Cache].OnceValue[go.shape.interface { Close() error; FuzzDir() string; Get(cmd/go/internal/cache.ActionID) (cmd/go/internal/cache.Entry, error); OutputFile(cmd/go/internal/cache.OutputID) string; Put(cmd/go/internal/cache.ActionID, io.ReadSeeker) (cmd/go/internal/cache.OutputID, int64, error) }].func1.1, 4, 4, []
(*struct { sync.Mutex; cmd/go/internal/cache.m map[[32]uint8]string }).TryLock, 9, 9, []
GetFile, 13, 13, []
GetBytes, 8, 8, []
(*ProgCache).Close, 4, 4, []
init.OnceValue[go.shape.interface { Close() error; FuzzDir() string; Get(cmd/go/internal/cache.ActionID) (cmd/go/internal/cache.Entry, error); OutputFile(cmd/go/internal/cache.OutputID) string; Put(cmd/go/internal/cache.ActionID, io.ReadSeeker) (cmd/go/internal/cache.OutputID, int64, error) }].func1, 3, 3, []
NewHash, 13, 13, []
SetFileHash, 19, 19, []
OnceValue[cmd/go/internal/cache.Cache].OnceValue[go.shape.interface { Close() error; FuzzDir() string; Get(cmd/go/internal/cache.ActionID) (cmd/go/internal/cache.Entry, error); OutputFile(cmd/go/internal/cache.OutputID) string; Put(cmd/go/internal/cache.ActionID, io.ReadSeeker) (cmd/go/internal/cache.OutputID, int64, error) }].func1.1.1, 9, 9, []
reverseHash, 13, 13, []
GetMmap, 10, 10, []
stripExperiment, 9, 9, []
Subkey, 22, 22, []
init.OnceValue[go.shape.interface { Close() error; FuzzDir() string; Get(cmd/go/internal/cache.ActionID) (cmd/go/internal/cache.Entry, error); OutputFile(cmd/go/internal/cache.OutputID) string; Put(cmd/go/internal/cache.ActionID, io.ReadSeeker) (cmd/go/internal/cache.OutputID, int64, error) }].func1.1, 4, 4, []
(*DiskCache).trimSubdir, 29, 8, [[b2] [b3] [b6] [b5] [b7] [b8 b10 b31 b41 b37 b14 b13 b38 b33 b39 b20 b21 b35 b24 b23 b15 b36 b19 b9 b34 b30 b25] [b11] [b4]]
initDefaultCache, 32, 32, []
(*ProgCache).writeToChild, 63, 61, [[b1] [b3] [b2] [b4] [b5] [b6] [b8] [b10] [b9] [b33] [b54] [b50] [b12] [b11] [b13] [b47] [b15] [b17] [b38] [b18] [b21] [b20] [b22] [b23] [b24] [b26] [b57] [b19] [b27] [b28] [b30] [b14] [b32] [b16] [b41] [b35] [b40] [b25] [b39] [b56] [b42 b36 b43] [b45] [b44] [b46] [b49] [b51] [b53] [b61] [b34] [b63] [b64] [b62] [b55] [b60] [b58] [b59] [b52] [b48] [b37] [b31] [b29]]
init.OnceValue[go.shape.interface { Close() error; FuzzDir() string; Get(cmd/go/internal/cache.ActionID) (cmd/go/internal/cache.Entry, error); OutputFile(cmd/go/internal/cache.OutputID) string; Put(cmd/go/internal/cache.ActionID, io.ReadSeeker) (cmd/go/internal/cache.OutputID, int64, error) }].func1.1.1, 9, 9, []
(*ProgCache).writeToChild.deferwrap1, 7, 7, []
(*ProgCache).writeToChild.func1, 19, 19, []
.eq.go.shape.struct { internal/godebug.text string; internal/godebug.bisect *internal/bisect.Matcher }, 7, 7, []
.eq.[2]io.Writer, 10, 7, [[b1] [b2 b4 b8 b3] [b5] [b7] [b6] [b9] [b10]]
.eq.[3]string, 14, 12, [[b1] [b3] [b2] [b6] [b5] [b8] [b7] [b9 b11 b10] [b12] [b14] [b4] [b15]]
.eq.[2]string, 12, 10, [[b1] [b3] [b2] [b6] [b5] [b7 b9 b8] [b10] [b12] [b4] [b13]]
.eq.[3]interface {}, 10, 7, [[b1] [b2 b4 b8 b3] [b5] [b7] [b6] [b9] [b10]]
.eq.[2]interface {}, 10, 7, [[b1] [b2 b4 b8 b3] [b5] [b7] [b6] [b9] [b10]]
.eq.[4]interface {}, 10, 7, [[b1] [b2 b4 b8 b3] [b5] [b7] [b6] [b9] [b10]]
.eq.[6]interface {}, 10, 7, [[b1] [b2 b4 b8 b3] [b5] [b7] [b6] [b9] [b10]]
