(*HashTrieMap[go.shape.interface {},go.shape.interface {}]).CompareAndSwap, 24, 24, []
(*HashTrieMap[go.shape.interface {},go.shape.interface {}]).LoadAndDelete, 62, 42, [[b2] [b45] [b4] [b6] [b8] [b63] [b10] [b12] [b11] [b13] [b61] [b15] [b16] [b9] [b7] [b18] [b19] [b21] [b23] [b22] [b24] [b52] [b26] [b27] [b20] [b37] [b38 b40 b46 b71 b69 b67 b68 b66 b60 b59 b58 b56 b57 b54 b39 b42 b62 b53 b44 b43 b50] [b41] [b74] [b73] [b75] [b76] [b77] [b78] [b55] [b30] [b32] [b31] [b33] [b49] [b35] [b36]]
(*HashTrieMap[go.shape.interface {},go.shape.interface {}]).initSlow, 18, 18, []
medianCmpFunc[go.shape.struct { Name string; Value string; Changed bool }], 22, 22, []
(*HashTrieMap[go.shape.interface {},go.shape.interface {}]).CompareAndDelete, 64, 44, [[b2] [b47] [b4] [b5] [b7] [b8] [b10] [b65] [b12] [b14] [b13] [b15] [b63] [b17] [b18] [b11] [b9] [b20] [b21] [b23] [b25] [b24] [b26] [b54] [b28] [b29] [b22] [b39] [b40 b42 b48 b73 b71 b69 b70 b68 b62 b61 b60 b58 b59 b56 b41 b44 b64 b55 b46 b45 b52] [b43] [b76] [b75] [b77] [b78] [b79] [b80] [b57] [b32] [b34] [b33] [b35] [b51] [b37] [b38]]
checkBuildConfig, 65, 41, [[b1] [b2] [b5] [b6] [b7 b9 b25 b21 b23 b84 b79 b19 b8] [b10] [b27] [b28] [b3] [b4] [b31] [b34] [b35] [b36 b38 b54 b50 b52 b76 b49 b48 b37] [b39] [b56] [b57] [b32] [b33] [b60] [b44] [b41] [b20] [b63] [b64] [b62] [b66] [b69] [b70] [b71 b73 b89 b85 b87 b15 b12 b83 b72] [b74] [b91] [b92] [b67] [b68] [b94] [b96] [b97] [b95] [b98] [b65]]
ExtraEnvVarsCostly, 98, 36, [[b2] [b234] [b291] [b290] [b3] [b12] [b13] [b14] [b15] [b16] [b17] [b18] [b19] [b20] [b21] [b22] [b23] [b24] [b25] [b26] [b28] [b30] [b33] [b32] [b34] [b35] [b37] [b230] [b289] [b287] [b39 b41 b154 b128 b213 b269 b285 b48 b156 b184 b242 b126 b211 b238 b272 b236 b288 b53 b103 b262 b260 b258 b256 b254 b247 b122 b203 b228 b226 b251 b224 b222 b275 b284 b280 b274 b270 b181 b175 b179 b240 b232 b244 b51 b153 b78 b101 b97 b151 b147 b252 b250 b46 b54 b80 b157 b215 b278 b276 b268 b264 b76 b72] [b292] [b4] [b286] [b6] [b11]]
MkEnv, 383, 282, [[b4] [b489] [b738] [b736] [b491] [b742] [b740] [b6] [b17] [b407] [b406] [b737] [b16] [b455] [b648] [b646] [b457] [b652] [b650] [b464] [b656] [b654] [b467] [b679] [b658] [b468] [b683] [b681] [b469] [b694] [b692] [b470] [b698] [b696] [b472] [b702] [b700] [b474] [b713] [b711] [b478] [b717] [b715] [b485] [b721] [b719] [b486] [b730] [b723] [b487] [b734] [b732] [b20] [b33] [b399] [b397] [b733] [b35] [b436] [b597] [b595] [b437] [b608] [b599] [b438] [b612] [b610] [b440] [b616] [b614] [b442] [b627] [b618] [b451] [b631] [b629] [b452] [b635] [b633] [b453] [b639] [b637] [b37 b39 b76 b334 b338 b557 b553 b354 b46 b78 b140 b160 b183 b208 b266 b294 b647 b336 b645 b342 b435 b559 b426 b555 b117 b731 b729 b726 b718 b714 b157 b703 b699 b695 b693 b691 b690 b689 b676 b673 b297 b305 b395 b394 b330 b340 b346 b350 b115 b74 b72 b137 b131 b135 b302 b180 b178 b205 b201 b262 b256 b260 b292 b284 b315 b321 b653 b649 b47 b63 b121 b141 b161 b184 b267 b96 b111 b728 b727 b708 b707 b706 b299 b306 b686 b678 b677 b307 b318 b59 b94 b712 b710 b709 b57 b295 b296 b234 b228 b232 b90 b44] [b40] [b362] [b422] [b547] [b545] [b360] [b424] [b551] [b549] [b364] [b562] [b573] [b576] [b571] [b558] [b541] [b542] [b512] [b602] [b516] [b594] [b518] [b605] [b531] [b607] [b535] [b606] [b537] [b609] [b500] [b539] [b501] [b476] [b611] [b480] [b615] [b493] [b619] [b497] [b622] [b465] [b484] [b466] [b482] [b561] [b565] [b568] [b563] [b560] [b428] [b625] [b430] [b626] [b444] [b623] [b446] [b624] [b459] [b628] [b461] [b630] [b417] [b450] [b463] [b448] [b432] [b401] [b413] [b391] [b415] [b392] [b403] [b373] [b634] [b375] [b642] [b384] [b643] [b386] [b644] [b366] [b363] [b388] [b377] [b579] [b593] [b581] [b592] [b582] [b583] [b421] [b538] [b536] [b580] [b589] [b588] [b661] [b664] [b659] [b632] [b540] [b636] [b533] [b638] [b543] [b651] [b546] [b655] [b544] [b657] [b548] [b620] [b641] [b621] [b613] [b550] [b617] [b552] [b603] [b604] [b596] [b554] [b598] [b556] [b590] [b587] [b591] [b600] [b667] [b584] [b529] [b672] [b745] [b748] [b743] [b716] [b506] [b720] [b505] [b722] [b508] [b735] [b514] [b739] [b510] [b741] [b522] [b704] [b725] [b705] [b697] [b523] [b701] [b524] [b687] [b688] [b680] [b525] [b682] [b527] [b674] [b671] [b675] [b684] [b751] [b668] [b504] [b752] [b753] [b420] [b534] [b532] [b503] [b754] [b755] [b419] [b530] [b528] [b502] [b756] [b757] [b416] [b526] [b519] [b760] [b495] [b763] [b764] [b409] [b513] [b511] [b759] [b499] [b761] [b762] [b411] [b517] [b515] [b758]]
(*HashTrieMap[go.shape.interface {},go.shape.interface {}]).CompareAndSwap.deferwrap1, 7, 7, []
sortKeyValues.func1, 5, 5, []
(*HashTrieMap[go.shape.interface {},go.shape.interface {}]).initSlow.deferwrap1, 7, 7, []
newEntryNode[go.shape.interface {},go.shape.interface {}], 4, 4, []
(*HashTrieMap[go.shape.interface {},go.shape.interface {}]).find, 42, 8, [[b1] [b6 b4 b15 b59 b57 b55 b56 b53 b31 b17 b49 b48 b50 b45 b44 b43 b41 b42 b39 b25 b14 b27 b37 b24 b32 b29 b20 b26 b19 b18 b21 b12 b11 b7 b9] [b40] [b13] [b35] [b60] [b10] [b54]]
newIndirectNode[go.shape.interface {},go.shape.interface {}], 4, 4, []
ExtraEnvVarsCostly.func1, 4, 4, []
(*HashTrieMap[go.shape.interface {},go.shape.interface {}]).init, 4, 4, []
(*node[go.shape.interface {},go.shape.interface {}]).indirect, 3, 3, []
(*node[go.shape.interface {},go.shape.interface {}]).entry, 3, 3, []
order2CmpFunc[go.shape.struct { Name string; Value string; Changed bool }], 7, 7, []
insertionSortCmpFunc[go.shape.struct { Name string; Value string; Changed bool }], 21, 7, [[b1] [b2 b4 b10 b20 b14 b6 b12 b3 b21 b11 b18 b23 b8 b16 b7] [b5] [b13] [b15] [b17] [b19]]
breakPatternsCmpFunc[go.shape.struct { Name string; Value string; Changed bool }], 17, 8, [[b1] [b18] [b6] [b7 b19 b3 b21 b9 b14 b12 b16 b13 b11] [b10] [b2] [b15] [b17]]
(*entry[go.shape.interface {},go.shape.interface {}]).lookup, 9, 4, [[b1] [b2 b4 b9 b6 b3 b8] [b5] [b7]]
(*entry[go.shape.interface {},go.shape.interface {}]).lookupWithValue, 14, 4, [[b1] [b2 b4 b15 b13 b11 b8 b7 b3 b10 b12 b9] [b5] [b14]]
(*HashTrieMap[go.shape.interface {},go.shape.interface {}]).iter, 16, 5, [[b1] [b2 b4 b10 b16 b24 b8 b15 b21 b9 b20 b23 b22] [b5] [b17] [b26]]
Clone[go.shape.[]cmd/go/internal/cfg.EnvVar,go.shape.struct { Name string; Value string; Changed bool }], 6, 6, []
siftDownCmpFunc[go.shape.struct { Name string; Value string; Changed bool }], 22, 8, [[b1] [b3 b27 b22 b29 b4 b18 b16 b14 b26 b15 b24 b8 b6 b10 b9] [b11] [b13] [b17] [b19] [b21] [b5]]
init, 13, 13, []
getOrigEnv, 9, 4, [[b1] [b2 b4 b15 b10 b14 b3] [b5] [b22]]
findEnv, 11, 6, [[b1] [b2 b4 b6 b11 b3 b8] [b5] [b9] [b10] [b7]]
(*indirect[go.shape.interface {},go.shape.interface {}]).empty, 4, 3, [[b1] [b2 b8] [b5]]
pdqsortCmpFunc[go.shape.struct { Name string; Value string; Changed bool }], 65, 15, [[b1] [b3 b4 b65 b66 b58 b67 b68 b53 b62 b64 b54 b60 b24 b56 b59 b40 b28 b15 b55 b52 b50 b35 b26 b49 b33 b37 b43 b34 b36 b27 b31 b47 b29 b6 b39 b41 b38] [b61] [b63] [b57] [b42] [b44] [b32] [b7] [b8 b10 b16 b45 b20 b12 b18 b9 b46 b17 b51 b48 b14 b22 b13] [b30] [b19] [b21] [b23] [b25]]
reverseRangeCmpFunc[go.shape.struct { Name string; Value string; Changed bool }], 11, 5, [[b1] [b2 b11 b10 b13 b4 b6 b3] [b5] [b7] [b9]]
isWindowsUnquotableRune, 9, 9, []
(*HashTrieMap[interface {},interface {}]).init, 4, 4, []
partialInsertionSortCmpFunc[go.shape.struct { Name string; Value string; Changed bool }], 51, 10, [[b1] [b2 b4 b64 b53 b28 b54 b59 b60 b33 b50 b56 b65 b58 b39 b49 b47 b51 b44 b67 b30 b36 b40 b57 b26 b29 b61 b52 b20 b42 b63 b18 b32 b16 b9 b10 b62 b14 b6 b12 b3 b8 b11] [b5] [b13] [b15] [b21] [b23] [b55] [b19] [b17]]
partitionEqualCmpFunc[go.shape.struct { Name string; Value string; Changed bool }], 34, 14, [[b1] [b3] [b2] [b5] [b8] [b29] [b43] [b41] [b11 b21 b19 b31 b12 b36 b34 b27 b28 b38 b32 b24 b30 b17 b26 b18 b40 b22 b14 b20 b16] [b23] [b33] [b37] [b39] [b13]]
.eq.cmd/internal/par.errValue[*cmd/go/internal/modload.modFileSummary], 7, 7, []
checkEnvWrite, 228, 228, []
(*HashTrieMap[go.shape.interface {},go.shape.interface {}]).All, 7, 7, []
.eq.[16]sync/atomic.Pointer[internal/sync.node[interface {},interface {}]], 6, 4, [[b1] [b2 b4 b3] [b9] [b8]]
.eq.cmd/internal/par.cacheEntry[cmd/internal/par.errValue[*cmd/go/internal/modload.modFileSummary]], 16, 16, []
.eq.cmd/internal/par.cacheEntry[cmd/internal/par.errValue[string]], 18, 18, []
.eq.cmd/internal/par.errValue[string], 10, 10, []
.eq.cmd/internal/par.cacheEntry[error], 13, 13, []
.eq.cmd/internal/par.cacheEntry[cmd/go/internal/modfetch.Repo], 13, 13, []
.eq.internal/sync.entry[interface {},interface {}], 15, 15, []
.eq.cmd/internal/par.cacheEntry[string], 12, 12, []
.eq.internal/sync.indirect[interface {},interface {}], 13, 13, []
(*node[interface {},interface {}]).indirect, 3, 3, []
(*struct { internal/sync.node = internal/sync.node[go.shape.interface {},go.shape.interface {}]; internal/sync.overflow sync/atomic.Pointer[internal/sync.entry[go.shape.interface {},go.shape.interface {}]]; internal/sync.key go.shape.interface {}; internal/sync.value go.shape.interface {} }).internal/sync.indirect, 3, 3, []
(*struct { internal/sync.node = internal/sync.node[go.shape.interface {},go.shape.interface {}]; internal/sync.overflow sync/atomic.Pointer[internal/sync.entry[go.shape.interface {},go.shape.interface {}]]; internal/sync.key go.shape.interface {}; internal/sync.value go.shape.interface {} }).internal/sync.entry, 3, 3, []
(*struct { internal/sync.node = internal/sync.node[go.shape.interface {},go.shape.interface {}]; internal/sync.dead sync/atomic.Bool; internal/sync.mu internal/sync.Mutex; internal/sync.parent *internal/sync.indirect[go.shape.interface {},go.shape.interface {}]; internal/sync.children [16]sync/atomic.Pointer[go.shape.struct { internal/sync.isEntry bool }] }).internal/sync.indirect, 3, 3, []
(*struct { internal/sync.node = internal/sync.node[go.shape.interface {},go.shape.interface {}]; internal/sync.dead sync/atomic.Bool; internal/sync.mu internal/sync.Mutex; internal/sync.parent *internal/sync.indirect[go.shape.interface {},go.shape.interface {}]; internal/sync.children [16]sync/atomic.Pointer[go.shape.struct { internal/sync.isEntry bool }] }).internal/sync.entry, 3, 3, []
(*indirect[go.shape.interface {},go.shape.interface {}]).indirect, 3, 3, []
(*ErrCache[go.shape.struct { Path string; Version string "json:\",omitempty\"" },go.shape.string]).Get, 4, 4, []
(*indirect[go.shape.interface {},go.shape.interface {}]).entry, 3, 3, []
(*entry[go.shape.interface {},go.shape.interface {}]).indirect, 3, 3, []
(*entry[go.shape.interface {},go.shape.interface {}]).entry, 3, 3, []
runEnvU, 13, 9, [[b1] [b5] [b3] [b4] [b6 b8 b2 b11 b7] [b9] [b10] [b13] [b12]]
(*ErrCache[go.shape.struct { Path string; Version string "json:\",omitempty\"" },go.shape.*uint8]).Get, 4, 4, []
(*node[interface {},interface {}]).entry, 3, 3, []
ExtraEnvVarsCostly.func2, 3, 3, []
choosePivotCmpFunc[go.shape.struct { Name string; Value string; Changed bool }], 11, 11, []
heapSortCmpFunc[go.shape.struct { Name string; Value string; Changed bool }], 14, 7, [[b1] [b2 b4] [b5] [b6 b15 b14 b17 b8 b10 b7] [b9] [b11] [b13]]
Clone[[]cmd/go/internal/cfg.EnvVar,cmd/go/internal/cfg.EnvVar], 7, 7, []
partitionCmpFunc[go.shape.struct { Name string; Value string; Changed bool }], 69, 39, [[b1] [b3] [b2] [b5] [b8] [b76] [b89] [b87] [b10 b12 b14 b86 b18 b15] [b17] [b13] [b20 b22 b24 b84 b28 b25] [b27] [b23] [b30] [b41] [b40] [b43] [b46] [b58] [b79] [b71] [b49 b47 b44 b61 b50 b74 b72 b65 b66 b78 b70 b62 b67 b55 b64 b56 b82 b60 b52 b57 b54] [b59] [b69] [b75] [b77] [b51] [b83] [b88] [b42] [b45] [b39] [b31] [b33] [b38] [b68] [b85] [b81]]
(*indirect[interface {},interface {}]).empty, 4, 3, [[b1] [b2 b8] [b11]]
argKey, 5, 5, []
lineToKey, 8, 8, []
batchEscape, 47, 9, [[b1] [b2 b4 b10 b11 b6 b44 b54 b33 b7 b8 b42 b43 b5 b52 b15 b25 b3 b40 b51 b21 b30 b37 b38 b48 b49 b17 b27 b18 b36 b22 b47 b13 b14 b20 b24 b26 b29 b32 b9] [b55] [b61] [b58] [b60] [b59] [b50] [b39]]
init.0, 4, 4, []
ExtraEnvVars, 23, 23, []
(*HashTrieMap[go.shape.interface {},go.shape.interface {}]).Range, 4, 4, []
(*entry[go.shape.interface {},go.shape.interface {}]).compareAndDelete, 18, 11, [[b1] [b21] [b3] [b22] [b4] [b24] [b10] [b11 b13 b20 b19 b18 b17 b16 b12] [b14] [b23] [b9]]
(*entry[go.shape.interface {},go.shape.interface {}]).compareAndSwap, 27, 20, [[b1] [b24] [b3] [b25] [b6] [b4] [b14] [b15 b17 b22 b19 b12 b21 b20 b16] [b18] [b29] [b8] [b27] [b26] [b10] [b9] [b30] [b28] [b23] [b13] [b11]]
(*entry[go.shape.interface {},go.shape.interface {}]).loadAndDelete, 14, 9, [[b1] [b16] [b4] [b14] [b6] [b7 b9 b12 b11 b8 b13] [b10] [b15] [b5]]
(*struct { internal/sync.node = internal/sync.node[interface {},interface {}]; internal/sync.dead sync/atomic.Bool; internal/sync.mu internal/sync.Mutex; internal/sync.parent *internal/sync.indirect[interface {},interface {}]; internal/sync.children [16]sync/atomic.Pointer[internal/sync.node[interface {},interface {}]] }).internal/sync.entry, 3, 3, []
(*HashTrieMap[go.shape.interface {},go.shape.interface {}]).expand, 14, 9, [[b1] [b5] [b18] [b20] [b16] [b7 b22 b15 b13 b8 b10] [b9] [b11] [b4]]
(*struct { internal/sync.node = internal/sync.node[interface {},interface {}]; internal/sync.overflow sync/atomic.Pointer[internal/sync.entry[interface {},interface {}]]; internal/sync.key interface {}; internal/sync.value interface {} }).internal/sync.indirect, 3, 3, []
(*entry[interface {},interface {}]).indirect, 3, 3, []
(*struct { internal/sync.node = internal/sync.node[interface {},interface {}]; internal/sync.dead sync/atomic.Bool; internal/sync.mu internal/sync.Mutex; internal/sync.parent *internal/sync.indirect[interface {},interface {}]; internal/sync.children [16]sync/atomic.Pointer[internal/sync.node[interface {},interface {}]] }).internal/sync.indirect, 3, 3, []
(*indirect[interface {},interface {}]).entry, 3, 3, []
(*indirect[interface {},interface {}]).indirect, 3, 3, []
.eq.[31]cmd/go/internal/cfg.EnvVar, 71, 53, [[b1] [b2 b4 b27 b25 b23 b21 b19 b17 b15 b13 b10 b8 b6 b3] [b5] [b16] [b31] [b20] [b33] [b22] [b36] [b35] [b7] [b37] [b9] [b39] [b14] [b42] [b41] [b66] [b43] [b65] [b45] [b64] [b48] [b47] [b49 b51 b57 b55 b53 b50] [b52] [b71] [b62] [b61] [b68] [b67] [b56] [b70] [b69] [b60] [b54] [b58] [b59] [b11] [b40] [b44] [b46] [b18] [b32] [b34] [b38] [b24] [b26] [b28] [b29] [b30] [b12] [b63]]
(*entry[interface {},interface {}]).entry, 3, 3, []
(*struct { internal/sync.node = internal/sync.node[interface {},interface {}]; internal/sync.overflow sync/atomic.Pointer[internal/sync.entry[interface {},interface {}]]; internal/sync.key interface {}; internal/sync.value interface {} }).internal/sync.entry, 3, 3, []
(*entry[interface {},interface {}]).lookup, 10, 5, [[b1] [b2 b4 b10 b6 b3 b8] [b5] [b7] [b9]]
(*entry[go.shape.interface {},go.shape.interface {}]).swap, 23, 18, [[b1] [b15] [b4] [b8] [b10] [b11 b13 b5 b3 b12 b17] [b14] [b21] [b23] [b19] [b18] [b6] [b2] [b22] [b20] [b16] [b9] [b7]]
.eq.[7]cmd/go/internal/cfg.EnvVar, 68, 63, [[b1] [b50] [b2] [b54] [b4] [b55] [b7] [b6] [b36] [b9] [b40] [b11] [b42] [b14] [b13] [b28] [b15] [b30] [b17] [b34] [b20] [b19] [b18] [b21] [b22] [b23] [b24] [b26] [b25] [b10] [b27] [b12] [b29] [b16] [b32] [b31] [b60] [b33] [b3] [b35] [b5] [b38] [b37] [b63] [b39] [b62] [b41] [b61] [b44] [b43] [b45 b47 b53 b51 b49 b46] [b48] [b68] [b58] [b57] [b65] [b64] [b52] [b67] [b66] [b56] [b8] [b59]]
(*entry[interface {},interface {}]).lookupWithValue, 15, 5, [[b1] [b2 b4 b8 b16 b10 b13 b7 b11 b12 b3 b9] [b5] [b14] [b15]]
(*HashTrieMap[go.shape.interface {},go.shape.interface {}]).Clear, 4, 4, []
runEnvW, 55, 24, [[b1] [b49] [b3] [b4] [b6 b8 b33 b51 b10 b29 b52 b17 b15 b12] [b19] [b21 b23 b27 b42 b60 b57 b5 b2 b36 b41 b37 b16 b50 b32 b9 b34 b30 b13 b31 b26 b20 b28 b25] [b24] [b53] [b45] [b44] [b43] [b47] [b54] [b58] [b59] [b56] [b62] [b55] [b35] [b61] [b46] [b14] [b18]]
PrintEnv, 25, 9, [[b1] [b3] [b5] [b9] [b8] [b7] [b10] [b11 b13 b36 b15 b33 b22 b37 b29 b24 b38 b30 b17 b31 b12 b28 b20 b18] [b14]]
printEnvAsJSON, 24, 9, [[b1] [b2 b4 b7 b20 b16 b15 b17 b10 b25 b3 b6 b19 b13 b11 b9 b8] [b22] [b14] [b24] [b12] [b26] [b27] [b23]]
(*Cache[go.shape.string,go.shape.string]).Get, 7, 7, []
(*Cache[go.shape.string,go.shape.string]).Do, 27, 27, []
(*Cache[go.shape.struct { Path string; Version string "json:\",omitempty\"" },go.shape.struct { cmd/internal/par.v string; cmd/internal/par.err error }]).Do, 27, 27, []
(*Cache[go.shape.struct { Path string; Version string "json:\",omitempty\"" },go.shape.struct { cmd/internal/par.v string; cmd/internal/par.err error }]).Get, 7, 7, []
(*Cache[go.shape.string,go.shape.interface { Error() string }]).Do, 27, 27, []
(*Cache[go.shape.struct { cmd/go/internal/modfetch.proxy string; cmd/go/internal/modfetch.path string },go.shape.interface { CheckReuse(context.Context, *cmd/go/internal/modfetch/codehost.Origin) error; GoMod(context.Context, string) ([]uint8, error); Latest(context.Context) (*cmd/go/internal/modfetch.RevInfo, error); ModulePath() string; Stat(context.Context, string) (*cmd/go/internal/modfetch.RevInfo, error); Versions(context.Context, string) (*cmd/go/internal/modfetch.Versions, error); Zip(context.Context, io.Writer, string) error }]).Get, 7, 7, []
(*Cache[go.shape.struct { Path string; Version string "json:\",omitempty\"" },go.shape.struct { cmd/internal/par.v go.shape.*uint8; cmd/internal/par.err error }]).Do, 27, 27, []
(*Cache[go.shape.struct { Path string; Version string "json:\",omitempty\"" },go.shape.struct { cmd/internal/par.v *cmd/go/internal/modload.modFileSummary; cmd/internal/par.err error }]).Get, 7, 7, []
(*Cache[go.shape.struct { Path string; Version string "json:\",omitempty\"" },go.shape.struct { cmd/internal/par.v go.shape.string; cmd/internal/par.err error }]).Do, 27, 27, []
(*Cache[go.shape.struct { Path string; Version string "json:\",omitempty\"" },go.shape.struct { cmd/internal/par.v *cmd/go/internal/modload.modFileSummary; cmd/internal/par.err error }]).Do, 27, 27, []
(*Cache[go.shape.struct { Path string; Version string "json:\",omitempty\"" },go.shape.struct { cmd/internal/par.v go.shape.*uint8; cmd/internal/par.err error }]).Get, 7, 7, []
(*Cache[go.shape.struct { Path string; Version string "json:\",omitempty\"" },go.shape.struct { cmd/internal/par.v go.shape.string; cmd/internal/par.err error }]).Get, 7, 7, []
(*Cache[go.shape.string,go.shape.interface { Error() string }]).Get, 7, 7, []
(*Cache[go.shape.struct { cmd/go/internal/modfetch.proxy string; cmd/go/internal/modfetch.path string },go.shape.interface { CheckReuse(context.Context, *cmd/go/internal/modfetch/codehost.Origin) error; GoMod(context.Context, string) ([]uint8, error); Latest(context.Context) (*cmd/go/internal/modfetch.RevInfo, error); ModulePath() string; Stat(context.Context, string) (*cmd/go/internal/modfetch.RevInfo, error); Versions(context.Context, string) (*cmd/go/internal/modfetch.Versions, error); Zip(context.Context, io.Writer, string) error }]).Do, 27, 27, []
hasNonGraphic, 10, 5, [[b1] [b2 b4 b6 b7 b8 b3] [b5] [b10] [b13]]
(*HashTrieMap[go.shape.interface {},go.shape.interface {}]).Load, 22, 13, [[b2] [b18] [b4] [b7] [b8 b10 b15 b14 b9] [b11] [b13] [b16] [b21] [b22 b24 b17 b32 b23 b28] [b25] [b27] [b29]]
readEnvFileLines, 28, 28, []
shellQuote, 30, 16, [[b11] [b12 b14 b32 b21 b30 b31 b16 b28 b17 b18 b25 b26 b13 b20 b24] [b15] [b36] [b35] [b37] [b39] [b42] [b40] [b43] [b49] [b46] [b48] [b47] [b38] [b27]]
updateEnvFile, 79, 35, [[b1] [b2] [b3] [b5] [b7 b9 b47 b13 b8 b35 b56 b12 b76 b65 b15 b14] [b10] [b17 b19 b30 b4 b18 b77 b6 b23 b22] [b20] [b25 b59 b78 b68 b27 b21 b29 b26] [b28] [b31 b33 b11 b51 b32 b79 b61 b37 b36] [b34] [b39 b41 b69 b53 b43 b49 b70 b45 b48 b40 b44] [b42] [b71] [b55] [b72] [b57] [b58] [b54] [b73] [b62] [b74] [b64] [b75] [b66] [b67] [b63] [b60] [b46] [b50] [b52] [b38] [b24] [b16]]
(*HashTrieMap[go.shape.interface {},go.shape.interface {}]).LoadOrStore, 65, 25, [[b2] [b20] [b4] [b6] [b11 b9 b19 b59 b57 b55 b56 b53 b50 b31 b52 b48 b29 b22 b47 b45 b44 b43 b41 b42 b39 b15 b78 b18 b33 b12 b16 b24 b14 b23 b26 b17 b77 b37 b25 b30] [b40] [b10] [b81] [b62] [b64] [b65] [b66 b68 b83 b82 b67 b72] [b69] [b71] [b73] [b75] [b80] [b76] [b87] [b86] [b84] [b85] [b88] [b79] [b35]]
runEnv, 151, 78, [[b3] [b173] [b244] [b242] [b175] [b275] [b246] [b166] [b4] [b167] [b243] [b7] [b6] [b164] [b8] [b165] [b241] [b11] [b10] [b156] [b12] [b161] [b239] [b15] [b14] [b16] [b18] [b235] [b21] [b20] [b22 b24 b233 b30 b27] [b25] [b34] [b33] [b32] [b231] [b36] [b35] [b40] [b41 b43 b56 b162 b190 b247 b61 b111 b207 b205 b203 b201 b199 b252 b227 b225 b221 b215 b187 b181 b185 b245 b237 b249 b109 b105 b158 b154 b197 b195 b54 b223 b222 b213 b211 b217 b209 b47 b51 b84 b80 b134 b130 b45 b46 b59] [b229] [b50] [b220] [b191] [b163] [b137] [b112] [b88] [b62] [b86] [b44] [b38] [b37] [b194] [b256] [b259] [b258] [b257] [b255] [b193] [b261] [b263] [b267] [b274 b276] [b277] [b266] [b268 b238 b171 b240 b270 b192 b272 b269] [b265] [b264] [b281 b283 b189 b234 b285 b169 b236 b282 b287 b293 b183 b179 b177 b292 b286 b291 b290] [b284] [b262] [b260] [b296] [b295] [b294] [b19] [b17]]
(*HashTrieMap[go.shape.interface {},go.shape.interface {}]).Swap, 46, 20, [[b2] [b19] [b4] [b6] [b11 b9 b55 b44 b42 b40 b41 b38 b35 b15 b37 b33 b60 b59 b32 b30 b29 b28 b26 b27 b24 b54 b22 b17 b16 b12 b14] [b25] [b10] [b58] [b47] [b49] [b50] [b51] [b57] [b53] [b64] [b63] [b61] [b62] [b65] [b56]]
updateEnvFile.sortKeyValues.func1, 5, 5, []
(*HashTrieMap[go.shape.interface {},go.shape.interface {}]).LoadOrStore.deferwrap1, 7, 7, []
(*HashTrieMap[go.shape.interface {},go.shape.interface {}]).Swap.deferwrap1, 7, 7, []
.eq.go.shape.struct { cmd/go/internal/modfetch.proxy string; cmd/go/internal/modfetch.path string }, 9, 9, []
.eq.go.shape.struct { internal/sync.node = internal/sync.node[interface {},interface {}]; internal/sync.dead sync/atomic.Bool; internal/sync.mu internal/sync.Mutex; internal/sync.parent *internal/sync.indirect[interface {},interface {}]; internal/sync.children [16]sync/atomic.Pointer[internal/sync.node[interface {},interface {}]] }, 13, 13, []
.eq.go.shape.struct { Name string; Value string; Changed bool }, 11, 11, []
.eq.[2]cmd/go/internal/cfg.EnvVar, 25, 25, []
.eq.go.shape.struct { Path string; Version string "json:\",omitempty\"" }, 9, 9, []
.eq.go.shape.struct { internal/sync.node = internal/sync.node[go.shape.interface {},go.shape.interface {}]; internal/sync.dead sync/atomic.Bool; internal/sync.mu internal/sync.Mutex; internal/sync.parent *internal/sync.indirect[go.shape.interface {},go.shape.interface {}]; internal/sync.children [16]sync/atomic.Pointer[go.shape.struct { internal/sync.isEntry bool }] }, 13, 13, []
.eq.cmd/internal/par.cacheEntry[go.shape.string], 12, 12, []
.eq.internal/sync.indirect[go.shape.interface {},go.shape.interface {}], 13, 13, []
.eq.go.shape.struct { cmd/internal/par.v *cmd/go/internal/modload.modFileSummary; cmd/internal/par.err error }, 7, 7, []
.eq.cmd/internal/par.errValue[go.shape.*uint8], 7, 7, []
.eq.go.shape.struct { cmd/internal/par.v go.shape.*uint8; cmd/internal/par.err error }, 7, 7, []
.eq.go.shape.struct { cmd/go/internal/modload.mg *cmd/go/internal/modload.ModuleGraph; cmd/go/internal/modload.err error }, 7, 7, []
.eq.[16]sync/atomic.Pointer[go.shape.struct { internal/sync.isEntry bool }], 6, 4, [[b1] [b2 b4 b3] [b9] [b8]]
.eq.cmd/internal/par.cacheEntry[go.shape.struct { cmd/internal/par.v go.shape.*uint8; cmd/internal/par.err error }], 16, 16, []
.eq.cmd/internal/par.cacheEntry[go.shape.struct { cmd/internal/par.v string; cmd/internal/par.err error }], 18, 18, []
.eq.go.shape.struct { cmd/internal/par.v string; cmd/internal/par.err error }, 10, 10, []
.eq.cmd/internal/par.cacheEntry[go.shape.struct { cmd/internal/par.v *cmd/go/internal/modload.modFileSummary; cmd/internal/par.err error }], 16, 16, []
.eq.cmd/internal/par.errValue[go.shape.string], 10, 10, []
.eq.cmd/internal/par.cacheEntry[go.shape.interface { Error() string }], 13, 13, []
.eq.cmd/internal/par.cacheEntry[go.shape.interface { CheckReuse(context.Context, *cmd/go/internal/modfetch/codehost.Origin) error; GoMod(context.Context, string) ([]uint8, error); Latest(context.Context) (*cmd/go/internal/modfetch.RevInfo, error); ModulePath() string; Stat(context.Context, string) (*cmd/go/internal/modfetch.RevInfo, error); Versions(context.Context, string) (*cmd/go/internal/modfetch.Versions, error); Zip(context.Context, io.Writer, string) error }], 13, 13, []
.eq.[2]interface {}, 10, 7, [[b1] [b2 b4 b8 b3] [b5] [b7] [b6] [b9] [b10]]
.eq.go.shape.struct { cmd/internal/par.v go.shape.string; cmd/internal/par.err error }, 10, 10, []
.eq.cmd/internal/par.cacheEntry[go.shape.struct { cmd/internal/par.v go.shape.string; cmd/internal/par.err error }], 18, 18, []
.eq.internal/sync.entry[go.shape.interface {},go.shape.interface {}], 15, 15, []
.eq.go.shape.struct { internal/sync.node = internal/sync.node[go.shape.interface {},go.shape.interface {}]; internal/sync.overflow sync/atomic.Pointer[internal/sync.entry[go.shape.interface {},go.shape.interface {}]]; internal/sync.key go.shape.interface {}; internal/sync.value go.shape.interface {} }, 15, 15, []
.eq.go.shape.struct { internal/sync.node = internal/sync.node[interface {},interface {}]; internal/sync.overflow sync/atomic.Pointer[internal/sync.entry[interface {},interface {}]]; internal/sync.key interface {}; internal/sync.value interface {} }, 15, 15, []
