Create, 40, 37, [[b2] [b5] [b35] [b3] [b15] [b20] [b23] [b24] [b21] [b22] [b25] [b31] [b30] [b32] [b27] [b33] [b28] [b38] [b18] [b56] [b55] [b36] [b42] [b17] [b53] [b52] [b44 b46 b48 b45] [b57] [b49] [b54] [b29] [b19] [b41] [b6] [b11] [b9] [b14]]
(*dataFile).Open, 15, 13, [[b1] [b3] [b6] [b2] [b5] [b14] [b8 b4 b9] [b11] [b10] [b7] [b12] [b13] [b15]]
init, 13, 13, []
Unzip, 70, 42, [[b1] [b39] [b2] [b12] [b13] [b38] [b3] [b15] [b16] [b18] [b21] [b22] [b19] [b20] [b25] [b27] [b29 b31 b46 b78 b36 b40 b76 b35 b33 b75 b30 b74 b73 b68 b45 b5 b79 b67 b60 b65 b66 b55 b63 b64 b53 b61 b23 b51 b50] [b32] [b34] [b80] [b85] [b83] [b84] [b77] [b69] [b71] [b70] [b72] [b56] [b58] [b57] [b59] [b54] [b52] [b28] [b24] [b17] [b14] [b6] [b11] [b9] [b10]]
isGitRepo, 26, 26, []
CheckDir, 41, 23, [[b1] [b2] [b4 b22 b38 b33 b6 b12 b5] [b7] [b17] [b16] [b15] [b18 b36 b35 b8 b20 b26 b19] [b21] [b29 b11 b27 b25 b31 b37 b30] [b32] [b40] [b43] [b44] [b41] [b42] [b34] [b39] [b23] [b28] [b9] [b14] [b3]]
filesInGitRepo, 115, 75, [[b2] [b110] [b5] [b114] [b6] [b20] [b130] [b123] [b7] [b13] [b119] [b117] [b8] [b11] [b115] [b113] [b108] [b9] [b10] [b1] [b111] [b109] [b28] [b31] [b34] [b132] [b107] [b92] [b35] [b37 b39 b62 b79 b101 b105 b104 b103 b77 b67 b102 b51 b50 b38 b90 b81 b23 b17 b3 b133 b118 b52 b83 b112 b116 b125 b84 b96 b78 b99 b100 b94 b98 b74 b73 b71 b91 b89 b97 b95 b88] [b40] [b120] [b64] [b126] [b85] [b82] [b75] [b55] [b127] [b128] [b46] [b65] [b56] [b68] [b72] [b66] [b131] [b134] [b135] [b45] [b136] [b137] [b29] [b44] [b43] [b54] [b129] [b61] [b122] [b42] [b138] [b139] [b36] [b12] [b14] [b16] [b19] [b18] [b15] [b106] [b21] [b22] [b27] [b25] [b26]]
checkZip, 188, 31, [[b1] [b4] [b210] [b2] [b11] [b13] [b15] [b32] [b34 b36 b217 b62 b211 b205 b201 b94 b184 b178 b174 b162 b150 b107 b221 b59 b106 b213 b105 b207 b74 b203 b88 b73 b188 b66 b182 b60 b176 b49 b172 b41 b152 b58 b47 b82 b87 b92 b83 b136 b155 b197 b230 b232 b202 b56 b35 b179 b80 b175 b85 b173 b90 b77 b140 b134 b99 b153 b42 b195 b142 b228 b117 b231 b54 b78 b84 b89 b79 b132 b138 b193 b226 b220 b53 b55 b198 b181 b71 b131 b133 b139 b111 b103 b192 b194 b225 b227 b39 b23 b148 b146 b144 b50 b200 b75 b128 b127 b147 b151 b189 b222 b218 b215 b209 b199 b187 b208 b204 b70 b143 b141 b129 b185 b65 b64 b61 b48 b126 b180 b170 b158 b97 b159 b161 b96 b124 b123 b156 b67 b167 b93 b119 b125 b160 b166 b168 b149 b121 b145 b137 b72 b68 b163 b118 b120 b115 b113 b116 b110 b101 b112 b171 b169 b102 b98 b95 b100] [b37] [b233] [b236] [b237] [b234] [b235] [b122] [b29] [b17] [b22] [b20] [b21] [b26] [b24] [b25] [b14] [b12] [b214] [b5] [b10] [b8] [b9]]
Create.func2, 26, 24, [[b2] [b6] [b23] [b37] [b36] [b7] [b12] [b13] [b15 b26 b16] [b18] [b17] [b19] [b22] [b34] [b33] [b20] [b38] [b27] [b32] [b30] [b35] [b24] [b11] [b5]]
Create.func1, 7, 7, []
(*zipError).Error, 9, 9, []
Unzip.deferwrap1, 4, 4, []
Unzip.func1, 10, 10, []
FileError.Error, 4, 4, []
CheckedFiles.Err, 5, 5, []
(*FileErrorList).Error, 3, 3, []
(*dataFileInfo).Name, 3, 3, []
(*collisionChecker).check, 3, 3, []
CreateFromVCS, 8, 8, []
.eq.cmd/vendor/golang.org/x/mod/zip.FileError, 10, 10, []
.eq.struct { Cache *struct { Mask uintptr; Entries [1]struct { Typ uintptr; Itab uintptr } }; Inter *struct { Type struct { Size_ uintptr; PtrBytes uintptr; Hash uint32; TFlag uint8; Align_ uint8; FieldAlign_ uint8; Kind_ uint8; Equal unsafe.Pointer; GCData *uint8; Str int32; PtrToThis int32 }; PkgPath struct { Bytes *uint8 }; Methods []struct { Name int32; Typ int32 } }; CanFail bool }, 6, 6, []
(*dirFile).Open, 3, 3, []
.eq.cmd/vendor/golang.org/x/mod/zip.zipFile, 7, 7, []
(*dirFile).Path, 3, 3, []
.eq.cmd/vendor/golang.org/x/mod/zip.pathInfo, 7, 7, []
(*dataFile).Path, 3, 3, []
CreateFromVCS.func1, 16, 16, []
(*dataFileInfo).Mode, 3, 3, []
(*dataFileInfo).ModTime, 3, 3, []
(*zipFile).Path, 3, 3, []
(*FileError).Unwrap, 3, 3, []
(*dataFileInfo).Sys, 3, 3, []
(*dataFileInfo).IsDir, 3, 3, []
(*FileError).Error, 6, 6, []
.eq.cmd/vendor/golang.org/x/mod/zip.zipError, 14, 14, []
(*dataFileInfo).Size, 3, 3, []
.eq.cmd/vendor/golang.org/x/mod/zip.dirFile, 14, 14, []
(*CheckedFiles).Err, 8, 8, []
(*dirFile).Lstat, 3, 3, []
(*dataFile).Lstat, 3, 3, []
CreateFromDir, 3, 3, []
collisionChecker.check, 30, 30, []
FileErrorList.Error, 27, 9, [[b1] [b2 b4 b30 b31 b28 b25 b26 b21 b24 b5 b18 b16 b14 b15 b12 b9 b10 b3 b8] [b33] [b39] [b36] [b38] [b37] [b27] [b11]]
(*zipFile).Open, 3, 3, []
CheckFiles, 6, 6, []
(*zipFile).Lstat, 3, 3, []
strToFold, 20, 10, [[b1] [b2 b4 b8 b6] [b5] [b3] [b37] [b14] [b15 b28 b23 b19 b24 b20 b21 b16] [b35] [b38] [b34]]
checkFiles, 299, 13, [[b4] [b6 b8 b32 b42 b26 b31 b383 b40 b375 b61 b29 b226 b392 b27 b25 b369 b63 b365 b363 b361 b33 b18 b59 b359 b72 b54 b44 b41 b371 b38 b15 b13 b62 b339 b73 b35 b16 b10 b67 b7 b12 b65 b70 b71 b64 b68 b69 b66 b341] [b74] [b76 b78 b85 b102 b114 b155 b201 b213 b259 b271 b283 b295 b308 b351 b385 b402 b84 b374 b101 b368 b113 b364 b154 b358 b200 b344 b212 b338 b258 b334 b270 b322 b282 b306 b294 b293 b307 b281 b350 b269 b384 b257 b244 b405 b406 b81 b224 b378 b99 b220 b372 b111 b211 b366 b152 b206 b362 b164 b199 b349 b210 b198 b342 b256 b196 b336 b268 b194 b332 b280 b192 b313 b292 b190 b300 b305 b188 b290 b348 b186 b278 b382 b184 b266 b246 b404 b242 b236 b234 b335 b333 b86 b97 b103 b98 b115 b144 b156 b197 b202 b163 b214 b193 b191 b189 b260 b255 b272 b267 b284 b279 b296 b303 b309 b345 b352 b379 b386 b180 b248 b403 b401 b77 b82 b331 b91 b80 b249 b108 b329 b251 b245 b118 b143 b146 b243 b159 b181 b231 b205 b241 b239 b233 b227 b219 b237 b240 b238 b187 b265 b225 b223 b221 b195 b185 b277 b183 b289 b179 b299 b177 b312 b340 b145 b357 b376 b49 b391 b396 b88 b105 b116 b141 b142 b157 b151 b203 b216 b232 b262 b222 b209 b274 b286 b297 b310 b330 b354 b370 b388 b45 b399 b400 b134 b318 b360 b252 b398 b43 b21 b11 b131 b129 b319 b321 b347 b182 b254 b397 b395 b132 b126 b316 b171 b327 b169 b167 b166 b165 b394 b123 b128 b304 b320 b326 b328 b47 b393 b110 b124 b175 b173 b323 b381 b137 b127 b94 b55 b53] [b79] [b230] [b407] [b408] [b228] [b409] [b410] [b136] [b20]]
CreateFromDir.func1, 16, 16, []
listFilesInDir, 6, 6, []
isVendoredPackage, 18, 18, []
parseGoVers, 6, 6, []
dataFile.Open, 13, 11, [[b4] [b13] [b3] [b1] [b6 b2 b7] [b9] [b8] [b5] [b10] [b11] [b12]]
dataFileInfo.Name, 23, 19, [[b1] [b2] [b5 b7 b9] [b10] [b18] [b8] [b17 b19 b23] [b20] [b22] [b25] [b6] [b27] [b29] [b28] [b26] [b30] [b31] [b3] [b4]]
CheckZip, 3, 3, []
listFilesInDir.func1, 83, 83, []
CheckZip.deferwrap1, 4, 4, []
.eq.[3]interface {}, 10, 7, [[b1] [b2 b4 b8 b3] [b5] [b7] [b6] [b9] [b10]]
.eq.[3]string, 14, 12, [[b1] [b3] [b2] [b6] [b5] [b8] [b7] [b9 b11 b10] [b12] [b14] [b4] [b15]]
.eq.[2]string, 12, 10, [[b1] [b3] [b2] [b6] [b5] [b7 b9 b8] [b10] [b12] [b4] [b13]]
.eq.[2]interface {}, 10, 7, [[b1] [b2 b4 b8 b3] [b5] [b7] [b6] [b9] [b10]]
.eq.[7]string, 19, 13, [[b1] [b2 b4 b9 b6 b3] [b5] [b14] [b13] [b15 b17 b16] [b18] [b20] [b7] [b10] [b12] [b8] [b21]]
