PrintUsage, 13, 13, []
(*errWriter).Write, 7, 7, []
capitalize, 8, 8, []
init, 4, 4, []
tmpl, 37, 37, []
Help, 55, 32, [[b1] [b60] [b4] [b54] [b7] [b52] [b41] [b58] [b2] [b74] [b96] [b97 b99 b106 b115 b107 b46 b112 b102 b104 b101 b98 b103 b50 b48] [b100] [b119] [b118] [b117] [b76] [b83] [b42] [b110] [b88] [b44] [b114] [b111] [b85 b87 b92 b93 b77 b40 b82 b90 b109 b89 b86] [b94] [b36] [b72] [b70] [b79] [b81] [b80]]
struct { reflect.typ_ *internal/abi.Type; reflect.ptr unsafe.Pointer; reflect.flag }.reflect.mustBeExported, 7, 7, []
(*struct { reflect.typ_ *internal/abi.Type; reflect.ptr unsafe.Pointer; reflect.flag }).reflect.mustBeAssignable, 7, 7, []
struct { reflect.typ_ *internal/abi.Type; reflect.ptr unsafe.Pointer; reflect.flag }.reflect.mustBeAssignable, 7, 7, []
(*struct { reflect.typ_ *internal/abi.Type; reflect.ptr unsafe.Pointer; reflect.flag }).reflect.mustBeExported, 7, 7, []
(*struct { reflect.typ_ *internal/abi.Type; reflect.ptr unsafe.Pointer; reflect.flag }).reflect.mustBe, 6, 6, []
struct { reflect.typ_ *internal/abi.Type; reflect.ptr unsafe.Pointer; reflect.flag }.reflect.mustBe, 6, 6, []
.eq.cmd/go/internal/help.errWriter, 10, 10, []
.eq.cmd/go/internal/help.commentWriter, 7, 7, []
(*commentWriter).Write, 14, 5, [[b1] [b2 b4 b12 b19 b16 b14 b6 b10 b3 b7] [b5] [b11] [b17]]
.eq.[2]interface {}, 10, 7, [[b1] [b2 b4 b8 b3] [b5] [b7] [b6] [b9] [b10]]
