init, 25, 25, []
copyMetaDataFile, 28, 28, []
copyMetaDataFile.deferwrap1, 4, 4, []
(*dstate).BeginPackage, 52, 52, []
(*metaMerge).emitCounters, 19, 19, []
(*dstate).VisitFuncCounterData, 37, 37, []
(*dstate).VisitMetaDataFile, 52, 45, [[b3] [b26] [b5] [b24] [b7] [b8] [b4] [b12] [b28] [b31] [b30] [b29] [b22] [b11] [b35] [b45] [b49] [b43] [b53] [b50] [b46] [b34] [b38] [b36] [b32] [b42] [b39] [b57] [b61] [b58] [b65] [b62] [b69] [b10] [b73] [b14] [b83] [b74] [b20] [b75] [b13] [b66] [b54] [b77 b79 b18 b85 b78 b16 b84 b82] [b80]]
(*metaMerge).emitMeta, 45, 18, [[b4] [b6 b8 b49 b102 b51 b9 b103 b47 b42 b45 b46 b40 b43 b53 b44 b68 b38 b41 b32 b31 b30 b28 b19 b17 b21 b13 b12 b7] [b79] [b36] [b82] [b87] [b23] [b89] [b35] [b91] [b92] [b95] [b10] [b97] [b16] [b99] [b100] [b104]]
main, 168, 156, [[b1] [b163] [b3] [b2] [b5] [b7] [b172] [b180] [b183] [b178] [b142] [b128] [b144] [b130] [b165] [b132] [b167] [b134] [b123] [b169] [b146] [b119] [b102] [b121] [b51] [b150] [b55] [b149] [b57] [b151] [b72] [b138] [b76] [b136] [b78] [b140] [b92] [b155] [b96] [b153] [b98] [b157] [b39] [b100] [b80] [b59] [b171] [b175] [b173] [b170] [b33] [b159] [b35] [b161] [b23] [b37] [b18] [b9] [b187] [b20] [b6] [b190] [b193] [b196] [b195] [b199] [b198] [b200] [b85] [b273] [b271] [b86] [b277] [b274] [b203] [b212] [b127] [b214] [b213] [b126] [b218] [b220 b222 b225 b234 b221 b83 b240 b228 b125 b227 b226] [b223] [b84] [b270] [b255] [b215] [b122] [b231] [b74] [b217] [b197] [b117] [b233] [b115] [b235] [b236] [b232] [b113] [b239] [b111] [b241] [b242] [b238] [b70] [b191] [b189] [b109] [b244] [b68] [b186] [b168] [b246] [b66] [b166] [b164] [b229] [b249] [b248] [b107] [b251] [b252] [b65] [b162] [b160] [b105] [b254] [b104] [b256] [b257] [b253] [b64] [b158] [b156] [b101] [b259] [b63] [b154] [b152] [b261] [b62] [b145] [b143] [b262] [b263] [b264] [b266 b94 b267] [b269] [b268] [b265] [b90] [b276] [b88] [b278] [b279] [b275]]
(*mstate).Finish, 4, 4, []
(*dstate).EndPod, 9, 9, []
atExit, 10, 10, []
(*metaMerge).emitCounters.func1, 10, 10, []
(*sstate).EndCounters, 32, 17, [[b1] [b10] [b3] [b4] [b5] [b6] [b9] [b18] [b7] [b20 b22 b14 b28 b29 b21 b27 b8 b19 b17 b26 b24] [b23] [b30 b32 b13 b35 b31] [b36] [b12] [b16] [b15] [b2]]
dbgtrace, 4, 4, []
(*metaMerge).emitMeta.func1, 10, 10, []
main.func4, 19, 19, []
main.func3, 13, 13, []
main.func2, 6, 4, [[b1] [b2 b4 b3] [b5] [b7]]
(*dstate).BeginPod, 4, 4, []
(*sstate).VisitMetaDataFile, 12, 12, []
(*dstate).BeginCounterDataFile, 18, 18, []
(*sstate).BeginCounterDataFile, 54, 39, [[b2] [b41] [b5] [b6] [b10] [b26] [b29] [b24] [b31] [b22] [b27] [b12] [b25] [b34] [b35] [b36] [b37] [b40] [b49] [b38] [b51 b53 b23 b59 b60 b52 b58 b21 b19 b17 b57 b55] [b54] [b61 b63 b15 b66 b62] [b67] [b28] [b32] [b30] [b33] [b13] [b45] [b39] [b11] [b9] [b14] [b47] [b46] [b8] [b4] [b7]]
newMetaMerge, 7, 7, []
(*metaMerge).beginPod, 7, 7, []
(*dstate).Setup, 56, 56, []
(*dstate).Finish, 81, 66, [[b1] [b103] [b3] [b55] [b15] [b44] [b19] [b43] [b21] [b30] [b91] [b5] [b4] [b28] [b32] [b26] [b87] [b24] [b23] [b85] [b35] [b83] [b37] [b82] [b39] [b40] [b36] [b34] [b2] [b81] [b46] [b80] [b48] [b69] [b50] [b51] [b47] [b42] [b25] [b71] [b17] [b73] [b13] [b67] [b77] [b53] [b11] [b89] [b9] [b93] [b8] [b95] [b7] [b65] [b79] [b97] [b98] [b99] [b102] [b111] [b100] [b113 b109 b56 b124 b115 b63 b121 b122 b114 b120 b61 b59 b57 b119 b117] [b116] [b123 b125] [b126] [b78]]
warn, 3, 3, []
Equal[go.shape.[]string,go.shape.string], 11, 8, [[b1] [b2] [b4 b6 b14 b10] [b7] [b5] [b8] [b13] [b3]]
(*argstate).Merge, 39, 36, [[b1] [b3] [b36] [b14] [b12] [b2] [b4] [b7 b9 b17 b13] [b10] [b8] [b11] [b6] [b5] [b19] [b37] [b16] [b15] [b18] [b22] [b32] [b30] [b31] [b21] [b38] [b26] [b27] [b20] [b25] [b35] [b33] [b34] [b24] [b39] [b28] [b29] [b23]]
Exit, 6, 4, [[b1] [b2 b4 b3] [b5] [b7]]
fatal, 3, 3, []
(*argstate).ArgsSummary, 25, 21, [[b1] [b19] [b5] [b22] [b7] [b11] [b6 b4 b23 b10 b8] [b9] [b2] [b20] [b13] [b24] [b3] [b16] [b12] [b21] [b15] [b25] [b17] [b18] [b14]]
(*metaMerge).VisitFuncs, 27, 7, [[b1] [b28] [b4] [b2] [b5 b7 b23 b18 b25 b30 b22 b27 b15 b21 b31 b12 b24 b11 b14 b9 b10 b19 b16 b6 b13] [b8] [b33]]
usage, 4, 4, []
(*mstate).BeginPod, 7, 7, []
(*sstate).BeginPod, 7, 7, []
(*mstate).Setup, 7, 7, []
makeDumpOp, 79, 79, []
.eq.struct { Cache *struct { Mask uintptr; Entries [1]struct { Typ uintptr; Itab uintptr } }; Inter *struct { Type struct { Size_ uintptr; PtrBytes uintptr; Hash uint32; TFlag uint8; Align_ uint8; FieldAlign_ uint8; Kind_ uint8; Equal unsafe.Pointer; GCData *uint8; Str int32; PtrToThis int32 }; PkgPath struct { Bytes *uint8 }; Methods []struct { Name int32; Typ int32 } }; CanFail bool }, 6, 6, []
(*dstate).Usage, 40, 40, []
(*sstate).pruneCounters, 29, 14, [[b1] [b2] [b3] [b4] [b7] [b16] [b5] [b18 b20 b8 b26 b27 b19 b25 b12 b6 b17 b24 b22] [b21] [b28 b30 b15 b33 b29] [b31] [b11] [b14] [b13]]
(*mstate).Usage, 4, 4, []
(*metaMerge).AllocateCounters, 14, 14, []
(*dstate).AllocateCounters, 14, 14, []
Equal[[]string,string], 12, 9, [[b1] [b2] [b5 b7 b15 b11] [b8] [b6] [b9] [b14] [b3] [b4]]
(*sstate).Setup, 15, 15, []
(*sstate).Usage, 12, 12, []
(*sstate).VisitFuncCounterData, 39, 29, [[b1] [b64] [b6] [b2] [b7] [b57] [b10] [b55] [b29] [b53] [b13] [b45] [b59] [b44] [b61] [b43] [b49] [b42] [b63 b65 b47 b71 b69 b68] [b66] [b41] [b72] [b12] [b31 b33 b51 b39 b37 b36] [b34] [b11] [b9] [b40] [b8]]
(*metaMerge).endPod, 12, 12, []
(*mstate).BeginPackage, 3, 3, []
(*metaMerge).visitFuncCounterData, 35, 35, []
makeSubtractIntersectOp, 13, 13, []
(*dstate).VisitFunc, 51, 30, [[b2] [b6] [b89] [b8] [b80] [b26] [b91] [b29] [b93] [b107] [b32] [b31] [b5] [b4] [b45] [b34] [b43] [b52] [b47] [b55] [b58] [b69] [b101] [b78] [b51] [b103] [b57] [b79 b81 b99 b128 b113 b95 b118 b41 b39 b37 b35 b123 b126 b111 b108 b85 b90 b117 b97 b87 b83 b86] [b82] [b88]]
(*metaMerge).visitPackage, 61, 61, []
(*metaMerge).visitFunc, 52, 52, []
(*metaMerge).visitMetaDataFile, 13, 13, []
(*metaMerge).beginCounterDataFile, 40, 37, [[b4] [b6] [b37] [b18] [b16] [b5] [b8] [b11 b13 b21 b17] [b14] [b12] [b15] [b10] [b9] [b23] [b38] [b20] [b19] [b22] [b26] [b33] [b31] [b32] [b25] [b39] [b3] [b2] [b24] [b29] [b36] [b34] [b35] [b28] [b40] [b1] [b30] [b27] [b7]]
makeMergeOp, 16, 16, []
(*metaMerge).SaturatingAdd, 4, 4, []
f, 4, 4, []
TestAll, 4, 4, []
init.0, 7, 7, []
(*struct { reflect.typ_ *internal/abi.Type; reflect.ptr unsafe.Pointer; reflect.flag }).reflect.mustBe, 6, 6, []
struct { reflect.typ_ *internal/abi.Type; reflect.ptr unsafe.Pointer; reflect.flag }.reflect.mustBe, 6, 6, []
struct { reflect.typ_ *internal/abi.Type; reflect.ptr unsafe.Pointer; reflect.flag }.reflect.mustBeAssignable, 7, 7, []
struct { reflect.typ_ *internal/abi.Type; reflect.ptr unsafe.Pointer; reflect.flag }.reflect.mustBeExported, 7, 7, []
(*struct { reflect.typ_ *internal/abi.Type; reflect.ptr unsafe.Pointer; reflect.flag }).reflect.mustBeExported, 7, 7, []
(*struct { reflect.typ_ *internal/abi.Type; reflect.ptr unsafe.Pointer; reflect.flag }).reflect.mustBeAssignable, 7, 7, []
testEmptySwitches, 4, 4, []
testSelect2, 10, 5, [[b1] [b2 b4] [b5] [b7 b8 b16 b17 b11] [b13]]
testGoto, 7, 3, [[b1] [b2 b4 b7 b9 b3] [b15]]
count, 20, 8, [[b1] [b2 b4 b13 b21 b6 b3 b18 b16 b12 b23 b15 b10 b8] [b5] [b22] [b27] [b26] [b24] [b14]]
init, 4, 4, []
testIf, 25, 7, [[b3] [b4 b6 b48 b19 b16 b44 b15 b12] [b7] [b20 b22 b28 b29 b24] [b23] [b30 b32 b38 b40 b34 b43 b45 b39] [b54]]
unFormatted2, 4, 4, []
verifyPanic, 10, 10, []
testSwitch, 11, 3, [[b1] [b2 b26 b21 b22 b23 b24 b6 b11 b15] [b5]]
testRange, 4, 3, [[b2] [b4 b6] [b7]]
testFor, 4, 3, [[b1] [b2 b8] [b5]]
testTypeSwitch, 31, 3, [[b2] [b4 b6 b51 b52 b53 b54 b55 b18 b27 b44 b35 b12 b14 b15 b19 b36 b16 b9 b17 b34 b11 b23 b26 b40 b43 b47 b31 b45 b48] [b7]]
testSelect1, 10, 6, [[b1] [b8] [b11] [b10] [b3 b4 b12 b13 b7] [b9]]
verify, 16, 6, [[b1] [b2 b4 b11 b12 b8 b13 b9 b7 b16 b6 b3] [b5] [b15] [b10] [b14]]
testSelect1.func1, 4, 3, [[b1] [b2 b4] [b5]]
