AsType[go.shape.*uint8], 3, 3, []
init.0, 4, 4, []
.eq.struct { Cache *struct { Mask uintptr; Entries [1]struct { Typ uintptr; Itab uintptr } }; Inter *struct { Type struct { Size_ uintptr; PtrBytes uintptr; Hash uint32; TFlag uint8; Align_ uint8; FieldAlign_ uint8; Kind_ uint8; Equal unsafe.Pointer; GCData *uint8; Str int32; PtrToThis int32 }; PkgPath struct { Bytes *uint8 }; Methods []struct { Name int32; Typ int32 } }; CanFail bool }, 6, 6, []
isGoBinaryCandidate, 30, 27, [[b2] [b57] [b3] [b59] [b5] [b7 b9 b18 b11] [b54] [b20] [b55] [b10] [b25] [b65] [b63] [b50] [b61] [b40] [b53] [b41] [b33] [b46] [b35] [b48] [b27] [b70] [b28] [b37] [b6]]
runVersion.scanDir.func1, 15, 15, []
scanFile, 49, 49, []
asType[go.shape.*uint8], 46, 13, [[b1] [b3 b4 b45 b32 b33 b34 b35 b36 b29 b23 b18 b6 b26 b13 b24 b11 b16 b17 b25 b20 b9 b14 b15 b19 b47 b21 b12 b8 b22] [b30] [b40] [b37] [b31] [b46] [b49 b51 b54 b55 b50 b53] [b52] [b56] [b48] [b27] [b10]]
scanDir.func1, 15, 15, []
init, 10, 10, []
runVersion, 48, 32, [[b1] [b2] [b28] [b43] [b31] [b29] [b30] [b32 b34 b40 b42 b25 b39 b45 b48 b37 b36 b18 b49 b33 b15 b10 b46 b44] [b35] [b3] [b4] [b38] [b7] [b23] [b8] [b9] [b19] [b12] [b41] [b13] [b14] [b26] [b17] [b21] [b16] [b11] [b6] [b22] [b47] [b24] [b27] [b20]]
.eq.[2]interface {}, 10, 7, [[b1] [b2 b4 b8 b3] [b5] [b7] [b6] [b9] [b10]]
.eq.[3]interface {}, 10, 7, [[b1] [b2 b4 b8 b3] [b5] [b7] [b6] [b9] [b10]]
