(*HashTrieMap[go.shape.interface {},go.shape.interface {}]).LoadAndDelete, 23, 17, [[b1] [b3] [b22] [b5] [b4] [b2] [b7] [b8] [b10] [b9] [b14] [b15 b17 b16 b19 b21 b20 b27] [b26] [b29] [b18] [b32] [b13]]
(*HashTrieMap[go.shape.interface {},go.shape.interface {}]).CompareAndSwap, 21, 21, []
(*entry[interface {},interface {}]).lookupWithValue, 15, 5, [[b1] [b2 b4 b8 b15 b10 b12 b7 b6 b11 b3 b9] [b5] [b13] [b14]]
(*HashTrieMap[go.shape.interface {},go.shape.interface {}]).CompareAndDelete, 25, 19, [[b1] [b3] [b2] [b5] [b24] [b7] [b6] [b4] [b9] [b10] [b12] [b11] [b16] [b17 b19 b18 b21 b23 b22 b29] [b28] [b31] [b20] [b34] [b15]]
(*HashTrieMap[go.shape.interface {},go.shape.interface {}]).Load, 19, 10, [[b2] [b3 b5 b10 b9 b4] [b6] [b8] [b11] [b16] [b17 b19 b13 b12 b18 b23] [b20] [b22] [b24]]
(*HashTrieMap[go.shape.interface {},go.shape.interface {}]).initSlow, 9, 9, []
(*HashTrieMap[go.shape.interface {},go.shape.interface {}]).Swap, 31, 17, [[b2] [b7 b5 b25 b37 b26 b23 b18 b11 b22 b15 b38 b13 b12 b8 b10] [b21] [b6] [b43] [b30] [b32] [b33] [b34] [b40] [b42] [b47] [b46] [b44] [b45] [b48] [b39]]
(*HashTrieMap[go.shape.interface {},go.shape.interface {}]).LoadOrStore, 50, 22, [[b2] [b7 b5 b40 b60 b41 b38 b33 b27 b37 b11 b16 b14 b29 b8 b12 b20 b10 b19 b22 b13 b15 b61 b21 b26] [b36] [b6] [b66] [b45] [b47] [b48] [b49 b51 b25 b18 b50 b55] [b52] [b54] [b56] [b58] [b63] [b65] [b70] [b69] [b67] [b68] [b71] [b62] [b31]]
(*HashTrieMap[go.shape.interface {},go.shape.interface {}]).init, 4, 4, []
(*HashTrieMap[go.shape.interface {},go.shape.interface {}]).find, 30, 8, [[b1] [b6 b4 b15 b14 b41 b40 b42 b25 b36 b27 b31 b24 b30 b28 b20 b26 b19 b18 b21 b12 b11 b7 b9] [b39] [b13] [b34] [b10] [b17] [b46]]
newIndirectNode[go.shape.interface {},go.shape.interface {}], 4, 4, []
newEntryNode[go.shape.interface {},go.shape.interface {}], 4, 4, []
(*HashTrieMap[go.shape.interface {},go.shape.interface {}]).All, 4, 4, []
(*node[go.shape.interface {},go.shape.interface {}]).indirect, 3, 3, []
(*node[go.shape.interface {},go.shape.interface {}]).entry, 3, 3, []
(*entry[go.shape.interface {},go.shape.interface {}]).lookupWithValue, 14, 4, [[b1] [b2 b4 b14 b12 b10 b8 b7 b3 b6 b11 b9] [b5] [b13]]
(*HashTrieMap[go.shape.interface {},go.shape.interface {}]).iter, 16, 5, [[b1] [b2 b4 b10 b16 b24 b8 b15 b21 b9 b20 b23 b22] [b5] [b17] [b26]]
(*entry[go.shape.interface {},go.shape.interface {}]).lookup, 9, 4, [[b1] [b2 b4 b9 b6 b3 b8] [b5] [b7]]
(*indirect[go.shape.interface {},go.shape.interface {}]).empty, 4, 3, [[b1] [b2 b8] [b5]]
.eq.[16]sync/atomic.Pointer[internal/sync.node[interface {},interface {}]], 6, 4, [[b1] [b2 b4 b3] [b9] [b8]]
.eq.cmd/internal/par.errValue[string], 10, 10, []
.eq.cmd/internal/par.cacheEntry[cmd/internal/par.errValue[string]], 18, 18, []
.eq.internal/sync.entry[interface {},interface {}], 15, 15, []
(*struct { internal/sync.node = internal/sync.node[go.shape.interface {},go.shape.interface {}]; internal/sync.overflow sync/atomic.Pointer[internal/sync.entry[go.shape.interface {},go.shape.interface {}]]; internal/sync.key go.shape.interface {}; internal/sync.value go.shape.interface {} }).internal/sync.entry, 3, 3, []
(*ErrCache[go.shape.string,go.shape.string]).Get, 4, 4, []
(*struct { internal/sync.node = internal/sync.node[go.shape.interface {},go.shape.interface {}]; internal/sync.dead sync/atomic.Bool; internal/sync.mu internal/sync.Mutex; internal/sync.parent *internal/sync.indirect[go.shape.interface {},go.shape.interface {}]; internal/sync.children [16]sync/atomic.Pointer[go.shape.struct { internal/sync.isEntry bool }] }).internal/sync.entry, 3, 3, []
(*indirect[go.shape.interface {},go.shape.interface {}]).indirect, 3, 3, []
(*indirect[go.shape.interface {},go.shape.interface {}]).entry, 3, 3, []
(*node[interface {},interface {}]).indirect, 3, 3, []
(*entry[go.shape.interface {},go.shape.interface {}]).indirect, 3, 3, []
(*entry[go.shape.interface {},go.shape.interface {}]).entry, 3, 3, []
(*struct { internal/sync.node = internal/sync.node[go.shape.interface {},go.shape.interface {}]; internal/sync.overflow sync/atomic.Pointer[internal/sync.entry[go.shape.interface {},go.shape.interface {}]]; internal/sync.key go.shape.interface {}; internal/sync.value go.shape.interface {} }).internal/sync.indirect, 3, 3, []
(*node[interface {},interface {}]).entry, 3, 3, []
.eq.internal/sync.indirect[interface {},interface {}], 13, 13, []
(*HashTrieMap[interface {},interface {}]).All, 4, 4, []
(*struct { internal/sync.node = internal/sync.node[go.shape.interface {},go.shape.interface {}]; internal/sync.dead sync/atomic.Bool; internal/sync.mu internal/sync.Mutex; internal/sync.parent *internal/sync.indirect[go.shape.interface {},go.shape.interface {}]; internal/sync.children [16]sync/atomic.Pointer[go.shape.struct { internal/sync.isEntry bool }] }).internal/sync.indirect, 3, 3, []
(*Cache[go.shape.string,go.shape.struct { cmd/internal/par.v string; cmd/internal/par.err error }]).Get, 7, 7, []
(*Cache[go.shape.string,go.shape.struct { cmd/internal/par.v string; cmd/internal/par.err error }]).Do, 15, 15, []
(*Cache[go.shape.string,go.shape.struct { cmd/internal/par.v go.shape.string; cmd/internal/par.err error }]).Get, 7, 7, []
(*Cache[go.shape.string,go.shape.struct { cmd/internal/par.v go.shape.string; cmd/internal/par.err error }]).Do, 15, 15, []
(*indirect[interface {},interface {}]).empty, 4, 3, [[b1] [b2 b8] [b11]]
(*entry[go.shape.interface {},go.shape.interface {}]).compareAndSwap, 27, 20, [[b1] [b22] [b3] [b23] [b5] [b4] [b13] [b14 b16 b18 b11 b8 b20 b19 b15] [b17] [b27] [b6] [b25] [b24] [b9] [b7] [b28] [b26] [b21] [b12] [b10]]
(*entry[go.shape.interface {},go.shape.interface {}]).compareAndDelete, 18, 11, [[b1] [b19] [b3] [b20] [b4] [b22] [b9] [b10 b12 b18 b17 b14 b16 b15 b11] [b13] [b21] [b8]]
(*indirect[interface {},interface {}]).indirect, 3, 3, []
(*indirect[interface {},interface {}]).entry, 3, 3, []
(*HashTrieMap[go.shape.interface {},go.shape.interface {}]).expand, 14, 9, [[b1] [b5] [b18] [b20] [b16] [b7 b22 b15 b13 b8 b10] [b9] [b11] [b4]]
(*struct { internal/sync.node = internal/sync.node[interface {},interface {}]; internal/sync.overflow sync/atomic.Pointer[internal/sync.entry[interface {},interface {}]]; internal/sync.key interface {}; internal/sync.value interface {} }).internal/sync.indirect, 3, 3, []
(*struct { internal/sync.node = internal/sync.node[interface {},interface {}]; internal/sync.overflow sync/atomic.Pointer[internal/sync.entry[interface {},interface {}]]; internal/sync.key interface {}; internal/sync.value interface {} }).internal/sync.entry, 3, 3, []
(*entry[go.shape.interface {},go.shape.interface {}]).loadAndDelete, 14, 9, [[b1] [b16] [b4] [b14] [b6] [b7 b9 b12 b11 b8 b13] [b10] [b15] [b5]]
(*entry[interface {},interface {}]).entry, 3, 3, []
(*struct { internal/sync.node = internal/sync.node[interface {},interface {}]; internal/sync.dead sync/atomic.Bool; internal/sync.mu internal/sync.Mutex; internal/sync.parent *internal/sync.indirect[interface {},interface {}]; internal/sync.children [16]sync/atomic.Pointer[internal/sync.node[interface {},interface {}]] }).internal/sync.entry, 3, 3, []
(*struct { internal/sync.node = internal/sync.node[interface {},interface {}]; internal/sync.dead sync/atomic.Bool; internal/sync.mu internal/sync.Mutex; internal/sync.parent *internal/sync.indirect[interface {},interface {}]; internal/sync.children [16]sync/atomic.Pointer[internal/sync.node[interface {},interface {}]] }).internal/sync.indirect, 3, 3, []
(*entry[interface {},interface {}]).indirect, 3, 3, []
(*entry[interface {},interface {}]).lookup, 10, 5, [[b1] [b2 b4 b10 b6 b3 b8] [b5] [b7] [b9]]
(*entry[go.shape.interface {},go.shape.interface {}]).swap, 23, 18, [[b1] [b15] [b4] [b8] [b10] [b11 b13 b5 b3 b12 b17] [b14] [b21] [b23] [b19] [b18] [b6] [b2] [b22] [b20] [b16] [b9] [b7]]
.eq.go.shape.struct { internal/sync.node = internal/sync.node[go.shape.interface {},go.shape.interface {}]; internal/sync.dead sync/atomic.Bool; internal/sync.mu internal/sync.Mutex; internal/sync.parent *internal/sync.indirect[go.shape.interface {},go.shape.interface {}]; internal/sync.children [16]sync/atomic.Pointer[go.shape.struct { internal/sync.isEntry bool }] }, 13, 13, []
.eq.internal/sync.indirect[go.shape.interface {},go.shape.interface {}], 13, 13, []
.eq.internal/sync.entry[go.shape.interface {},go.shape.interface {}], 15, 15, []
.eq.go.shape.struct { internal/sync.node = internal/sync.node[interface {},interface {}]; internal/sync.dead sync/atomic.Bool; internal/sync.mu internal/sync.Mutex; internal/sync.parent *internal/sync.indirect[interface {},interface {}]; internal/sync.children [16]sync/atomic.Pointer[internal/sync.node[interface {},interface {}]] }, 13, 13, []
.eq.go.shape.struct { internal/sync.node = internal/sync.node[interface {},interface {}]; internal/sync.overflow sync/atomic.Pointer[internal/sync.entry[interface {},interface {}]]; internal/sync.key interface {}; internal/sync.value interface {} }, 15, 15, []
.eq.go.shape.struct { internal/sync.node = internal/sync.node[go.shape.interface {},go.shape.interface {}]; internal/sync.overflow sync/atomic.Pointer[internal/sync.entry[go.shape.interface {},go.shape.interface {}]]; internal/sync.key go.shape.interface {}; internal/sync.value go.shape.interface {} }, 15, 15, []
.eq.cmd/internal/par.errValue[go.shape.string], 10, 10, []
.eq.cmd/internal/par.cacheEntry[go.shape.struct { cmd/internal/par.v go.shape.string; cmd/internal/par.err error }], 18, 18, []
.eq.go.shape.struct { cmd/internal/par.v go.shape.string; cmd/internal/par.err error }, 10, 10, []
.eq.go.shape.struct { cmd/internal/par.v string; cmd/internal/par.err error }, 10, 10, []
.eq.[16]sync/atomic.Pointer[go.shape.struct { internal/sync.isEntry bool }], 6, 4, [[b1] [b2 b4 b3] [b9] [b8]]
.eq.cmd/internal/par.cacheEntry[go.shape.struct { cmd/internal/par.v string; cmd/internal/par.err error }], 18, 18, []
