Join, 30, 30, []
urlFromFilePath, 9, 9, []
(*Response).formatErrorDetail, 80, 49, [[b1] [b4] [b12] [b2] [b5] [b6] [b8 b92 b9] [b11] [b10] [b13] [b19] [b21] [b20] [b22 b24 b14 b93 b29 b26 b27 b28 b23] [b33] [b34 b36 b88 b89 b86 b83 b84 b67 b82 b66 b40 b90 b52 b38 b50 b51 b35 b48 b45 b46 b41 b44] [b87] [b85] [b68] [b72] [b71] [b73] [b75] [b78] [b77] [b79] [b74] [b54] [b58] [b57] [b59] [b61] [b64] [b63] [b65] [b60] [b47] [b39] [b91] [b97] [b94] [b96] [b95] [b32] [b16] [b18] [b17] [b37] [b3]]
.eq.cmd/go/internal/web.HTTPError, 20, 20, []
urlToFilePath, 36, 36, []
convertFileURLPath, 12, 12, []
urlToFilePath.func1, 6, 6, []
(*errorDetailBuffer).Read, 32, 11, [[b1] [b27] [b3] [b5] [b10] [b11 b13 b7 b32 b16 b15 b31 b26 b9 b22 b4 b25 b23 b24 b21 b6 b19 b28 b29 b17 b18 b12] [b30] [b33] [b14] [b2] [b20]]
(*HTTPError).Is, 9, 9, []
(*Response).Err, 15, 15, []
(*HTTPError).Error, 24, 24, []
.eq.struct { Cache *struct { Mask uintptr; Entries [1]struct { Typ uintptr; Itab uintptr } }; Inter *struct { Type struct { Size_ uintptr; PtrBytes uintptr; Hash uint32; TFlag uint8; Align_ uint8; FieldAlign_ uint8; Kind_ uint8; Equal unsafe.Pointer; GCData *uint8; Str int32; PtrToThis int32 }; PkgPath struct { Bytes *uint8 }; Methods []struct { Name int32; Typ int32 } }; CanFail bool }, 6, 6, []
.eq.[2]interface {}, 10, 7, [[b1] [b2 b4 b8 b3] [b5] [b7] [b6] [b9] [b10]]
.eq.[4]interface {}, 10, 7, [[b1] [b2 b4 b8 b3] [b5] [b7] [b6] [b9] [b10]]
