.eq.internal/gover.Version, 21, 21, []
parseKey, 20, 20, []
.eq.struct { GOTOOLCHAIN string; AutoFile string; AutoGoVersion string; AutoToolchain string }, 17, 17, []
.eq.cmd/go/internal/gover.TooNewError, 13, 13, []
(*TooNewError).Error, 20, 20, []
ModIsPrerelease, 24, 24, []
Prev, 36, 34, [[b1] [b41] [b4] [b37] [b2] [b6] [b8] [b12] [b11] [b9] [b7] [b3] [b5] [b13] [b15 b17 b19] [b16] [b18] [b25] [b35] [b29] [b31] [b28] [b40] [b32] [b44] [b36] [b42] [b43] [b39] [b34] [b20] [b26] [b27] [b14]]
ModIsValid, 21, 21, []
ModSort.func1, 25, 25, []
(*TooNewError).Is, 4, 4, []
FromGoWork, 6, 6, []
FromGoMod, 6, 6, []
GoModLookup, 6, 4, [[b1] [b2 b4 b3] [b5] [b7]]
ModMajorMinor, 21, 21, []
IsToolchain, 13, 13, []
maybeToolchainVersion, 3, 3, []
ModCompare, 13, 13, []
ModIsPrefix, 34, 27, [[b1] [b51] [b3] [b60] [b9] [b45] [b11] [b47] [b32] [b49] [b33] [b59 b61 b66 b76 b72 b75 b68 b64] [b62] [b77] [b71] [b67] [b69] [b43] [b41] [b34] [b39] [b53] [b38] [b55] [b37] [b58] [b57]]
FromToolchain, 15, 15, []
local, 4, 4, []
.eq.[4]interface {}, 10, 7, [[b1] [b2 b4 b8 b3] [b5] [b7] [b6] [b9] [b10]]
