(*huffmanBitWriter).writeBlockDynamic, 21, 21, []
(*huffmanBitWriter).writeBlock, 63, 47, [[b1] [b2] [b67] [b4] [b66] [b7] [b51] [b9] [b8] [b5] [b11] [b10] [b13] [b14] [b12] [b6] [b16] [b17 b19 b21 b18] [b20] [b25 b27 b29 b26] [b28] [b15] [b33 b35 b53 b39 b34 b38] [b41] [b42 b44 b57 b48 b43 b47] [b52] [b50] [b55] [b54] [b45] [b56] [b46] [b58] [b62] [b61] [b63] [b64] [b65] [b60] [b59] [b49] [b40] [b30] [b32] [b22] [b24] [b3]]
(*huffmanBitWriter).dynamicSize, 35, 16, [[b1] [b2 b4 b6 b8 b7] [b13] [b9] [b11] [b5] [b12] [b14 b16 b36 b20 b15 b19] [b22] [b23 b25 b35 b29 b24 b28] [b31] [b32 b34 b27 b38 b33 b37] [b40] [b39] [b30] [b21]]
(*decompressor).copyData, 64, 62, [[b2] [b5] [b6] [b20] [b8] [b10] [b11] [b7] [b13] [b14] [b16 b15 b17] [b19] [b18] [b21] [b28] [b29] [b31] [b59] [b42] [b57] [b44] [b46] [b45] [b48] [b47] [b58] [b50] [b51] [b63] [b40] [b37] [b43] [b62] [b49] [b41] [b52] [b64] [b30] [b22] [b54] [b55] [b32] [b34] [b33] [b36] [b35] [b56] [b38] [b39] [b61] [b12] [b3] [b23] [b4] [b26] [b53] [b24] [b25] [b27] [b60] [b9] [b1]]
(*huffmanBitWriter).writeBlockHuff, 47, 31, [[b1] [b2] [b62] [b5] [b4] [b7] [b8] [b10 b12] [b18] [b20] [b19] [b22] [b23] [b26] [b25] [b28] [b29] [b27] [b56] [b30] [b58] [b32] [b35] [b36] [b38 b40 b45 b63 b71 b42 b60 b70 b46 b69 b64 b44 b66 b54 b65 b68] [b73] [b47] [b49] [b72] [b33] [b3]]
(*compressor).init, 59, 59, []
(*decompressor).huffmanBlock, 155, 87, [[b1] [b5] [b2] [b9] [b6] [b10 b47 b133 b46 b131 b17 b130 b12 b7 b129 b111 b110 b115 b19 b16 b112 b107 b11 b109 b114 b105 b8 b127 b104 b122 b103 b102 b120 b88 b116 b91 b99 b113 b77 b96 b83 b86 b94 b98 b80 b79 b89 b97 b78 b82 b69 b81 b22 b74 b14 b71 b23 b26 b29 b32 b35 b38 b41 b70 b73 b18 b21 b24 b27 b30 b33 b36 b72 b15] [b42] [b144] [b121] [b50] [b85] [b150] [b75] [b65] [b95] [b152] [b53] [b45] [b101] [b153] [b43] [b40] [b117] [b119] [b123] [b4] [b3] [b134] [b136] [b135] [b138] [b137] [b142] [b140] [b141] [b155] [b34] [b31] [b106] [b154] [b39] [b37] [b87] [b151] [b57] [b56] [b76] [b149] [b90] [b84] [b20] [b25] [b58] [b48] [b60] [b62] [b61] [b64] [b63] [b28] [b66] [b67] [b147] [b108] [b100] [b59] [b146] [b128] [b126] [b68] [b148] [b93] [b92] [b44] [b49] [b52] [b51] [b118] [b54] [b55] [b145] [b139] [b132] [b13] [b143] [b125] [b124]]
(*deflateFast).encode, 97, 47, [[b1] [b37] [b3] [b11] [b13 b15] [b16] [b8] [b10] [b2] [b52] [b54 b55 b14 b154 b130 b129 b123 b121 b119 b117 b115 b113 b111 b109 b107 b105 b102 b103 b101 b100 b95 b98 b88 b86 b90 b84 b136 b93 b60 b92 b80 b79 b74 b72 b70 b68 b66 b64 b58 b59 b153 b149] [b67] [b69] [b71] [b73] [b75] [b77] [b85] [b87] [b108] [b110] [b112] [b114] [b116] [b118] [b120] [b122] [b124] [b126] [b104] [b62] [b63] [b61] [b137] [b140] [b139] [b141 b143 b47 b146 b145] [b148] [b135] [b150] [b151] [b45] [b156] [b155] [b27] [b29 b31 b17 b34 b33] [b36]]
(*decompressor).Read, 32, 16, [[b1] [b3 b4 b28 b13 b31 b32 b5 b8 b20 b18 b30 b6 b21 b29 b26 b24 b23] [b25] [b27] [b19] [b7] [b22] [b11] [b12] [b15] [b14] [b2] [b10] [b9] [b16] [b17]]
hash4, 3, 3, []
(*compressor).store, 15, 15, []
byFreq.Swap, 5, 5, []
lengthCode, 3, 3, []
byLiteral.Swap, 5, 5, []
byLiteral.Less, 5, 5, []
(*byLiteral).sort, 4, 4, []
(*dictDecoder).histSize, 3, 3, []
(*byFreq).sort, 4, 4, []
byFreq.Less, 7, 7, []
(*dictDecoder).writeByte, 3, 3, []
(*huffmanBitWriter).reset, 7, 7, []
newHuffmanEncoder, 4, 4, []
(*decompressor).Close, 6, 6, []
(*compressor).writeBlock, 10, 10, []
noEOF, 6, 6, []
(*decompressor).finishBlock, 23, 23, []
newDeflateFast, 4, 4, []
(*dictDecoder).writeSlice, 3, 3, []
offsetCode, 7, 7, []
(*huffmanBitWriter).storedSize, 5, 5, []
(*deflateFast).reset, 4, 4, []
(*huffmanBitWriter).writeBits, 19, 19, []
(*huffmanBitWriter).writeTokens, 36, 13, [[b1] [b2] [b4 b6 b11 b41 b10 b31 b43 b5 b39 b42 b37 b30 b28 b33 b35 b25 b26 b32 b23 b19 b22 b17 b16 b13] [b7] [b15] [b18] [b20] [b24] [b38] [b40] [b44] [b12] [b3]]
histogram, 6, 5, [[b1] [b3] [b4] [b6 b8] [b9]]
load64, 21, 21, []
load32, 13, 13, []
(*compressor).write, 10, 7, [[b1] [b2] [b4 b6 b10 b8] [b7] [b11] [b13] [b3]]
(*compressor).deflate, 146, 37, [[b1] [b44] [b2] [b5] [b46] [b6] [b8 b9 b114 b141 b79 b120 b60 b142 b87 b51 b124 b112 b89 b7 b52 b75 b133 b80 b113 b78 b115 b122 b61 b139 b96 b83 b86 b77 b132 b43 b93 b123 b105 b109 b101 b33 b128 b62 b47 b3 b45 b90 b95 b81 b48 b107 b84 b23 b103 b69 b71 b130 b4 b49 b134 b91 b92 b97 b111 b76 b82 b85 b108 b106 b126 b131 b88 b94 b99 b104 b35 b70 b63 b68 b127 b98 b67 b138 b65 b125 b143 b144 b145 b146 b110 b66 b74 b73 b72 b53 b36 b58 b59 b64 b30 b50 b55 b18 b140 b121 b119 b13 b38 b54 b42 b19 b37 b11 b17 b14] [b16] [b39] [b41] [b129] [b136] [b117] [b100] [b102] [b20] [b40] [b22] [b24] [b25] [b15] [b26] [b57] [b137] [b135] [b27] [b21] [b32] [b29] [b56] [b118] [b116] [b34] [b28] [b10] [b31] [b12]]
(*huffmanBitWriter).writeCode, 19, 19, []
(*huffmanBitWriter).writeFixedHeader, 3, 3, []
(*deflateFast).shiftOffsets, 6, 5, [[b1] [b8] [b10 b12] [b13] [b6]]
(*compressor).writeStoredBlock, 3, 3, []
emitLiteral, 17, 6, [[b1] [b2 b4 b8 b11 b12 b6 b10 b3 b15 b16 b9 b7] [b5] [b17] [b13] [b14]]
fixedHuffmanDecoderInit, 4, 4, []
(*decompressor).huffSym, 27, 17, [[b1] [b3 b4 b16 b26 b20 b9 b18 b6 b17 b8 b7] [b19] [b21] [b23] [b24] [b25] [b27] [b22] [b10] [b11] [b2] [b14] [b5] [b12] [b13] [b15]]
NewWriter, 3, 3, []
(*huffmanEncoder).assignEncodingAndSize, 20, 5, [[b1] [b2 b4 b9 b24 b18 b8 b15 b6 b3 b22 b17 b25 b23 b19 b14 b10] [b5] [b13] [b21]]
(*compressor).syncFlush, 9, 9, []
(*compressor).storeHuff, 14, 14, []
(*compressor).fillStore, 6, 6, []
(*dictDecoder).readFlush, 8, 8, []
(*compressor).fillDeflate, 29, 21, [[b1] [b37] [b3] [b5] [b10] [b14] [b13] [b12] [b38] [b17] [b19 b21 b26 b28 b20] [b30] [b32 b34 b39 b41 b33] [b35] [b15] [b43] [b46] [b45] [b25] [b50] [b49]]
(*huffmanEncoder).bitLength, 9, 4, [[b1] [b2 b4 b6 b8 b3 b7] [b5] [b9]]
.eq.compress/flate.WriteError, 7, 7, []
.eq.compress/flate.literalNode, 3, 3, []
(*huffmanBitWriter).write, 6, 6, []
.eq.compress/flate.ReadError, 7, 7, []
(*byLiteral).Swap, 7, 7, []
(*byFreq).Swap, 7, 7, []
(*huffmanBitWriter).writeStoredHeader, 3, 3, []
matchLen, 10, 8, [[b1] [b3] [b4] [b7] [b8] [b10 b12 b16] [b13] [b15]]
(*decompressor).nextBlock, 30, 25, [[b1] [b2 b4 b17 b26 b18 b3] [b5] [b11] [b15] [b20] [b29] [b6] [b23] [b19] [b28] [b10] [b9] [b21] [b30] [b24] [b25] [b22] [b16] [b27] [b14] [b13] [b12] [b8] [b7]]
(*dictDecoder).init, 21, 21, []
.eq.struct { Cache *struct { Mask uintptr; Entries [1]struct { Typ uintptr; Itab uintptr } }; Inter *struct { Type struct { Size_ uintptr; PtrBytes uintptr; Hash uint32; TFlag uint8; Align_ uint8; FieldAlign_ uint8; Kind_ uint8; Equal unsafe.Pointer; GCData *uint8; Str int32; PtrToThis int32 }; PkgPath struct { Bytes *uint8 }; Methods []struct { Name int32; Typ int32 } }; CanFail bool }, 6, 6, []
(*token).length, 3, 3, []
(*Writer).Reset, 7, 7, []
(*token).offset, 3, 3, []
(*InternalError).Error, 3, 3, []
(*compressor).encSpeed, 41, 41, []
(*token).literal, 3, 3, []
(*byFreq).Len, 3, 3, []
(*compressor).reset, 15, 15, []
bulkHash4, 10, 8, [[b1] [b10] [b13] [b12] [b14 b16 b18] [b17] [b21] [b3]]
(*byLiteral).Len, 3, 3, []
(*compressor).initDeflate, 10, 10, []
(*byLiteral).Less, 7, 7, []
(*compressor).close, 17, 17, []
(*decompressor).makeReader, 50, 48, [[b1] [b2] [b3] [b5 b39 b6] [b8] [b7] [b4] [b9] [b13] [b22] [b21] [b23] [b44] [b24] [b43] [b32] [b49] [b35] [b36] [b27] [b33] [b50] [b37] [b38] [b12] [b40] [b16] [b41] [b14] [b19] [b47] [b28] [b25] [b42] [b20] [b48] [b18] [b34] [b15] [b17] [b11] [b46] [b29] [b31] [b10] [b45] [b30] [b26]]
(*compressor).fillWindow, 29, 19, [[b1] [b2] [b4] [b6] [b23] [b12] [b8] [b22] [b17] [b16] [b18 b20 b29 b37 b26 b34 b24 b32 b36 b19 b28] [b21] [b25] [b27] [b31] [b10] [b30] [b7] [b3]]
(*dictDecoder).tryWriteCopy, 18, 11, [[b1] [b2] [b4] [b6 b8 b18 b21 b16 b14 b10 b7] [b9] [b11] [b13] [b17] [b12] [b19] [b5]]
(*huffmanBitWriter).indexTokens, 42, 25, [[b1] [b52] [b3] [b2] [b37] [b5] [b4] [b6 b8 b15 b39 b12 b30 b7 b28 b33 b35 b24 b26 b21 b18] [b9] [b41 b43 b45] [b46] [b44] [b47 b49 b51] [b31] [b32] [b50] [b27] [b56] [b58] [b57] [b55] [b20] [b23] [b38] [b14]]
(*decompressor).moreBits, 9, 9, []
(*dictDecoder).writeCopy, 25, 18, [[b1] [b24] [b5] [b7] [b6] [b9] [b10] [b13] [b12] [b31] [b17] [b16] [b4] [b18 b20 b30 b33 b28 b26 b22 b19] [b21] [b23] [b25] [b29]]
(*byFreq).Less, 10, 10, []
(*huffmanBitWriter).writeDynamicHeader, 30, 14, [[b1] [b2] [b6 b8 b10 b7] [b9] [b15 b16 b25 b36 b38 b40 b31 b28 b32 b35 b27 b22 b20 b18] [b19] [b23] [b41] [b39] [b37] [b17] [b11] [b13] [b3]]
init.0, 4, 4, []
fixedHuffmanDecoderInit.func1, 13, 9, [[b1] [b2 b4] [b5] [b8 b10] [b11] [b14 b16] [b17] [b20 b22] [b26]]
generateFixedOffsetEncoding, 7, 6, [[b2] [b7] [b9] [b8] [b3 b5] [b6]]
(*decompressor).Reset, 24, 24, []
(*CorruptInputError).Error, 3, 3, []
generateFixedLiteralEncoding, 16, 7, [[b2] [b14] [b19] [b15] [b3 b5 b18 b10 b13 b16 b17 b4 b8 b11] [b6] [b20]]
(*huffmanBitWriter).writeBytes, 30, 28, [[b1] [b2] [b4] [b6 b8 b7] [b9] [b27] [b13] [b15] [b16] [b18] [b29] [b10] [b24] [b19] [b20] [b12] [b21] [b30] [b25] [b26] [b22] [b23] [b11] [b5] [b28] [b14] [b17] [b3]]
(*huffmanBitWriter).flush, 19, 14, [[b1] [b2] [b4 b6 b11 b12 b8 b5] [b7] [b14] [b15] [b17] [b10] [b13] [b16] [b18] [b19] [b9] [b3]]
(*huffmanBitWriter).generateCodegen, 64, 30, [[b4] [b7] [b8] [b10 b12 b11] [b13] [b19] [b18] [b21] [b20] [b22 b24 b23] [b25] [b31] [b32] [b34 b36 b41 b80 b38 b77 b35 b42 b79 b54 b71 b81 b51 b83 b75 b78 b49 b53 b64 b73 b45 b57 b61 b72 b43 b52 b44 b63 b40 b67 b62] [b37] [b88] [b87] [b39] [b74] [b76] [b68] [b70] [b46] [b48] [b82] [b84] [b58] [b60] [b27] [b15]]
(*huffmanEncoder).generate, 31, 23, [[b1] [b3] [b29] [b19] [b4] [b31] [b2] [b5] [b6] [b8 b10 b15 b17 b13 b14 b9] [b11] [b20] [b21] [b32] [b23] [b22] [b7] [b24] [b25 b27 b26] [b28] [b30] [b18] [b16]]
(*compressor).findMatch, 50, 23, [[b1] [b39] [b3] [b2] [b5] [b6] [b13] [b14] [b17] [b16] [b18 b20 b59 b57 b22 b34 b51 b24 b30 b55 b23 b19 b47 b53 b46 b48 b52 b43 b41 b12 b11 b44 b38 b36 b40 b32 b28 b26] [b45] [b25] [b29] [b31] [b35] [b56] [b10] [b9] [b62] [b58] [b54] [b21]]
init, 13, 12, [[b2] [b12] [b6] [b4] [b7] [b9] [b8] [b3 b5] [b10] [b13] [b1] [b11]]
NewReaderDict, 27, 27, []
NewReader, 24, 24, []
(*huffmanDecoder).init, 73, 38, [[b1] [b54] [b3] [b65] [b60] [b57] [b2] [b4 b6 b9 b18 b5 b12 b52 b13 b10 b39 b26 b8] [b7] [b20] [b22 b24 b23] [b25] [b15] [b31] [b68] [b30] [b14] [b35] [b16] [b34] [b75] [b37] [b44] [b55] [b43] [b38 b19 b33 b29 b40 b42] [b41] [b36] [b46 b48 b51 b58 b47 b64 b74 b61 b71 b59 b63 b69 b73 b56 b62 b67 b72 b50] [b49] [b53] [b70] [b76] [b66] [b45] [b27] [b21] [b17]]
(*decompressor).readHuffman, 72, 39, [[b1] [b2 b4 b3] [b5] [b8] [b10] [b12 b14 b22 b16 b13 b18 b17] [b15] [b26 b28 b30] [b34] [b37] [b36] [b38 b40 b46 b76 b45 b73 b42 b71 b75 b39 b68 b74 b65 b48 b67 b63 b56 b59 b66 b61 b51 b55 b52 b44] [b81] [b27] [b84] [b86] [b85] [b88] [b83] [b41] [b90] [b89] [b19] [b92] [b91] [b60] [b64] [b78] [b72] [b70] [b62] [b47] [b43] [b33] [b25] [b21] [b11] [b9] [b7]]
(*huffmanBitWriter).fixedSize, 17, 7, [[b1] [b2 b4 b15 b8 b3 b7] [b10] [b11 b13 b14 b17 b12 b16] [b19] [b18] [b9]]
(*deflateFast).matchLen, 46, 40, [[b1] [b74] [b3] [b2] [b4] [b28] [b31] [b30] [b33] [b34] [b37] [b36] [b69] [b42] [b38] [b45] [b46] [b48 b50 b56] [b51] [b60] [b63] [b66] [b68 b70 b76] [b71] [b73] [b59] [b53] [b29] [b6] [b9] [b8] [b11] [b10] [b13] [b12] [b15] [b16] [b18 b20 b26] [b21] [b23]]
NewWriterDict, 15, 15, []
newHuffmanBitWriter, 13, 13, []
(*decompressor).dataBlock, 59, 57, [[b2] [b4] [b5] [b7 b47 b8] [b10] [b9] [b11] [b12] [b18] [b20] [b21] [b23] [b22] [b25] [b24] [b50] [b27] [b28] [b56] [b29] [b26] [b53] [b31] [b51] [b33] [b35] [b34] [b37] [b36] [b52] [b39] [b40] [b58] [b43] [b44] [b32] [b57] [b6] [b42] [b41] [b59] [b45] [b46] [b19] [b55] [b38] [b30] [b13] [b48] [b16] [b49] [b14] [b15] [b17] [b54] [b1] [b3]]
(*huffmanEncoder).bitCounts, 68, 33, [[b1] [b2] [b5] [b8] [b10] [b9] [b109] [b12] [b11] [b13 b15 b106 b33 b29 b23 b17 b14] [b16] [b36] [b35] [b38 b39 b47 b80 b46 b85 b90 b43 b83 b91 b41 b81 b87 b49 b82 b89 b60 b78 b58 b76 b45 b72 b77 b101 b95 b74 b66] [b42] [b69] [b79] [b61] [b92] [b86] [b97] [b93] [b100] [b103] [b105 b107 b111] [b108] [b114] [b94] [b48] [b18] [b20] [b26] [b3]]
