contextName, 16, 14, [[b1] [b2] [b3] [b5 b19 b6] [b8] [b7] [b4] [b9] [b18] [b12] [b14] [b21] [b20] [b10]]
removeChild, 20, 20, []
(*cancelCtx).Done, 28, 28, []
stringify, 18, 16, [[b1] [b5] [b3] [b30] [b7] [b11] [b6] [b17 b29 b18] [b16] [b15] [b14] [b25] [b32] [b31] [b23] [b13]]
parentCancelCtx, 19, 19, []
(*cancelCtx).cancel, 56, 55, [[b1] [b3] [b2] [b7] [b6] [b8] [b9] [b10] [b12] [b30] [b13] [b15] [b41] [b16] [b17] [b18] [b23] [b28] [b27] [b55] [b5] [b4] [b11] [b29] [b31] [b14] [b32] [b33] [b35] [b34] [b36] [b38] [b39] [b37] [b40 b42] [b43] [b56] [b49] [b47] [b45] [b44] [b46] [b53] [b48] [b50] [b54] [b52] [b51] [b19] [b21] [b20] [b22] [b25] [b24] [b26]]
WithDeadlineCause, 40, 40, []
(*cancelCtx).propagateCancel, 80, 76, [[b1] [b75] [b65] [b61] [b3] [b2] [b4] [b7] [b40] [b41] [b43 b73 b44] [b46] [b45] [b42] [b47] [b64] [b63] [b66] [b80] [b68] [b69] [b79] [b5] [b67] [b48] [b50] [b49] [b51] [b52] [b53] [b55] [b78] [b17] [b14] [b77] [b38] [b36] [b57] [b56] [b58] [b74] [b60] [b62] [b8] [b10] [b9] [b11] [b12] [b13] [b15] [b22] [b16] [b18] [b24] [b19] [b20] [b23] [b32] [b76] [b59] [b54] [b71] [b31] [b25] [b27 b70 b28] [b30] [b29] [b26] [b21] [b34] [b33] [b35] [b72] [b37] [b39] [b6]]
value, 48, 22, [[b1] [b3 b4 b54 b57 b62 b65 b7 b51 b49 b45 b43 b39 b37 b33 b24 b56 b48 b59 b30 b64 b42 b67 b12 b17 b18 b15 b10] [b8] [b28] [b63] [b58] [b46] [b60] [b16] [b52] [b53] [b40] [b66] [b61] [b13] [b34] [b35] [b36] [b22] [b14] [b9] [b55]]
init, 4, 4, []
(*cancelCtx).Done.deferwrap1, 7, 7, []
(*cancelCtx).Value, 6, 6, []
(*valueCtx).Value, 6, 6, []
WithoutCancel, 3, 3, []
WithDeadlineCause.deferwrap1, 7, 7, []
(*cancelCtx).propagateCancel.func2, 4, 4, []
WithValue, 15, 15, []
AfterFunc, 7, 7, []
withCancel, 3, 3, []
.eq.struct { Cache *struct { Mask uintptr; Entries [1]struct { Typ uintptr; Itab uintptr } }; Inter *struct { Type struct { Size_ uintptr; PtrBytes uintptr; Hash uint32; TFlag uint8; Align_ uint8; FieldAlign_ uint8; Kind_ uint8; Equal unsafe.Pointer; GCData *uint8; Str int32; PtrToThis int32 }; PkgPath struct { Bytes *uint8 }; Methods []struct { Name int32; Typ int32 } }; CanFail bool }, 6, 6, []
.eq.context.valueCtx, 16, 16, []
(*afterFuncCtx).cancel, 7, 7, []
(*deadlineExceededError).Timeout, 3, 3, []
(*withoutCancelCtx).Done, 3, 3, []
(*withoutCancelCtx).Err, 3, 3, []
AfterFunc.func1, 7, 7, []
(*emptyCtx).Done, 3, 3, []
(*todoCtx).String, 3, 3, []
(*emptyCtx).Err, 3, 3, []
(*backgroundCtx).String, 3, 3, []
(*deadlineExceededError).Error, 3, 3, []
(*deadlineExceededError).Temporary, 3, 3, []
(*emptyCtx).Value, 3, 3, []
(*withoutCancelCtx).String, 3, 3, []
(*timerCtx).Value, 7, 7, []
(*withoutCancelCtx).Value, 3, 3, []
(*afterFuncCtx).Value, 7, 7, []
(*withoutCancelCtx).Deadline, 3, 3, []
(*emptyCtx).Deadline, 3, 3, []
Cause, 23, 23, []
(*timerCtx).String, 3, 3, []
WithCancelCause, 6, 6, []
WithCancel, 6, 6, []
(*cancelCtx).Err, 17, 15, [[b1] [b16] [b2] [b4] [b3] [b5] [b6] [b7] [b8] [b9] [b10] [b12 b17 b13] [b15] [b14] [b11]]
(*timerCtx).cancel, 24, 24, []
.eq.[6]string, 17, 11, [[b1] [b2 b4 b9 b6 b3] [b5] [b13 b15 b14] [b16] [b18] [b7] [b10] [b12] [b8] [b19]]
