(*List).InsertAfter, 15, 15, []
(*List).PushFront, 19, 19, []
(*List).MoveToFront, 24, 24, []
(*List).insertValue, 13, 13, []
(*List).PushBack, 19, 19, []
(*List).InsertBefore, 15, 15, []
(*List).PushFrontList, 31, 12, [[b1] [b4] [b27] [b17] [b15] [b24] [b6] [b7] [b8] [b9] [b10 b20 b19 b18 b16 b25 b26 b11 b28 b14 b3 b29 b5 b21 b30 b2 b23 b31 b22 b12] [b13]]
(*List).PushBackList, 31, 12, [[b1] [b4] [b27] [b17] [b15] [b24] [b6] [b7] [b8] [b9] [b10 b20 b19 b18 b16 b25 b26 b11 b28 b14 b3 b29 b5 b21 b30 b2 b23 b31 b22 b12] [b13]]
(*List).lazyInit, 7, 7, []
(*List).Front, 3, 3, []
(*List).Remove, 10, 10, []
(*List).Back, 3, 3, []
(*Element).Prev, 6, 6, []
(*List).Init, 4, 4, []
(*Element).Next, 6, 6, []
(*List).remove, 7, 7, []
(*List).insert, 13, 13, []
(*List).move, 18, 18, []
.eq.container/list.List, 4, 4, []
.eq.container/list.Element, 12, 12, []
New, 4, 4, []
(*List).MoveBefore, 26, 26, []
(*List).MoveToBack, 21, 21, []
(*List).MoveAfter, 23, 23, []
