(*KeySizeError).Error, 3, 3, []
NewCTR, 3, 3, []
init.1.func1, 7, 7, []
newCTR, 3, 3, []
expandKeyGeneric, 48, 18, [[b1] [b4] [b5 b7 b24 b11 b9] [b8] [b31 b29 b52 b43 b49 b41 b46 b51 b37 b34 b19 b45 b32 b36 b28] [b56] [b57 b59 b61 b58 b63 b69 b40 b70 b17 b15 b67 b65 b62] [b60] [b66] [b72] [b33] [b38] [b44] [b55] [b12] [b14] [b26] [b3]]
decryptBlockGeneric, 26, 21, [[b1] [b5] [b8] [b79] [b81 b83 b89 b87 b85 b82] [b84] [b94] [b93] [b96] [b95] [b98] [b97] [b100] [b99] [b102] [b166] [b86] [b88] [b90] [b92] [b3]]
(*CTR).XORKeyStreamAt, 51, 49, [[b1] [b6] [b10] [b21] [b102] [b18] [b109] [b35] [b117] [b113] [b17] [b36] [b98] [b39] [b94] [b44] [b45] [b87] [b50] [b59] [b37] [b60 b62 b61] [b63] [b83] [b78] [b80] [b91] [b77] [b79] [b93] [b95] [b106] [b92] [b72] [b108] [b110] [b121] [b107] [b68] [b124] [b64] [b129] [b130] [b55] [b135] [b134] [b122] [b65] [b3]]
encryptBlockGeneric, 26, 21, [[b1] [b5] [b8] [b79] [b81 b83 b89 b87 b85 b82] [b84] [b94] [b93] [b96] [b95] [b98] [b97] [b100] [b99] [b102] [b166] [b86] [b88] [b90] [b92] [b3]]
ctrBlocks8, 4, 4, []
ctrBlocks4, 4, 4, []
ctrBlocks2, 4, 4, []
ctrBlocks1, 4, 4, []
checkGenericIsExpected, 3, 3, []
encryptBlock, 8, 8, []
decryptBlock, 8, 8, []
(*CBCDecrypter).SetIV, 6, 6, []
(*CBCEncrypter).SetIV, 6, 6, []
newBlockExpanded, 8, 8, []
RoundToBlock, 6, 6, []
newOutlined, 8, 8, []
newBlock, 13, 13, []
cryptBlocksEncGeneric, 15, 10, [[b2] [b4 b6 b32 b28 b10 b5] [b38] [b36] [b41] [b40] [b9] [b13] [b31] [b35]]
(*Block).Decrypt, 12, 12, []
ctrBlocks, 17, 12, [[b1] [b8] [b10 b12 b40 b38 b16 b14] [b13] [b67] [b74] [b73] [b17] [b19] [b41] [b43] [b4]]
(*Block).Encrypt, 12, 12, []
EncryptionKeySchedule, 3, 3, []
(*CTR).XORKeyStream, 3, 3, []
init, 12, 12, []
cryptBlocksDecGeneric, 20, 12, [[b4] [b7] [b8] [b43] [b11] [b10] [b12 b14 b37 b47 b35 b22 b18 b16 b13] [b15] [b17] [b19] [b21] [b38]]
(*CBCDecrypter).CryptBlocks, 17, 17, []
(*CBCEncrypter).CryptBlocks, 17, 17, []
