Sum, 6, 6, []
(*digest).Sum, 4, 4, []
(*digest).MarshalBinary, 17, 17, []
(*digest).constSum, 27, 16, [[b1] [b73] [b5] [b7] [b75] [b6] [b8 b10] [b11] [b14 b16 b71 b28 b20] [b30] [b32 b34] [b35] [b44 b46 b51 b55 b45] [b57] [b59 b61] [b62]]
block, 4, 4, []
(*digest).UnmarshalBinary, 11, 11, []
(*digest).checkSum, 12, 12, []
(*digest).AppendBinary, 35, 35, []
init.0, 6, 6, []
(*digest).ConstantTimeSum, 4, 4, []
.eq.crypto/sha1.digest, 7, 7, []
consumeUint64, 3, 3, []
consumeUint32, 3, 3, []
blockGeneric, 22, 3, [[b1] [b2 b4 b36 b35 b38 b32 b31 b34 b28 b27 b30 b24 b23 b26 b20 b9 b22 b6 b3 b8] [b5]]
(*digest).Write, 26, 26, []
