(*gcmFallback).Seal, 42, 42, []
(*cbcDecrypter).CryptBlocks, 46, 41, [[b1] [b5] [b4] [b2] [b10] [b14] [b25] [b86] [b22] [b88] [b39] [b92] [b90] [b21] [b38] [b43] [b47] [b50] [b49] [b84] [b54] [b53] [b55 b57 b75 b61 b59 b56] [b58] [b81] [b80] [b83] [b82] [b85] [b96] [b73] [b95] [b93] [b60] [b62] [b64] [b78] [b46] [b44] [b7] [b3]]
NewGCMWithRandomNonce, 5, 5, []
gcmWithRandomNonce.Open, 49, 49, []
NewCTR, 37, 35, [[b1] [b3] [b2] [b4] [b5] [b7] [b62] [b64] [b32] [b63] [b65] [b66] [b68 b49 b69] [b71] [b70] [b67] [b72] [b74] [b47] [b77] [b76] [b79] [b81] [b85] [b84] [b83] [b80] [b45] [b78] [b51] [b75] [b73] [b6] [b58] [b8]]
newGCM, 13, 13, []
(*gcmFallback).Open, 50, 49, [[b1] [b2] [b4] [b6] [b8] [b12] [b11] [b14] [b15] [b17] [b20] [b21] [b24] [b35] [b60] [b32] [b77] [b49] [b96] [b93] [b31] [b48] [b53] [b50] [b43] [b52] [b54] [b64] [b59] [b75] [b78] [b83] [b86] [b87] [b89] [b92 b94] [b100] [b90] [b101] [b102] [b103] [b42] [b105] [b104] [b66] [b9] [b7] [b5] [b3]]
deriveCounter, 10, 10, []
(*cbcEncrypter).SetIV, 6, 6, []
(*cbcDecrypter).SetIV, 6, 6, []
NewCFBEncrypter, 6, 6, []
(*gcmWithRandomNonce).Seal, 3, 3, []
NewCFBDecrypter, 6, 6, []
(*ofb).XORKeyStream, 25, 18, [[b1] [b6] [b10] [b21] [b22] [b18] [b23] [b35] [b29] [b28] [b17] [b34] [b36 b38 b51 b47 b42 b19 b41 b37] [b39] [b45] [b50] [b54] [b3]]
(*cfb).XORKeyStream, 41, 20, [[b1] [b6] [b10] [b21] [b22] [b18] [b23] [b35] [b29] [b28] [b17] [b34] [b36 b38 b71 b67 b8 b65 b56 b11 b66 b52 b61 b12 b50 b59 b40 b16 b51 b19 b41 b46 b37 b44] [b39] [b47] [b55] [b62] [b70] [b74] [b3]]
newCBCGenericDecrypter, 3, 3, []
newCBCGenericEncrypter, 3, 3, []
gcmCounterCryptGeneric, 9, 7, [[b1] [b2 b4 b38] [b5] [b42] [b79] [b46] [b41]]
(*StreamWriter).Write, 3, 3, []
sliceForAppend, 8, 8, []
(*StreamReader).Read, 3, 3, []
.eq.crypto/cipher.StreamReader, 10, 10, []
NewGCMWithNonceSize, 6, 6, []
NewGCMWithTagSize, 6, 6, []
NewGCM, 6, 6, []
(*aesCtrWrapper).XORKeyStream, 3, 3, []
(*gcmWithRandomNonce).Open, 3, 3, []
.eq.crypto/cipher.StreamWriter, 16, 16, []
.eq.crypto/cipher.gcmFallback, 10, 10, []
.eq.struct { Cache *struct { Mask uintptr; Entries [1]struct { Typ uintptr; Itab uintptr } }; Inter *struct { Type struct { Size_ uintptr; PtrBytes uintptr; Hash uint32; TFlag uint8; Align_ uint8; FieldAlign_ uint8; Kind_ uint8; Equal unsafe.Pointer; GCData *uint8; Str int32; PtrToThis int32 }; PkgPath struct { Bytes *uint8 }; Methods []struct { Name int32; Typ int32 } }; CanFail bool }, 6, 6, []
(*gcmWithRandomNonce).NonceSize, 3, 3, []
(*gcmWithRandomNonce).Overhead, 3, 3, []
newCFB, 9, 9, []
StreamReader.Read, 3, 3, []
StreamWriter.Close, 11, 9, [[b1] [b2] [b3] [b5 b11 b6] [b8] [b7] [b4] [b9] [b10]]
(*ctr).XORKeyStream, 27, 20, [[b1] [b6] [b10] [b21] [b22] [b18] [b23] [b35] [b29] [b28] [b17] [b34] [b39] [b41 b43 b56 b52 b47 b19 b46 b42] [b44] [b50] [b55] [b59] [b40] [b3]]
StreamWriter.Write, 6, 6, []
(*ctr).refill, 23, 13, [[b2] [b5] [b4] [b26] [b9] [b12] [b14 b16 b8 b31 b22 b32 b20 b24 b28 b18 b23] [b17] [b35] [b36] [b21] [b27] [b33]]
NewOFB, 14, 14, []
(*ofb).refill, 18, 13, [[b1] [b4] [b7] [b6] [b10] [b11] [b14] [b16 b18 b28 b27 b22 b20] [b19] [b29] [b30] [b23] [b3]]
newCBC, 13, 13, []
newGCMFallback, 20, 18, [[b2] [b4] [b7] [b10] [b11] [b13 b8 b14] [b16] [b15] [b12] [b17] [b19] [b5] [b1] [b20] [b21] [b18] [b9] [b6]]
(*cbcEncrypter).CryptBlocks, 37, 30, [[b1] [b5] [b4] [b2] [b10] [b14] [b25] [b27] [b22] [b32] [b39] [b60] [b33] [b21] [b38] [b43] [b45 b47 b74 b70 b64 b57 b51 b46] [b48] [b26] [b81] [b80] [b50] [b54] [b59] [b67] [b73] [b77] [b44] [b7] [b3]]
(*StreamWriter).Close, 14, 12, [[b1] [b3] [b2] [b4] [b5] [b7 b14 b8] [b10] [b9] [b6] [b11] [b12] [b13]]
NewCBCEncrypter, 25, 23, [[b1] [b2] [b5] [b4] [b6] [b7] [b13] [b15] [b17] [b14] [b16] [b18] [b19] [b21 b12 b22] [b24] [b23] [b20] [b25] [b26] [b8] [b10] [b11] [b3]]
NewCBCDecrypter, 25, 23, [[b1] [b2] [b5] [b4] [b6] [b7] [b13] [b15] [b17] [b14] [b16] [b18] [b19] [b21 b12 b22] [b24] [b23] [b20] [b25] [b26] [b8] [b10] [b11] [b3]]
gcmWithRandomNonce.Seal, 47, 47, []
