init.0.func1, 6, 6, []
(*Digest).sumGeneric, 12, 12, []
bytepadWrite, 10, 10, []
keccakF1600, 4, 4, []
(*Digest).UnmarshalBinary, 41, 41, []
(*SHAKE).AppendBinary, 37, 37, []
newCShake, 28, 28, []
keccakF1600Generic, 4, 3, [[b1] [b2 b4] [b5]]
(*SHAKE).Clone, 4, 4, []
newCShake256, 9, 9, []
(*SHAKE).UnmarshalBinary, 14, 14, []
newCShake128, 9, 9, []
(*Digest).writeGeneric, 15, 8, [[b1] [b2] [b4 b6 b12 b22 b18 b16 b8 b5] [b7] [b9] [b11] [b19] [b3]]
(*Digest).readGeneric, 17, 8, [[b1] [b19] [b3] [b2] [b4 b6 b22 b18 b13 b11 b8 b17 b10 b5] [b7] [b12] [b14]]
(*Digest).AppendBinary, 42, 42, []
.eq.crypto/internal/fips140/sha3.Digest, 7, 7, []
(*SHAKE).Reset, 4, 4, []
(*Digest).padAndPermute, 5, 5, []
(*Digest).MarshalBinary, 13, 13, []
