gcmAuthGeneric, 3, 3, []
NewGCMForQUIC, 10, 10, []
(*CMAC).deriveSubkeys, 7, 5, [[b6] [b7 b9] [b17] [b18 b20] [b28]]
(*GCMWithXORCounterNonce).SetNoncePrefixAndMask, 5, 5, []
init.0.func1, 5, 5, []
(*GCM).Open, 40, 40, []
ghash, 7, 5, [[b49] [b51 b53] [b54] [b71 b73] [b118]]
openGeneric, 13, 12, [[b11] [b14] [b19] [b22] [b23] [b25] [b28 b30] [b36] [b26] [b27] [b37] [b38]]
deriveCounterGeneric, 7, 7, []
checkGenericIsExpected, 3, 3, []
updateBlocks, 10, 6, [[b1] [b2 b4 b50 b28 b3] [b5] [b7] [b31] [b53]]
gcmCounterCryptGeneric, 9, 7, [[b1] [b2 b4 b40] [b5] [b44] [b82] [b48] [b43]]
(*GCMWithXORCounterNonce).Seal, 15, 15, []
(*GCMWithCounterNonce).Seal, 18, 18, []
ghashUpdate, 7, 7, []
ghashMul, 12, 4, [[b1] [b2 b4 b8 b6 b10 b12 b7 b9 b3] [b5] [b13]]
shiftLeft, 4, 3, [[b1] [b2 b4] [b5]]
sliceForAppend, 8, 8, []
(*CMAC).MAC, 12, 8, [[b1] [b2] [b13 b15 b54 b31 b23] [b16] [b52] [b62] [b42] [b12]]
SealWithRandomNonce, 24, 24, []
newGCM, 5, 5, []
.eq.crypto/internal/fips140/aes/gcm.GCMWithXORCounterNonce, 9, 9, []
.eq.crypto/internal/fips140/aes/gcm.GCMWithCounterNonce, 11, 11, []
NewGCMForHPKE, 3, 3, []
NewGCMForTLS13, 3, 3, []
NewGCMWithXORCounterNonce, 3, 3, []
NewGCMForSSH, 3, 3, []
NewGCMForTLS12, 3, 3, []
NewGCMWithCounterNonce, 3, 3, []
initGCM, 5, 5, []
init, 20, 20, []
seal, 19, 19, []
(*GCM).sealAfterIndicator, 35, 35, []
sealGeneric, 8, 8, []
open, 26, 25, [[b1] [b3] [b4] [b7] [b10] [b14] [b17] [b45] [b20] [b19] [b25] [b42] [b28] [b30] [b33] [b26] [b35] [b36] [b38] [b41 b43] [b49] [b39] [b40] [b50] [b51]]
