consumeUint64, 3, 3, []
consumeUint32, 3, 3, []
(*Digest).Sum, 9, 9, []
init.0.func1, 6, 6, []
blockGeneric, 10, 3, [[b1] [b2 b4 b6 b3 b8 b21 b31 b7] [b5]]
(*Digest).checkSum, 10, 10, []
(*Digest).AppendBinary, 50, 50, []
(*Digest).UnmarshalBinary, 19, 19, []
block, 4, 4, []
(*Digest).Size, 3, 3, []
(*Digest).Reset, 4, 4, []
(*Digest).Write, 32, 29, [[b1] [b14] [b3] [b5] [b4] [b45] [b9] [b8] [b44] [b12] [b16] [b2] [b41] [b19] [b20 b22 b28 b21] [b23] [b33] [b36] [b39] [b38] [b18] [b34] [b42] [b32] [b47] [b46] [b40] [b25] [b31]]
