(*errCloneUnsupported).Unwrap, 3, 3, []
(*HMAC).Clone, 50, 42, [[b1] [b48] [b38] [b39] [b2] [b3] [b5 b44 b6] [b8] [b7] [b4] [b10] [b9] [b11] [b12] [b14 b45 b15] [b17] [b16] [b13] [b19] [b18] [b20] [b21] [b23 b46 b24] [b26] [b25] [b22] [b49] [b40] [b41] [b27] [b29] [b30] [b32 b47 b33] [b35] [b34] [b31] [b50] [b42] [b43] [b36] [b37] [b28]]
(*errCloneUnsupported).Error, 3, 3, []
.eq.struct { Cache *struct { Mask uintptr; Entries [1]struct { Typ uintptr; Itab uintptr } }; Inter *struct { Type struct { Size_ uintptr; PtrBytes uintptr; Hash uint32; TFlag uint8; Align_ uint8; FieldAlign_ uint8; Kind_ uint8; Equal unsafe.Pointer; GCData *uint8; Str int32; PtrToThis int32 }; PkgPath struct { Bytes *uint8 }; Methods []struct { Name int32; Typ int32 } }; CanFail bool }, 6, 6, []
(*HMAC).Sum, 43, 41, [[b1] [b36] [b2] [b6] [b54] [b52] [b4] [b9] [b8] [b13] [b22] [b47] [b29] [b33] [b28] [b34] [b21] [b26] [b20] [b27] [b12] [b17] [b11] [b35] [b18] [b19] [b7] [b38] [b37] [b39] [b40] [b42 b55 b43] [b45] [b44] [b41] [b46] [b50] [b53] [b56] [b49] [b48]]
(*HMAC).Reset, 41, 35, [[b1] [b2] [b15] [b16] [b18 b39 b19] [b21] [b20] [b17] [b23] [b22] [b24] [b25] [b27 b40 b28] [b30] [b29] [b26] [b32] [b31] [b33] [b35] [b41] [b37] [b38] [b36] [b34] [b3] [b4] [b5] [b7 b12 b8] [b10] [b9] [b6] [b11] [b14] [b13]]
New[go.shape.*uint8], 34, 30, [[b4] [b32] [b15] [b14] [b3] [b33] [b25] [b7] [b6] [b34] [b2] [b1] [b24] [b11] [b10] [b30] [b9] [b8] [b22] [b13] [b12] [b5] [b17] [b16] [b18 b20 b19] [b21] [b26 b28 b27] [b29] [b31] [b23]]
init.0.func1, 6, 6, []
New[go.shape.*uint8].func1, 6, 6, []
