(*Hash).Available, 8, 8, []
.eq.struct { Cache *struct { Mask uintptr; Entries [1]struct { Typ uintptr; Itab uintptr } }; Inter *struct { Type struct { Size_ uintptr; PtrBytes uintptr; Hash uint32; TFlag uint8; Align_ uint8; FieldAlign_ uint8; Kind_ uint8; Equal unsafe.Pointer; GCData *uint8; Str int32; PtrToThis int32 }; PkgPath struct { Bytes *uint8 }; Methods []struct { Name int32; Typ int32 } }; CanFail bool }, 6, 6, []
SignMessage, 14, 12, [[b1] [b2] [b3] [b5 b13 b6] [b8] [b7] [b4] [b9] [b14] [b12] [b11] [b10]]
(*Hash).HashFunc, 3, 3, []
Hash.New, 8, 8, []
(*Hash).Size, 7, 7, []
init, 4, 4, []
Hash.String, 22, 22, []
Hash.Size, 5, 5, []
RegisterHash, 8, 8, []
Hash.Available, 6, 6, []
(*Hash).New, 3, 3, []
(*Hash).String, 3, 3, []
