(*Section).Open, 4, 4, []
Open, 11, 11, []
(*File).Symbols, 14, 9, [[b1] [b2 b4 b14 b10 b3 b8] [b5] [b7] [b9] [b11] [b12] [b13] [b15]]
parseMagic, 13, 13, []
newTable, 5, 5, []
(*File).Close, 7, 7, []
(*File).Section, 9, 4, [[b1] [b2 b4 b6 b9 b3 b8] [b5] [b7]]
NewFile, 46, 32, [[b6] [b45] [b50] [b38] [b22] [b26] [b30] [b23] [b17] [b18] [b16] [b32] [b29] [b25] [b27] [b33] [b34] [b36] [b49] [b39] [b40] [b42] [b15] [b14] [b12] [b44 b8 b13 b10 b46 b3 b11 b5 b43 b7 b1 b19 b4 b21 b51] [b47] [b53] [b41] [b37] [b35] [b9]]
(*formatError).Error, 4, 4, []
.eq.debug/plan9obj.Section, 17, 17, []
walksymtab, 44, 11, [[b1] [b2 b4 b106 b100 b77 b78 b91 b80 b57 b99 b72 b88 b94 b70 b74 b86 b90 b95 b69 b75 b84 b65 b61 b92 b67 b71 b79 b83 b89 b8 b38 b59 b6 b3] [b5] [b87] [b93] [b97] [b103] [b109] [b101] [b62] [b7]]
.eq.struct { debug/plan9obj.name string; debug/plan9obj.size uint32 }, 7, 7, []
newTable.func2, 44, 28, [[b1] [b3] [b4] [b7] [b6] [b11] [b15] [b37] [b36] [b26] [b14] [b10] [b12] [b16 b22 b35 b24 b18 b34 b25 b43 b44 b13 b27 b33 b31 b38 b30 b20 b17] [b19] [b8] [b40] [b42] [b9] [b5] [b41] [b39] [b21] [b23] [b32] [b28] [b2] [b29]]
.eq.debug/plan9obj.formatError, 12, 12, []
.eq.debug/plan9obj.Sym, 9, 9, []
.eq.debug/plan9obj.SectionHeader, 9, 9, []
.eq.[5]struct { debug/plan9obj.name string; debug/plan9obj.size uint32 }, 35, 32, [[b1] [b20] [b2] [b29] [b5] [b4] [b12] [b7] [b16] [b10] [b9] [b3] [b11] [b8] [b14] [b13] [b33] [b15] [b32] [b18] [b17] [b35] [b19] [b34] [b22] [b21] [b23 b25 b27 b24] [b26] [b28] [b30] [b6] [b31]]
