Open, 11, 11, []
SliceCap[debug/macho.Load], 6, 6, []
OpenFat, 11, 11, []
SliceCap[debug/macho.Symbol], 6, 6, []
SliceCap[debug/macho.FatArch], 6, 6, []
(*File).parseSymtab, 39, 19, [[b19] [b22] [b1] [b49] [b34] [b23 b15 b5 b17 b25 b47 b50 b46 b11 b48 b7 b42 b41 b43 b36 b27 b30 b32 b28 b29 b24] [b26] [b4] [b14] [b13] [b33] [b39] [b45] [b35] [b2] [b12] [b8] [b31] [b21]]
NewFatFile, 54, 33, [[b5] [b53] [b90] [b83] [b8] [b6] [b42] [b65] [b66] [b46] [b76] [b63] [b68 b60 b36 b61 b70 b75 b44 b86 b26 b47 b87 b89 b93 b82 b88 b80 b78 b58 b32 b59 b77 b69] [b71] [b91] [b28] [b50] [b48] [b72] [b57] [b84] [b30] [b54] [b51] [b79] [b73] [b67] [b45] [b43] [b37] [b41] [b40] [b7]]
NewFile, 260, 76, [[b6] [b107] [b230] [b229] [b35] [b37] [b43] [b42] [b104] [b213] [b203] [b39] [b105] [b228] [b215] [b36] [b44] [b67] [b68] [b103] [b196] [b194] [b70 b72 b78 b120 b96 b258 b121 b154 b76 b31 b18 b171 b193 b212 b118 b97 b168 b41 b77 b231 b46 b234 b22 b242 b175 b190 b209 b259 b119 b124 b135 b146 b160 b182 b34 b192 b227 b211 b225 b55 b173 b48 b80 b114 b47 b112 b23 b110 b187 b247 b58 b30 b254 b4 b219 b223 b122 b101 b184 b88 b51 b81 b56 b2 b50 b157 b233 b25 b216 b241 b197 b189 b248 b32 b208 b255 b221 b222 b100 b111 b123 b54 b90 b134 b33 b60 b145 b155 b159 b239 b218 b181 b109 b64 b26 b108 b7 b176 b106 b117 b132 b52 b150 b199 b91 b246 b66 b249 b28 b17 b253 b11 b256 b200 b102 b113 b130 b20 b53 b148 b240 b206 b244 b93 b188 b198 b251 b19 b207 b217 b98 b99 b126 b143 b27 b179 b79 b191 b13 b210 b94 b152 b141 b232 b29 b1 b245 b83 b252 b15 b92 b85 b153 b137 b147 b238 b3 b186 b205 b86 b125 b63 b178 b131 b21 b84 b40 b65 b164 b243 b142 b250 b24 b82 b136 b169 b183 b202 b71 b166 b162 b14 b235 b16 b161] [b73] [b89] [b95] [b133] [b129] [b57] [b139] [b128] [b127] [b220] [b214] [b204] [b144] [b140] [b38] [b62] [b61] [b138] [b165] [b180] [b177] [b174] [b237] [b8] [b5] [b170] [b236] [b12] [b10] [b163] [b158] [b156] [b151] [b149] [b226] [b260] [b116] [b115] [b224] [b257] [b172] [b167] [b201] [b195] [b185] [b74] [b59] [b87] [b75] [b69] [b49] [b45] [b9]]
(*RelocTypeARM).String, 3, 3, []
(*RelocTypeGeneric).String, 3, 3, []
(*RelocTypeARM64).String, 3, 3, []
(*RelocTypeX86_64).String, 3, 3, []
(*FatFile).Close, 7, 7, []
(*File).Close, 7, 7, []
(*File).Section, 9, 4, [[b1] [b2 b4 b6 b9 b3 b8] [b5] [b7]]
(*File).Segment, 14, 4, [[b1] [b2 b4 b13 b12 b11 b9 b8 b10 b6 b7 b3] [b5] [b14]]
RelocTypeGeneric.String, 7, 7, []
RelocTypeARM64.String, 7, 7, []
RelocTypeARM.String, 7, 7, []
RelocTypeX86_64.String, 7, 7, []
(*FormatError).Error, 4, 4, []
.eq.debug/macho.FatArch, 12, 12, []
(*File).ImportedLibraries, 26, 6, [[b1] [b2 b4 b20 b19 b8 b26 b9 b6 b7 b12 b3 b21 b15 b16 b10 b14 b22 b23 b24 b13 b11] [b5] [b25] [b17] [b18]]
.eq.struct { Cache *struct { Mask uintptr; Entries [1]struct { Typ uintptr; Itab uintptr } }; Inter *struct { Type struct { Size_ uintptr; PtrBytes uintptr; Hash uint32; TFlag uint8; Align_ uint8; FieldAlign_ uint8; Kind_ uint8; Equal unsafe.Pointer; GCData *uint8; Str int32; PtrToThis int32 }; PkgPath struct { Bytes *uint8 }; Methods []struct { Name int32; Typ int32 } }; CanFail bool }, 6, 6, []
(*LoadBytes).Raw, 3, 3, []
.eq.debug/macho.FormatError, 12, 12, []
.eq.debug/macho.intName, 7, 7, []
(*RelocTypeGeneric).GoString, 3, 3, []
.eq.debug/macho.SectionHeader, 11, 11, []
(*RelocTypeX86_64).GoString, 3, 3, []
(*RelocTypeARM).GoString, 3, 3, []
(*Type).GoString, 3, 3, []
(*RelocTypeARM64).GoString, 3, 3, []
(*File).ImportedSymbols, 43, 17, [[b1] [b3] [b2] [b6] [b21 b23 b38 b33 b39 b25 b43 b16 b22 b30 b40 b29 b28] [b24] [b5] [b8] [b7] [b10] [b9] [b11 b26 b42 b27 b13 b34 b19 b20 b12 b18 b35 b36 b37 b17 b15] [b14] [b4] [b41] [b31] [b32]]
(*Type).String, 3, 3, []
(*Cpu).GoString, 3, 3, []
(*LoadCmd).GoString, 3, 3, []
(*LoadCmd).String, 3, 3, []
(*Cpu).String, 3, 3, []
(*File).DWARF.func1, 25, 19, [[b1] [b4] [b12] [b17] [b13] [b20] [b25] [b36] [b29] [b28] [b15] [b30] [b32 b34 b19 b18 b38 b42 b33] [b7] [b37] [b41] [b35] [b44] [b43]]
.eq.debug/macho.SegmentHeader, 11, 11, []
struct { debug/macho.FatArchHeader; *debug/macho.File }.Close, 7, 7, []
FatArch.Close, 7, 7, []
(*FatArch).Segment, 15, 5, [[b1] [b2 b4 b13 b12 b11 b9 b8 b10 b6 b7 b3] [b5] [b14] [b15]]
(*FatArch).Close, 7, 7, []
(*struct { debug/macho.FatArchHeader; *debug/macho.File }).Close, 7, 7, []
.eq.debug/macho.Symbol, 13, 13, []
.eq.debug/macho.Reloc, 14, 14, []
FatArch.Section, 10, 5, [[b1] [b2 b4 b6 b10 b3 b8] [b5] [b7] [b9]]
(*FatArch).Section, 10, 5, [[b1] [b2 b4 b6 b10 b3 b8] [b5] [b7] [b9]]
struct { debug/macho.FatArchHeader; *debug/macho.File }.Section, 10, 5, [[b1] [b2 b4 b6 b10 b3 b8] [b5] [b7] [b9]]
stringName, 8, 6, [[b1] [b2 b4 b3] [b10] [b7] [b8] [b9]]
(*struct { debug/macho.FatArchHeader; *debug/macho.File }).Section, 10, 5, [[b1] [b2 b4 b6 b10 b3 b8] [b5] [b7] [b9]]
struct { debug/macho.FatArchHeader; *debug/macho.File }.Segment, 15, 5, [[b1] [b2 b4 b13 b12 b11 b9 b8 b10 b6 b7 b3] [b5] [b14] [b15]]
(*struct { debug/macho.FatArchHeader; *debug/macho.File }).Segment, 15, 5, [[b1] [b2 b4 b13 b12 b11 b9 b8 b10 b6 b7 b3] [b5] [b14] [b15]]
FatArch.Segment, 15, 5, [[b1] [b2 b4 b13 b12 b11 b9 b8 b10 b6 b7 b3] [b5] [b14] [b15]]
(*Segment).Open, 4, 4, []
(*Section).Open, 4, 4, []
cstring, 3, 3, []
SliceCap[go.shape.struct { Name string; Type uint8; Sect uint8; Desc uint16; Value uint64 }], 6, 6, []
SliceCap[go.shape.interface { Raw() []uint8 }], 6, 6, []
SliceCap[go.shape.struct { debug/macho.FatArchHeader; *debug/macho.File }], 6, 6, []
(*File).pushSection, 48, 34, [[b1] [b37] [b2] [b43] [b7] [b6] [b3] [b46] [b21] [b10] [b45] [b29] [b26] [b44] [b5] [b30] [b38] [b9] [b12] [b48] [b35] [b36] [b47] [b4] [b34] [b13 b15 b22 b24 b19 b28 b32 b17 b27 b31 b14 b23 b25 b39 b40] [b16] [b8] [b18] [b41] [b42] [b33] [b20] [b11]]
(*struct { debug/macho.FatArchHeader; *debug/macho.File }).ImportedLibraries, 26, 6, [[b1] [b2 b4 b20 b9 b8 b26 b18 b6 b7 b12 b3 b21 b15 b16 b10 b14 b22 b23 b24 b13 b11] [b5] [b25] [b17] [b19]]
(*FatArch).ImportedLibraries, 26, 6, [[b1] [b2 b4 b20 b9 b8 b26 b18 b6 b7 b12 b3 b21 b15 b16 b10 b14 b22 b23 b24 b13 b11] [b5] [b25] [b17] [b19]]
struct { debug/macho.FatArchHeader; *debug/macho.File }.ImportedLibraries, 26, 6, [[b1] [b2 b4 b20 b9 b8 b26 b18 b6 b7 b12 b3 b21 b15 b16 b10 b14 b22 b23 b24 b13 b11] [b5] [b25] [b17] [b19]]
FatArch.ImportedLibraries, 26, 6, [[b1] [b2 b4 b20 b9 b8 b26 b18 b6 b7 b12 b3 b21 b15 b16 b10 b14 b22 b23 b24 b13 b11] [b5] [b25] [b17] [b19]]
(*File).DWARF.func2, 28, 26, [[b2] [b24] [b3] [b48] [b5] [b43] [b7] [b8] [b53] [b39] [b51] [b47] [b54] [b56] [b57] [b59 b41 b60] [b62] [b61] [b63] [b64] [b66] [b23] [b67] [b65] [b55] [b6]]
(*File).DWARF, 148, 29, [[b2] [b164] [b222] [b220] [b167] [b226] [b224] [b168] [b230] [b228] [b169] [b234] [b232] [b170] [b238] [b236] [b4 b6 b53 b55 b216 b36 b52 b156 b218 b35 b50 b56 b229 b227 b42 b54 b31 b19 b219 b48 b240 b233 b39 b49 b18 b5 b37 b41 b45 b21 b34 b225 b221 b40] [b7] [b58] [b60 b62 b109 b111 b254 b92 b108 b114 b91 b106 b131 b253 b213 b211 b98 b127 b163 b212 b201 b193 b197 b87 b75 b207 b104 b125 b135 b165 b241 b245 b152 b214 b150 b210 b146 b195 b148 b199 b217 b215 b95 b105 b112 b192 b190 b188 b184 b182 b180 b178 b243 b250 b162 b202 b244 b239 b74 b61 b93 b97 b101 b110 b160 b154 b158 b237 b223 b231 b235 b247 b200 b77 b90 b209 b208 b96 b133 b176 b174 b172 b171 b198 b206 b205 b196 b186 b194] [b63] [b100] [b107] [b255] [b113] [b59] [b44] [b51] [b57]]
.eq.go.shape.struct { Name string; Type uint8; Sect uint8; Desc uint16; Value uint64 }, 13, 13, []
.eq.go.shape.struct { debug/macho.FatArchHeader; *debug/macho.File }, 12, 12, []
.eq.[2]interface {}, 10, 7, [[b1] [b2 b4 b8 b3] [b5] [b7] [b6] [b9] [b10]]
.eq.[7]string, 19, 13, [[b1] [b2 b4 b9 b6 b3] [b5] [b14] [b13] [b15 b17 b16] [b18] [b20] [b7] [b10] [b12] [b8] [b21]]
.eq.[3]interface {}, 10, 7, [[b1] [b2 b4 b8 b3] [b5] [b7] [b6] [b9] [b10]]
