(*xcoffExe).DataStart, 9, 7, [[b1] [b2 b4 b3] [b5] [b7] [b8] [b9] [b10]]
Read, 8, 8, []
readString, 13, 13, []
ReadFile, 3, 3, []
readData, 11, 11, []
readDataInto, 11, 11, []
decodeString, 37, 34, [[b1] [b31] [b5] [b27] [b4] [b2] [b8 b10 b12 b9] [b11] [b16] [b15] [b17] [b18] [b19] [b20] [b13] [b14] [b21] [b6] [b26] [b35] [b25] [b36] [b30] [b37] [b29] [b23] [b33] [b34] [b32] [b28] [b24] [b22] [b7] [b3]]
readRawBuildInfo, 103, 103, []
asType[go.shape.*uint8], 46, 13, [[b1] [b3 b4 b45 b32 b33 b34 b35 b36 b29 b23 b18 b6 b26 b13 b24 b11 b16 b17 b25 b20 b9 b14 b15 b19 b47 b21 b12 b8 b22] [b30] [b40] [b37] [b31] [b46] [b49 b51 b54 b55 b50 b53] [b52] [b56] [b48] [b27] [b10]]
hasPlan9Magic, 11, 11, []
(*peExe).imageBase, 14, 14, []
ReadFile.deferwrap1, 4, 4, []
ReadFile.func1, 25, 25, []
(*peExe).DataStart, 25, 18, [[b1] [b2 b4 b28 b26 b20 b8 b6 b3] [b5] [b11] [b14] [b13] [b17] [b18] [b25] [b29] [b24] [b31] [b16] [b21] [b15] [b12] [b23] [b32]]
(*machoExe).DataReader, 25, 10, [[b1] [b2 b4 b10 b16 b13 b8 b37 b35 b31 b6 b7 b33 b11 b9 b3 b14] [b5] [b29] [b27] [b25] [b15] [b23] [b42] [b41]]
(*elfExe).DataReader, 12, 7, [[b1] [b2 b4 b11 b10 b6 b3] [b5] [b9] [b8] [b13] [b12]]
(*elfExe).DataStart, 21, 7, [[b1] [b2 b4 b31 b29 b27 b23 b3 b25 b33 b35] [b5] [b37 b39 b21 b19 b41 b38] [b40] [b44] [b7]]
(*machoExe).DataStart, 30, 7, [[b1] [b2 b4 b35 b31 b29 b27 b3 b25 b33 b37] [b5] [b39 b41 b23 b21 b19 b17 b15 b52 b50 b48 b46 b45 b43 b44 b40] [b42] [b55] [b7]]
.eq.struct { Cache *struct { Mask uintptr; Entries [1]struct { Typ uintptr; Itab uintptr } }; Inter *struct { Type struct { Size_ uintptr; PtrBytes uintptr; Hash uint32; TFlag uint8; Align_ uint8; FieldAlign_ uint8; Kind_ uint8; Equal unsafe.Pointer; GCData *uint8; Str int32; PtrToThis int32 }; PkgPath struct { Bytes *uint8 }; Methods []struct { Name int32; Typ int32 } }; CanFail bool }, 6, 6, []
searchMagic, 39, 15, [[b1] [b2] [b4] [b6 b8 b41 b36 b31 b32 b29 b33 b21 b43 b23 b40 b15 b11 b37 b12 b24 b35 b13 b19 b7 b27 b20 b17 b14] [b9] [b16] [b28] [b39] [b46] [b42] [b38] [b26] [b22] [b5] [b3]]
AsType[go.shape.*uint8], 3, 3, []
(*xcoffExe).DataReader, 12, 7, [[b1] [b2 b4 b11 b10 b6 b3] [b14] [b9] [b8] [b13] [b12]]
(*plan9objExe).DataReader, 12, 7, [[b1] [b2 b4 b11 b10 b6 b3] [b14] [b9] [b8] [b13] [b12]]
(*peExe).DataReader, 26, 21, [[b1] [b4] [b3] [b7] [b32] [b15] [b19] [b14] [b21] [b6] [b11] [b5] [b2] [b13] [b22] [b23 b25 b18 b16 b27 b24] [b26] [b30] [b10] [b34] [b33]]
(*plan9objExe).DataStart, 12, 7, [[b1] [b2 b4 b6 b12 b3 b8] [b5] [b7] [b9] [b10] [b11]]
.eq.[2]interface {}, 10, 7, [[b1] [b2 b4 b8 b3] [b5] [b7] [b6] [b9] [b10]]
