AppendEncode, 22, 19, [[b2] [b3] [b23] [b14] [b17] [b16] [b13] [b19] [b20] [b25] [b28] [b29] [b31 b33 b35 b32] [b39] [b41] [b42] [b36] [b38] [b4]]
DecodeString, 3, 3, []
EncodeToString, 11, 8, [[b2] [b5] [b12] [b3] [b14 b16 b18 b15] [b22] [b19] [b21]]
Dump, 10, 10, []
AppendDecode, 13, 13, []
(*dumper).Close, 19, 13, [[b1] [b2] [b4] [b6 b8 b17 b10 b11 b12 b7] [b9] [b22] [b21] [b24] [b27] [b16] [b20] [b5] [b3]]
Grow[[]uint8,uint8], 11, 11, []
(*decoder).Read, 54, 54, []
NewEncoder, 4, 4, []
toChar, 3, 3, []
Dumper, 4, 4, []
(*encoder).Write, 20, 7, [[b1] [b2 b27 b26 b32 b4 b16 b14 b18 b10 b9 b20 b3 b17 b6] [b24] [b21] [b23] [b29] [b5]]
NewDecoder, 4, 4, []
(*dumper).Write, 42, 14, [[b1] [b2] [b5 b7 b54 b69 b63 b67 b58 b52 b45 b46 b48 b44 b30 b49 b36 b47 b34 b38 b32 b28 b40 b6 b26 b37 b17 b15 b19 b21 b18] [b8] [b51] [b64] [b70] [b55] [b41] [b43] [b29] [b22] [b24] [b4]]
Grow[go.shape.[]uint8,go.shape.uint8], 11, 11, []
Decode, 18, 13, [[b1] [b2 b4 b12 b10 b8 b3] [b5] [b16] [b17] [b21] [b20] [b18] [b22] [b7] [b15] [b13] [b11]]
.eq.encoding/hex.dumper, 7, 7, []
Encode, 8, 5, [[b1] [b2 b4 b6 b3] [b5] [b7] [b9]]
.eq.encoding/hex.encoder, 13, 13, []
(*InvalidByteError).Error, 3, 3, []
