init, 22, 22, []
(*HashTrieMap[go.shape.interface {},go.shape.interface {}]).LoadAndDelete, 62, 42, [[b2] [b45] [b4] [b6] [b8] [b63] [b10] [b12] [b11] [b13] [b61] [b15] [b16] [b9] [b7] [b18] [b19] [b21] [b23] [b22] [b24] [b52] [b26] [b27] [b20] [b37] [b38 b40 b46 b71 b69 b67 b68 b66 b60 b59 b58 b56 b57 b54 b39 b42 b62 b53 b44 b43 b50] [b41] [b74] [b73] [b75] [b76] [b77] [b78] [b55] [b30] [b32] [b31] [b33] [b49] [b35] [b36]]
uintEncoder, 34, 34, []
(*HashTrieMap[go.shape.interface {},go.shape.interface {}]).initSlow, 18, 18, []
intEncoder, 32, 32, []
(*HashTrieMap[go.shape.interface {},go.shape.interface {}]).CompareAndDelete, 64, 44, [[b2] [b47] [b4] [b5] [b7] [b8] [b10] [b65] [b12] [b14] [b13] [b15] [b63] [b17] [b18] [b11] [b9] [b20] [b21] [b23] [b25] [b24] [b26] [b54] [b28] [b29] [b22] [b39] [b40 b42 b48 b73 b71 b69 b70 b68 b62 b61 b60 b58 b59 b56 b41 b44 b64 b55 b46 b45 b52] [b43] [b76] [b75] [b77] [b78] [b79] [b80] [b57] [b32] [b34] [b33] [b35] [b51] [b37] [b38]]
typeEncoder, 35, 35, []
floatEncoder.encode, 59, 59, []
(*decodeState).saveError, 7, 7, []
(*decodeState).scanNext, 6, 6, []
(*HashTrieMap[go.shape.interface {},go.shape.interface {}]).init, 4, 4, []
(*HashTrieMap[go.shape.interface {},go.shape.interface {}]).initSlow.deferwrap1, 7, 7, []
newEntryNode[go.shape.interface {},go.shape.interface {}], 4, 4, []
(*HashTrieMap[go.shape.interface {},go.shape.interface {}]).find, 42, 8, [[b1] [b6 b4 b15 b59 b57 b55 b56 b53 b31 b17 b49 b48 b50 b45 b44 b43 b41 b42 b39 b25 b14 b27 b37 b24 b32 b29 b20 b26 b19 b18 b21 b12 b11 b7 b9] [b40] [b13] [b35] [b60] [b10] [b54]]
typeEncoder.typeEncoder.OnceValue[go.shape.func(*encoding/json.encodeState, reflect.Value, encoding/json.encOpts)].func3.func4, 4, 4, []
typeEncoder.OnceValue[go.shape.func(*encoding/json.encodeState, reflect.Value, encoding/json.encOpts)].func3, 3, 3, []
newIndirectNode[go.shape.interface {},go.shape.interface {}], 4, 4, []
condAddrEncoder.encode, 4, 4, []
(*Decoder).Token, 90, 79, [[b1] [b3 b4 b107 b110 b112 b22 b19 b109 b18 b14 b10 b6] [b11] [b25] [b35] [b33] [b39] [b60] [b87] [b62] [b89] [b92] [b91] [b94] [b101] [b100] [b98] [b105] [b102] [b106] [b90] [b78] [b77] [b84] [b81] [b76] [b83] [b79] [b85] [b46] [b95] [b93] [b86] [b24] [b28] [b26] [b23] [b54] [b56] [b59] [b58] [b61] [b68] [b67] [b65] [b72] [b69] [b73] [b57] [b45] [b44] [b51] [b48] [b43] [b50] [b82] [b52] [b49] [b127] [b124] [b53] [b12] [b9] [b108] [b111] [b113] [b115] [b123] [b122] [b129] [b126] [b121] [b128] [b130] [b131] [b116] [b117] [b118] [b7]]
(*Decoder).tokenValueEnd, 6, 6, []
NewEncoder, 4, 4, []
NewDecoder, 4, 4, []
typeEncoder.typeEncoder.OnceValue[go.shape.func(*encoding/json.encodeState, reflect.Value, encoding/json.encOpts)].func3.func4.1, 9, 9, []
typeEncoder.OnceValue[go.shape.func(*encoding/json.encodeState, reflect.Value, encoding/json.encOpts)].func3.1, 4, 4, []
foldRune, 4, 3, [[b1] [b3 b4] [b7]]
dominantField, 10, 10, []
stringEncoder, 49, 49, []
mayAppendQuote, 7, 7, []
freeScanner, 7, 7, []
stateEndTop, 21, 21, []
(*Encoder).SetIndent, 4, 4, []
typeEncoder.OnceValue[go.shape.func(*encoding/json.encodeState, reflect.Value, encoding/json.encOpts)].func3.1.1, 9, 9, []
RawMessage.MarshalJSON, 3, 3, []
(*Decoder).tokenPrepareForDecode, 14, 14, []
(*Decoder).tokenValueAllowed, 6, 6, []
(*condAddrEncoder).encode, 3, 3, []
(*ptrEncoder).encode, 3, 3, []
(*arrayEncoder).encode, 3, 3, []
(*sliceEncoder).encode, 3, 3, []
(*mapEncoder).encode, 3, 3, []
(*structEncoder).encode, 3, 3, []
order2CmpFunc[go.shape.struct { encoding/json.v reflect.Value; encoding/json.ks string }], 7, 7, []
(*floatEncoder).encode, 3, 3, []
(*decodeState).valueInterface, 8, 8, []
(*decodeState).valueQuoted, 17, 17, []
(*decodeState).value, 27, 27, []
(*decodeState).addErrorContext, 38, 38, []
(*node[go.shape.interface {},go.shape.interface {}]).indirect, 3, 3, []
(*node[go.shape.interface {},go.shape.interface {}]).entry, 3, 3, []
order2CmpFunc[go.shape.struct { encoding/json.name string; encoding/json.nameBytes []uint8; encoding/json.nameNonEsc string; encoding/json.nameEscHTML string; encoding/json.tag bool; encoding/json.index []int; encoding/json.typ reflect.Type; encoding/json.omitEmpty bool; encoding/json.omitZero bool; encoding/json.isZero func(reflect.Value) bool; encoding/json.quoted bool; encoding/json.encoder encoding/json.encoderFunc }], 7, 7, []
(*entry[go.shape.interface {},go.shape.interface {}]).lookupWithValue, 14, 4, [[b1] [b2 b4 b15 b13 b11 b8 b7 b3 b10 b12 b9] [b5] [b14]]
breakPatternsCmpFunc[go.shape.struct { encoding/json.name string; encoding/json.nameBytes []uint8; encoding/json.nameNonEsc string; encoding/json.nameEscHTML string; encoding/json.tag bool; encoding/json.index []int; encoding/json.typ reflect.Type; encoding/json.omitEmpty bool; encoding/json.omitZero bool; encoding/json.isZero func(reflect.Value) bool; encoding/json.quoted bool; encoding/json.encoder encoding/json.encoderFunc }], 17, 8, [[b1] [b18] [b6] [b7 b19 b3 b21 b9 b14 b12 b16 b13 b11] [b10] [b2] [b15] [b17]]
insertionSortCmpFunc[go.shape.struct { encoding/json.name string; encoding/json.nameBytes []uint8; encoding/json.nameNonEsc string; encoding/json.nameEscHTML string; encoding/json.tag bool; encoding/json.index []int; encoding/json.typ reflect.Type; encoding/json.omitEmpty bool; encoding/json.omitZero bool; encoding/json.isZero func(reflect.Value) bool; encoding/json.quoted bool; encoding/json.encoder encoding/json.encoderFunc }], 21, 7, [[b1] [b2 b4 b10 b20 b14 b6 b12 b3 b21 b11 b18 b23 b8 b16 b7] [b5] [b13] [b15] [b17] [b19]]
(*HashTrieMap[go.shape.interface {},go.shape.interface {}]).iter, 16, 5, [[b1] [b2 b4 b10 b16 b24 b8 b15 b21 b9 b20 b23 b22] [b5] [b17] [b26]]
(*Decoder).peek, 19, 7, [[b1] [b3 b4 b9 b6 b8 b14 b23 b22 b20 b16 b13 b10 b7] [b24] [b11] [b18] [b19] [b21]]
(*tagOptions).Contains, 3, 3, []
breakPatternsCmpFunc[go.shape.struct { encoding/json.v reflect.Value; encoding/json.ks string }], 17, 8, [[b1] [b18] [b6] [b7 b19 b3 b21 b9 b14 b12 b16 b13 b11] [b10] [b2] [b15] [b17]]
siftDownCmpFunc[go.shape.struct { encoding/json.v reflect.Value; encoding/json.ks string }], 22, 8, [[b1] [b3 b27 b22 b29 b4 b18 b16 b14 b26 b15 b24 b8 b6 b10 b9] [b11] [b13] [b17] [b19] [b21] [b5]]
insertionSortCmpFunc[go.shape.struct { encoding/json.v reflect.Value; encoding/json.ks string }], 21, 7, [[b1] [b2 b4 b10 b20 b14 b6 b12 b3 b21 b11 b18 b23 b8 b16 b7] [b5] [b13] [b15] [b17] [b19]]
stateE0, 3, 3, []
OnceValue[go.shape.func(*encoding/json.encodeState, reflect.Value, encoding/json.encOpts)], 7, 7, []
stateE, 9, 9, []
state1, 6, 6, []
isSpace, 10, 10, []
newCondAddrEncoder, 4, 4, []
interfaceEncoder, 25, 25, []
(*UnmarshalTypeError).Error, 6, 6, []
(*entry[go.shape.interface {},go.shape.interface {}]).lookup, 9, 4, [[b1] [b2 b4 b9 b6 b3 b8] [b5] [b7]]
OnceValue[go.shape.func(*encoding/json.encodeState, reflect.Value, encoding/json.encOpts)].func1, 6, 6, []
siftDownCmpFunc[go.shape.struct { encoding/json.name string; encoding/json.nameBytes []uint8; encoding/json.nameNonEsc string; encoding/json.nameEscHTML string; encoding/json.tag bool; encoding/json.index []int; encoding/json.typ reflect.Type; encoding/json.omitEmpty bool; encoding/json.omitZero bool; encoding/json.isZero func(reflect.Value) bool; encoding/json.quoted bool; encoding/json.encoder encoding/json.encoderFunc }], 22, 8, [[b1] [b3 b27 b22 b29 b4 b18 b16 b14 b26 b15 b24 b8 b6 b10 b9] [b11] [b13] [b17] [b19] [b21] [b5]]
appendFoldedName, 27, 4, [[b1] [b2 b4 b15 b38 b16 b14 b37 b34 b10 b13 b36 b33 b6 b35 b28 b3 b26 b29 b25 b23 b21 b19 b24 b20] [b5] [b7]]
(*decodeState).arrayInterface, 18, 6, [[b1] [b3 b4 b12 b10 b17 b11 b2 b18 b14 b9 b16 b8 b6] [b15] [b13] [b7] [b5]]
(*scanner).reset, 4, 4, []
nonSpace, 14, 6, [[b1] [b2 b4 b8 b15 b13 b14 b10 b7 b3] [b5] [b11] [b12] [b16]]
typeByIndex, 7, 3, [[b1] [b2 b4 b6 b7 b3] [b5]]
(*decodeState).objectInterface, 28, 11, [[b1] [b3 b4 b25 b23 b8 b24 b14 b2 b27 b21 b19 b10 b20 b17 b16 b12 b11 b6] [b13] [b15] [b18] [b28] [b26] [b22] [b9] [b7] [b5]]
OnceValue[go.shape.func(*encoding/json.encodeState, reflect.Value, encoding/json.encOpts)].func1.1, 4, 4, []
stateBeginStringOrEmpty, 15, 15, []
stateBeginValueOrEmpty, 13, 13, []
state0, 11, 11, []
stateDot0, 8, 8, []
stateInString, 22, 22, []
(*InvalidUnmarshalError).Error, 5, 5, []
newStructEncoder, 4, 4, []
OnceValue[go.shape.func(*encoding/json.encodeState, reflect.Value, encoding/json.encOpts)].func1.1.1, 9, 9, []
(*struct { reflect.typ_ *internal/abi.Type; reflect.ptr unsafe.Pointer; reflect.flag }).reflect.mustBeExported, 7, 7, []
newPtrEncoder, 4, 4, []
reverseRangeCmpFunc[go.shape.struct { encoding/json.name string; encoding/json.nameBytes []uint8; encoding/json.nameNonEsc string; encoding/json.nameEscHTML string; encoding/json.tag bool; encoding/json.index []int; encoding/json.typ reflect.Type; encoding/json.omitEmpty bool; encoding/json.omitZero bool; encoding/json.isZero func(reflect.Value) bool; encoding/json.quoted bool; encoding/json.encoder encoding/json.encoderFunc }], 11, 5, [[b1] [b2 b11 b10 b13 b4 b6 b3] [b5] [b7] [b9]]
isValidTag, 26, 6, [[b1] [b2] [b4 b6 b26 b15 b25 b14 b12 b19 b18 b9 b10 b23 b21 b17 b16 b5 b27 b24 b20 b13 b22] [b7] [b28] [b3]]
newArrayEncoder, 4, 4, []
newEncodeState, 13, 13, []
newSliceEncoder, 14, 14, []
(*decodeState).init, 10, 10, []
sliceEncoder.encode, 48, 48, []
reverseRangeCmpFunc[go.shape.struct { encoding/json.v reflect.Value; encoding/json.ks string }], 11, 5, [[b1] [b2 b11 b10 b13 b4 b6 b3] [b5] [b7] [b9]]
(*indirect[go.shape.interface {},go.shape.interface {}]).empty, 4, 3, [[b1] [b2 b8] [b5]]
(*scanner).popParseState, 12, 12, []
(*struct { reflect.typ_ *internal/abi.Type; reflect.ptr unsafe.Pointer; reflect.flag }).reflect.mustBeAssignable, 7, 7, []
(*scanner).error, 10, 10, []
pdqsortCmpFunc[go.shape.struct { encoding/json.name string; encoding/json.nameBytes []uint8; encoding/json.nameNonEsc string; encoding/json.nameEscHTML string; encoding/json.tag bool; encoding/json.index []int; encoding/json.typ reflect.Type; encoding/json.omitEmpty bool; encoding/json.omitZero bool; encoding/json.isZero func(reflect.Value) bool; encoding/json.quoted bool; encoding/json.encoder encoding/json.encoderFunc }], 65, 15, [[b1] [b3 b4 b65 b66 b58 b67 b68 b53 b62 b64 b54 b60 b24 b56 b59 b40 b28 b15 b55 b52 b50 b35 b26 b49 b33 b37 b43 b34 b36 b27 b31 b47 b29 b6 b39 b41 b38] [b61] [b63] [b57] [b42] [b44] [b32] [b7] [b8 b10 b16 b45 b20 b12 b18 b9 b46 b17 b51 b48 b14 b22 b13] [b30] [b19] [b21] [b23] [b25]]
(*RawMessage).UnmarshalJSON, 9, 9, []
struct { reflect.typ_ *internal/abi.Type; reflect.ptr unsafe.Pointer; reflect.flag }.reflect.mustBeExported, 7, 7, []
struct { reflect.typ_ *internal/abi.Type; reflect.ptr unsafe.Pointer; reflect.flag }.reflect.mustBeAssignable, 7, 7, []
tagOptions.Contains, 11, 6, [[b1] [b2] [b4 b6 b9 b5 b8 b11] [b7] [b10] [b3]]
pdqsortCmpFunc[go.shape.struct { encoding/json.v reflect.Value; encoding/json.ks string }], 65, 15, [[b1] [b3 b4 b65 b66 b58 b67 b68 b53 b62 b64 b54 b60 b24 b56 b59 b40 b28 b15 b55 b52 b50 b35 b26 b49 b33 b37 b43 b34 b36 b27 b31 b47 b29 b6 b39 b41 b38] [b61] [b63] [b57] [b42] [b44] [b32] [b7] [b8 b10 b16 b45 b20 b12 b18 b9 b46 b17 b51 b48 b14 b22 b13] [b30] [b19] [b21] [b23] [b25]]
(*struct { reflect.typ_ *internal/abi.Type; reflect.ptr unsafe.Pointer; reflect.flag }).reflect.mustBe, 6, 6, []
struct { reflect.typ_ *internal/abi.Type; reflect.ptr unsafe.Pointer; reflect.flag }.reflect.mustBe, 6, 6, []
(*scanner).eof, 13, 13, []
partialInsertionSortCmpFunc[go.shape.struct { encoding/json.v reflect.Value; encoding/json.ks string }], 51, 10, [[b1] [b2 b4 b64 b53 b28 b54 b59 b60 b33 b50 b56 b65 b58 b39 b49 b47 b51 b44 b67 b30 b36 b40 b57 b26 b29 b61 b52 b20 b42 b63 b18 b32 b16 b9 b10 b62 b14 b6 b12 b3 b8 b11] [b5] [b13] [b15] [b21] [b23] [b55] [b19] [b17]]
partitionEqualCmpFunc[go.shape.struct { encoding/json.v reflect.Value; encoding/json.ks string }], 34, 14, [[b1] [b3] [b2] [b5] [b8] [b29] [b43] [b41] [b11 b21 b19 b31 b12 b36 b34 b27 b28 b38 b32 b24 b30 b17 b26 b18 b40 b22 b14 b20 b16] [b23] [b33] [b37] [b39] [b13]]
ptrEncoder.encode, 45, 45, []
Compare[go.shape.[]int,go.shape.int], 15, 7, [[b1] [b2 b4 b16 b22 b21 b20 b19 b17 b3] [b5] [b25] [b26] [b24] [b7]]
(*HashTrieMap[interface {},interface {}]).init, 4, 4, []
newTypeEncoder, 64, 64, []
isValidNumber, 68, 59, [[b1] [b6] [b109] [b8] [b10] [b4] [b16] [b15] [b18] [b101] [b20] [b105] [b27] [b30] [b32 b34 b40 b36] [b86] [b91] [b95] [b35] [b28] [b12] [b71] [b46] [b77] [b50] [b81] [b54] [b85] [b60] [b62 b64 b70 b66] [b59] [b63] [b67] [b65] [b58] [b5] [b78] [b76] [b13] [b55] [b51] [b47] [b88] [b90] [b41] [b37] [b33] [b96] [b98] [b94] [b100 b102 b108 b104] [b17] [b21] [b26] [b103] [b84] [b99] [b11] [b3]]
partitionEqualCmpFunc[go.shape.struct { encoding/json.name string; encoding/json.nameBytes []uint8; encoding/json.nameNonEsc string; encoding/json.nameEscHTML string; encoding/json.tag bool; encoding/json.index []int; encoding/json.typ reflect.Type; encoding/json.omitEmpty bool; encoding/json.omitZero bool; encoding/json.isZero func(reflect.Value) bool; encoding/json.quoted bool; encoding/json.encoder encoding/json.encoderFunc }], 34, 14, [[b1] [b3] [b2] [b5] [b8] [b29] [b43] [b41] [b11 b21 b19 b31 b12 b36 b34 b27 b28 b38 b32 b24 b30 b17 b26 b18 b40 b22 b14 b20 b16] [b23] [b33] [b37] [b39] [b13]]
structEncoder.encode, 47, 7, [[b2] [b3 b5 b46 b60 b61 b41 b49 b62 b63 b33 b43 b17 b51 b59 b39 b47 b44 b55 b26 b21 b48 b50 b36 b57 b14 b12 b53 b35 b58 b9 b38 b54 b56 b7 b11 b52 b4 b42 b45 b31 b40] [b6] [b66] [b65] [b64] [b8]]
partialInsertionSortCmpFunc[go.shape.struct { encoding/json.name string; encoding/json.nameBytes []uint8; encoding/json.nameNonEsc string; encoding/json.nameEscHTML string; encoding/json.tag bool; encoding/json.index []int; encoding/json.typ reflect.Type; encoding/json.omitEmpty bool; encoding/json.omitZero bool; encoding/json.isZero func(reflect.Value) bool; encoding/json.quoted bool; encoding/json.encoder encoding/json.encoderFunc }], 51, 10, [[b1] [b2 b4 b64 b53 b28 b54 b59 b60 b33 b50 b56 b65 b58 b39 b49 b47 b51 b44 b67 b30 b36 b40 b57 b26 b29 b61 b52 b20 b42 b63 b18 b32 b16 b9 b10 b62 b14 b6 b12 b3 b8 b11] [b5] [b13] [b15] [b21] [b23] [b55] [b19] [b17]]
appendNewline, 21, 17, [[b1] [b4] [b2] [b15] [b5] [b20] [b7] [b6] [b3] [b10] [b9] [b8] [b11 b13 b16 b17 b12] [b14] [b21] [b18] [b19]]
.eq.struct { encoding/json.ptr interface {}; encoding/json.len int }, 7, 7, []
(*HashTrieMap[go.shape.interface {},go.shape.interface {}]).All, 7, 7, []
indirect, 82, 22, [[b3] [b153] [b5] [b138] [b6] [b139] [b8] [b10] [b11] [b4] [b126] [b12] [b135] [b16] [b15] [b22 b19 b94 b165 b87 b166 b167 b114 b89 b110 b157 b57 b75 b92 b56 b32 b161 b124 b85 b88 b23 b137 b131 b28 b163 b81 b84 b82 b152 b151 b159 b162 b68 b150 b148 b158 b146 b33 b145 b133 b134 b144 b142 b119 b36 b136 b140 b106 b132 b37 b107 b105 b63 b59 b99 b97 b96 b73 b93 b25 b155] [b164] [b160] [b109] [b103] [b98] [b20]]
(*decodeState).skip, 6, 4, [[b1] [b3 b4 b6] [b7] [b9]]
Valid.deferwrap1, 7, 7, []
(*decodeState).rescanLiteral, 52, 34, [[b2] [b5] [b4] [b8] [b22] [b26] [b20] [b30] [b27] [b23] [b7] [b11] [b15] [b9] [b6] [b18] [b14] [b16] [b45 b47 b56 b60 b63 b67 b70 b53 b57 b65 b64 b68 b50] [b48] [b62] [b55] [b71] [b12] [b31 b33 b38 b44 b40 b36 b32] [b34] [b37] [b41] [b3] [b74] [b73] [b76] [b75] [b72]]
.eq.struct { Cache *struct { Mask uintptr; Entries [1]struct { Typ uintptr; Itab uintptr } }; Inter *struct { Type struct { Size_ uintptr; PtrBytes uintptr; Hash uint32; TFlag uint8; Align_ uint8; FieldAlign_ uint8; Kind_ uint8; Equal unsafe.Pointer; GCData *uint8; Str int32; PtrToThis int32 }; PkgPath struct { Bytes *uint8 }; Methods []struct { Name int32; Typ int32 } }; CanFail bool }, 6, 6, []
.eq.[16]sync/atomic.Pointer[internal/sync.node[interface {},interface {}]], 6, 4, [[b1] [b2 b4 b3] [b9] [b8]]
getu4, 18, 11, [[b1] [b2] [b6] [b14] [b16 b18 b25 b30 b35 b21 b26 b31] [b19] [b36] [b10] [b7] [b3] [b11]]
appendHTMLEscape, 44, 12, [[b1] [b2 b4 b41 b49 b36 b11 b45 b31 b13 b48 b27 b25 b10 b32 b46 b28 b44 b24 b42 b43 b8 b16 b23 b39 b6 b21 b37 b17 b18 b14 b12 b38 b19] [b50] [b53] [b52] [b56] [b55] [b54] [b15] [b30] [b34] [b40]]
(*decodeState).scanWhile, 8, 5, [[b1] [b2 b4 b6 b3] [b5] [b7] [b9]]
.eq.internal/sync.entry[interface {},interface {}], 15, 15, []
(*encodeState).Grow, 5, 5, []
.eq.encoding/json.UnsupportedValueError, 12, 12, []
(*Delim).String, 3, 3, []
(*Number).String, 3, 3, []
newMapEncoder, 12, 12, []
.eq.encoding/json.SyntaxError, 7, 7, []
.eq.encoding/json.reflectWithString, 12, 12, []
.eq.encoding/json.MarshalerError, 15, 15, []
(*struct { internal/sync.node = internal/sync.node[go.shape.interface {},go.shape.interface {}]; internal/sync.dead sync/atomic.Bool; internal/sync.mu internal/sync.Mutex; internal/sync.parent *internal/sync.indirect[go.shape.interface {},go.shape.interface {}]; internal/sync.children [16]sync/atomic.Pointer[go.shape.struct { internal/sync.isEntry bool }] }).internal/sync.indirect, 3, 3, []
.eq.internal/sync.indirect[interface {},interface {}], 13, 13, []
(*struct { internal/sync.node = internal/sync.node[go.shape.interface {},go.shape.interface {}]; internal/sync.dead sync/atomic.Bool; internal/sync.mu internal/sync.Mutex; internal/sync.parent *internal/sync.indirect[go.shape.interface {},go.shape.interface {}]; internal/sync.children [16]sync/atomic.Pointer[go.shape.struct { internal/sync.isEntry bool }] }).internal/sync.entry, 3, 3, []
(*indirect[go.shape.interface {},go.shape.interface {}]).indirect, 3, 3, []
(*encodeState).Bytes, 3, 3, []
(*encodeState).Truncate, 11, 11, []
(*indirect[go.shape.interface {},go.shape.interface {}]).entry, 3, 3, []
(*entry[go.shape.interface {},go.shape.interface {}]).indirect, 3, 3, []
(*struct { internal/sync.node = internal/sync.node[go.shape.interface {},go.shape.interface {}]; internal/sync.overflow sync/atomic.Pointer[internal/sync.entry[go.shape.interface {},go.shape.interface {}]]; internal/sync.key go.shape.interface {}; internal/sync.value go.shape.interface {} }).internal/sync.indirect, 3, 3, []
(*node[interface {},interface {}]).indirect, 3, 3, []
(*struct { internal/sync.node = internal/sync.node[go.shape.interface {},go.shape.interface {}]; internal/sync.overflow sync/atomic.Pointer[internal/sync.entry[go.shape.interface {},go.shape.interface {}]]; internal/sync.key go.shape.interface {}; internal/sync.value go.shape.interface {} }).internal/sync.entry, 3, 3, []
(*node[interface {},interface {}]).entry, 3, 3, []
(*entry[go.shape.interface {},go.shape.interface {}]).entry, 3, 3, []
(*decodeState).convertNumber, 8, 8, []
(*Decoder).Buffered, 6, 6, []
appendString[go.shape.string], 118, 27, [[b1] [b122] [b2] [b117] [b5] [b103] [b7] [b6] [b3] [b8 b10 b25 b33 b111 b128 b116 b95 b91 b66 b68 b70 b72 b74 b76 b82 b112 b113 b27 b127 b114 b18 b16 b21 b65 b15 b67 b126 b69 b119 b71 b105 b73 b102 b75 b98 b81 b108 b125 b77 b64 b19 b12 b61 b40 b54 b47 b57 b44 b79 b109 b110 b123 b124 b100 b99 b9 b59 b63 b35 b49 b43 b53 b39 b37 b48 b106 b120 b97 b94 b50 b60 b30 b36 b51 b58 b104 b118 b90 b93 b89 b31 b32 b88 b28 b85 b26 b83 b84 b86 b24 b14] [b11] [b130] [b129] [b133] [b132] [b131] [b23] [b134] [b135] [b17] [b136] [b137] [b13] [b87] [b121] [b107] [b29]]
OnceValue[encoding/json.encoderFunc], 7, 7, []
appendString[go.shape.[]uint8], 115, 27, [[b1] [b122] [b2] [b117] [b5] [b103] [b7] [b6] [b3] [b8 b10 b25 b33 b111 b128 b116 b95 b91 b66 b68 b70 b72 b74 b76 b82 b112 b113 b83 b127 b114 b18 b16 b21 b65 b15 b67 b126 b69 b119 b71 b105 b73 b102 b75 b98 b81 b108 b125 b85 b84 b19 b12 b61 b40 b54 b47 b57 b44 b79 b109 b110 b123 b124 b100 b99 b9 b59 b63 b35 b49 b43 b53 b39 b37 b48 b106 b120 b97 b94 b50 b60 b30 b36 b51 b58 b104 b118 b90 b93 b89 b31 b32 b88 b28 b14 b26 b86 b24] [b129] [b132] [b131] [b135] [b134] [b133] [b77] [b136] [b137] [b64] [b138] [b139] [b13] [b87] [b121] [b107] [b29]]
(*encodeState).UnreadRune, 7, 7, []
heapSortCmpFunc[go.shape.struct { encoding/json.v reflect.Value; encoding/json.ks string }], 14, 7, [[b1] [b2 b4] [b5] [b6 b15 b14 b17 b8 b10 b7] [b9] [b11] [b13]]
choosePivotCmpFunc[go.shape.struct { encoding/json.v reflect.Value; encoding/json.ks string }], 11, 11, []
(*encodeState).UnreadByte, 7, 7, []
choosePivotCmpFunc[go.shape.struct { encoding/json.name string; encoding/json.nameBytes []uint8; encoding/json.nameNonEsc string; encoding/json.nameEscHTML string; encoding/json.tag bool; encoding/json.index []int; encoding/json.typ reflect.Type; encoding/json.omitEmpty bool; encoding/json.omitZero bool; encoding/json.isZero func(reflect.Value) bool; encoding/json.quoted bool; encoding/json.encoder encoding/json.encoderFunc }], 11, 11, []
(*encodeState).String, 3, 3, []
OnceValue[encoding/json.encoderFunc].OnceValue[go.shape.func(*encoding/json.encodeState, reflect.Value, encoding/json.encOpts)].func1, 3, 3, []
heapSortCmpFunc[go.shape.struct { encoding/json.name string; encoding/json.nameBytes []uint8; encoding/json.nameNonEsc string; encoding/json.nameEscHTML string; encoding/json.tag bool; encoding/json.index []int; encoding/json.typ reflect.Type; encoding/json.omitEmpty bool; encoding/json.omitZero bool; encoding/json.isZero func(reflect.Value) bool; encoding/json.quoted bool; encoding/json.encoder encoding/json.encoderFunc }], 14, 7, [[b1] [b2 b4] [b5] [b6 b15 b14 b17 b8 b10 b7] [b9] [b11] [b13]]
checkValid, 11, 9, [[b6] [b5] [b2] [b1] [b7 b9 b8] [b10] [b13] [b14] [b12]]
partitionCmpFunc[go.shape.struct { encoding/json.name string; encoding/json.nameBytes []uint8; encoding/json.nameNonEsc string; encoding/json.nameEscHTML string; encoding/json.tag bool; encoding/json.index []int; encoding/json.typ reflect.Type; encoding/json.omitEmpty bool; encoding/json.omitZero bool; encoding/json.isZero func(reflect.Value) bool; encoding/json.quoted bool; encoding/json.encoder encoding/json.encoderFunc }], 69, 39, [[b1] [b3] [b2] [b5] [b8] [b76] [b89] [b87] [b10 b12 b14 b86 b18 b15] [b17] [b13] [b20 b22 b24 b84 b28 b25] [b27] [b23] [b30] [b41] [b40] [b43] [b46] [b58] [b79] [b71] [b49 b47 b44 b61 b50 b74 b72 b65 b66 b78 b70 b62 b67 b55 b64 b56 b82 b60 b52 b57 b54] [b59] [b69] [b75] [b77] [b51] [b83] [b88] [b42] [b45] [b39] [b31] [b33] [b38] [b68] [b85] [b81]]
(*Decoder).tokenError, 26, 26, []
(*Decoder).More, 7, 7, []
newScanner, 6, 6, []
valueEncoder, 6, 6, []
OnceValue[encoding/json.encoderFunc].OnceValue[go.shape.func(*encoding/json.encodeState, reflect.Value, encoding/json.encOpts)].func1.1, 4, 4, []
partitionCmpFunc[go.shape.struct { encoding/json.v reflect.Value; encoding/json.ks string }], 69, 39, [[b1] [b3] [b2] [b5] [b8] [b76] [b89] [b87] [b10 b12 b14 b86 b18 b15] [b17] [b13] [b20 b22 b24 b84 b28 b25] [b27] [b23] [b30] [b41] [b40] [b43] [b46] [b58] [b79] [b71] [b49 b47 b44 b61 b50 b74 b72 b65 b66 b78 b70 b62 b67 b55 b64 b56 b82 b60 b52 b57 b54] [b59] [b69] [b75] [b77] [b51] [b83] [b88] [b42] [b45] [b39] [b31] [b33] [b38] [b68] [b85] [b81]]
(*indirect[interface {},interface {}]).empty, 4, 3, [[b1] [b2 b8] [b11]]
.eq.encoding/json.UnmarshalTypeError, 20, 20, []
(*Decoder).readValue, 55, 30, [[b7] [b47] [b58] [b50] [b8 b10 b15 b12 b9 b14 b19 b35 b22 b28 b25 b24 b30 b23 b27 b20 b21 b16] [b13] [b38] [b3] [b41] [b57] [b40] [b42] [b44 b46 b55 b54 b53 b56 b52 b49 b45] [b59] [b48] [b51] [b61] [b60] [b39] [b33] [b1] [b5] [b43] [b34] [b37] [b17] [b2] [b31] [b36] [b11]]
stateNul, 15, 15, []
stateNu, 15, 15, []
stateN, 15, 15, []
OnceValue[encoding/json.encoderFunc].OnceValue[go.shape.func(*encoding/json.encodeState, reflect.Value, encoding/json.encOpts)].func1.1.1, 9, 9, []
stateFals, 15, 15, []
stateFal, 15, 15, []
stateFa, 15, 15, []
stateF, 15, 15, []
stateTru, 15, 15, []
stateInStringEscU123, 20, 20, []
stateT, 15, 15, []
stateInStringEsc, 44, 44, []
stateESign, 15, 15, []
stateInStringEscU, 20, 20, []
stateInStringEscU1, 20, 20, []
stateDot, 15, 15, []
stateInStringEscU12, 20, 20, []
stateTr, 15, 15, []
typeFields.func3, 9, 7, [[b2] [b3] [b4] [b6 b1 b7] [b9] [b8] [b5]]
(*HashTrieMap[go.shape.interface {},go.shape.interface {}]).Range, 4, 4, []
(*entry[go.shape.interface {},go.shape.interface {}]).compareAndSwap, 27, 20, [[b1] [b24] [b3] [b25] [b6] [b4] [b14] [b15 b17 b22 b19 b12 b21 b20 b16] [b18] [b29] [b8] [b27] [b26] [b10] [b9] [b30] [b28] [b23] [b13] [b11]]
appendIndent, 98, 9, [[b2] [b3 b5 b8 b33 b34 b4 b103 b32 b60 b75 b77 b95 b97 b31 b102 b59 b68 b89 b76 b71 b94 b56 b96 b15 b48 b65 b70 b45 b78 b58 b107 b29 b105 b104 b47 b54 b66 b67 b73 b74 b40 b79 b93 b38 b49 b13 b22 b11 b9 b44 b51 b64 b69 b36 b52 b86 b55 b19 b24 b7 b37 b90 b63 b30 b50 b57 b83 b88 b20 b21 b27 b28 b62 b84 b85 b91 b92 b18 b23 b98 b61 b82 b87 b100 b17 b41 b72 b81 b16 b80] [b108] [b10] [b6] [b109] [b99] [b101] [b106]]
(*entry[go.shape.interface {},go.shape.interface {}]).compareAndDelete, 18, 11, [[b1] [b21] [b3] [b22] [b4] [b24] [b10] [b11 b13 b20 b19 b18 b17 b16 b12] [b14] [b23] [b9]]
appendCompact, 75, 22, [[b2] [b3 b5 b64 b63 b42 b18 b69 b78 b58 b74 b66 b54 b53 b61 b70 b71 b38 b24 b57 b34 b32 b30 b13 b60 b67 b39 b55 b35 b44 b29 b16 b65 b47 b50 b7 b79 b28 b4 b43 b51 b52 b9 b26 b48 b82 b21 b46 b14 b22 b23 b91 b90 b19 b17] [b45] [b20] [b37] [b41] [b49] [b68] [b62] [b6] [b72] [b15] [b83] [b86] [b85] [b89] [b88] [b87] [b92] [b73] [b75] [b80]]
(*RawMessage).MarshalJSON, 6, 6, []
isEmptyValue, 24, 24, []
stateBeginString, 25, 25, []
stateNeg, 20, 20, []
(*scanner).pushParseState, 18, 18, []
appendIndent.deferwrap1, 7, 7, []
unquoteBytes, 153, 56, [[b1] [b2] [b6] [b14] [b16 b18 b96 b82 b39 b38 b37 b35 b33 b3 b36 b32 b24 b22 b20 b17] [b28] [b21] [b42] [b12] [b10] [b7] [b27] [b19] [b43] [b46] [b47] [b210] [b52] [b51] [b53 b55 b84 b188 b209 b132 b134 b136 b138 b140 b142 b178 b187 b80 b207 b205 b130 b107 b114 b117 b121 b125 b176 b174 b185 b183 b76 b206 b203 b94 b98 b100 b103 b104 b109 b113 b110 b120 b175 b172 b184 b181 b73 b201 b91 b95 b92 b101 b89 b170 b179 b70 b199 b197 b88 b85 b167 b154 b168 b67 b195 b153 b198 b72 b166 b165 b152 b57 b194 b163 b169 b161 b146 b200 b65 b159 b124 b54 b193 b66 b155 b61 b58] [b56] [b211] [b212] [b60] [b68] [b204] [b208] [b189] [b77] [b74] [b75] [b118] [b158] [b182] [b186] [b173] [b177] [b149] [b143] [b141] [b111] [b108] [b139] [b137] [b99] [b135] [b93] [b90] [b129] [b133] [b83] [b44] [b190] [b157] [b144] [b11]]
appendCompact.deferwrap1, 7, 7, []
(*indirect[interface {},interface {}]).entry, 3, 3, []
(*indirect[interface {},interface {}]).indirect, 3, 3, []
(*struct { internal/sync.node = internal/sync.node[interface {},interface {}]; internal/sync.dead sync/atomic.Bool; internal/sync.mu internal/sync.Mutex; internal/sync.parent *internal/sync.indirect[interface {},interface {}]; internal/sync.children [16]sync/atomic.Pointer[internal/sync.node[interface {},interface {}]] }).internal/sync.entry, 3, 3, []
(*entry[interface {},interface {}]).indirect, 3, 3, []
stateBeginValue, 74, 74, []
arrayEncoder.encode, 10, 6, [[b2] [b3] [b4] [b5] [b6 b8 b10 b11 b7] [b9]]
(*struct { internal/sync.node = internal/sync.node[interface {},interface {}]; internal/sync.overflow sync/atomic.Pointer[internal/sync.entry[interface {},interface {}]]; internal/sync.key interface {}; internal/sync.value interface {} }).internal/sync.indirect, 3, 3, []
(*entry[interface {},interface {}]).entry, 3, 3, []
(*struct { internal/sync.node = internal/sync.node[interface {},interface {}]; internal/sync.dead sync/atomic.Bool; internal/sync.mu internal/sync.Mutex; internal/sync.parent *internal/sync.indirect[interface {},interface {}]; internal/sync.children [16]sync/atomic.Pointer[internal/sync.node[interface {},interface {}]] }).internal/sync.indirect, 3, 3, []
(*struct { internal/sync.node = internal/sync.node[interface {},interface {}]; internal/sync.overflow sync/atomic.Pointer[internal/sync.entry[interface {},interface {}]]; internal/sync.key interface {}; internal/sync.value interface {} }).internal/sync.entry, 3, 3, []
(*HashTrieMap[go.shape.interface {},go.shape.interface {}]).expand, 14, 9, [[b1] [b5] [b18] [b20] [b16] [b7 b22 b15 b13 b8 b10] [b9] [b11] [b4]]
typeFields.func4, 18, 16, [[b2] [b4] [b6] [b5] [b8] [b7] [b9] [b10] [b3] [b11] [b12] [b13] [b15 b1 b16] [b18] [b17] [b14]]
(*entry[go.shape.interface {},go.shape.interface {}]).loadAndDelete, 14, 9, [[b1] [b16] [b4] [b14] [b6] [b7 b9 b12 b11 b8 b13] [b10] [b15] [b5]]
(*Decoder).refill, 22, 22, []
(*Number).Int64, 3, 3, []
unsupportedTypeEncoder, 10, 10, []
(*Number).Float64, 3, 3, []
(*entry[go.shape.interface {},go.shape.interface {}]).swap, 23, 18, [[b1] [b15] [b4] [b8] [b10] [b11 b13 b5 b3 b12 b17] [b14] [b21] [b23] [b19] [b18] [b6] [b2] [b22] [b20] [b16] [b9] [b7]]
(*entry[interface {},interface {}]).lookup, 10, 5, [[b1] [b2 b4 b10 b6 b3 b8] [b5] [b7] [b9]]
(*encodeState).bytes.tryGrowByReslice, 6, 6, []
(*encodeState).ReadByte, 6, 6, []
(*encodeState).Peek, 10, 10, []
Unmarshal, 12, 12, []
(*entry[interface {},interface {}]).lookupWithValue, 15, 5, [[b1] [b2 b4 b8 b16 b10 b13 b7 b11 b12 b3 b9] [b5] [b14] [b15]]
HTMLEscape, 3, 3, []
stateEndValue, 98, 98, []
addrMarshalerEncoder, 41, 41, []
(*InvalidUTF8Error).Error, 4, 4, []
marshalerEncoder, 29, 29, []
(*HashTrieMap[go.shape.interface {},go.shape.interface {}]).Clear, 4, 4, []
Marshal, 8, 8, []
(*decodeState).literalStore, 474, 474, []
(*encodeState).Read, 14, 14, []
MarshalIndent, 5, 5, []
(*UnmarshalFieldError).Error, 4, 4, []
(*decodeState).literalInterface, 35, 35, []
(*encodeState).ReadBytes, 4, 4, []
Compare[go.shape.int], 5, 5, []
resolveKeyName, 39, 39, []
(*encodeState).Next, 8, 8, []
encodeByteSlice, 34, 34, []
typeFields.func2, 34, 32, [[b2] [b18] [b17] [b21] [b15] [b23] [b20] [b16] [b10] [b9] [b7] [b29] [b13] [b14] [b8] [b11] [b24] [b6] [b28] [b27] [b26] [b5] [b31] [b25] [b32] [b33] [b34] [b36 b22 b37] [b39] [b38] [b35] [b30]]
quoteChar, 12, 12, []
typeFields.func1, 61, 59, [[b2] [b18] [b17] [b21] [b15] [b23] [b20] [b16] [b10] [b9] [b7] [b29] [b13] [b14] [b8] [b11] [b24] [b40] [b28] [b27] [b26] [b6] [b39] [b25] [b33] [b5] [b36] [b52] [b51] [b55] [b49] [b57] [b54] [b50] [b44] [b43] [b41] [b63] [b47] [b48] [b42] [b45] [b58] [b65] [b62] [b61] [b59] [b60] [b34] [b30] [b66] [b67] [b68] [b70 b53 b71] [b73] [b72] [b69] [b56] [b64]]
addrTextMarshalerEncoder, 36, 36, []
Indent, 5, 5, []
textMarshalerEncoder, 24, 24, []
Compact, 3, 3, []
(*HashTrieMap[go.shape.interface {},go.shape.interface {}]).Load, 22, 13, [[b2] [b18] [b4] [b7] [b8 b10 b15 b14 b9] [b11] [b13] [b16] [b21] [b22 b24 b17 b32 b23 b28] [b25] [b27] [b29]]
(*Encoder).Encode, 24, 24, []
Compare[int], 6, 6, []
(*encodeState).marshal, 7, 7, []
TypeAssert[go.shape.interface { UnmarshalText([]uint8) error }], 30, 30, []
TypeAssert[go.shape.interface { UnmarshalJSON([]uint8) error }], 30, 30, []
TypeAssert[go.shape.interface { MarshalText() ([]uint8, error) }], 30, 30, []
TypeAssert[go.shape.interface { MarshalJSON() ([]uint8, error) }], 30, 30, []
(*decodeState).array, 100, 76, [[b1] [b2] [b21] [b25] [b29] [b23] [b32] [b30] [b34] [b33] [b71] [b46] [b73] [b48] [b50] [b51] [b114] [b44] [b40] [b53] [b106] [b37] [b122] [b67] [b54] [b38] [b24] [b22] [b56 b57 b90 b88 b36 b89 b81 b84 b86 b82 b83 b80 b79 b78 b77 b41 b75 b62 b43 b76 b74 b65 b70 b68] [b87] [b93] [b91] [b85] [b60] [b94] [b95] [b96] [b97] [b35] [b101] [b104] [b103] [b112 b107] [b108] [b102] [b98] [b100] [b113] [b105] [b120] [b119] [b121] [b123] [b124] [b117] [b10] [b110] [b11] [b118] [b13] [b15] [b16] [b116] [b111] [b72] [b18] [b115] [b66] [b45] [b109] [b19] [b4] [b6] [b5] [b8] [b7]]
(*Decoder).Decode, 30, 30, []
(*HashTrieMap[go.shape.interface {},go.shape.interface {}]).LoadOrStore, 65, 25, [[b2] [b20] [b4] [b6] [b11 b9 b19 b59 b57 b55 b56 b53 b50 b31 b52 b48 b29 b22 b47 b45 b44 b43 b41 b42 b39 b15 b78 b18 b33 b12 b16 b24 b14 b23 b26 b17 b77 b37 b25 b30] [b40] [b10] [b81] [b62] [b64] [b65] [b66 b68 b83 b82 b67 b72] [b69] [b71] [b73] [b75] [b80] [b76] [b87] [b86] [b84] [b85] [b88] [b79] [b35]]
(*encodeState).marshal.func1, 9, 9, []
(*HashTrieMap[go.shape.interface {},go.shape.interface {}]).Swap, 46, 20, [[b2] [b19] [b4] [b6] [b11 b9 b55 b44 b42 b40 b41 b38 b35 b15 b37 b33 b60 b59 b32 b30 b29 b28 b26 b27 b24 b54 b22 b17 b16 b12 b14] [b25] [b10] [b58] [b47] [b49] [b50] [b51] [b57] [b53] [b64] [b63] [b61] [b62] [b65] [b56]]
mapEncoder.encode, 79, 66, [[b2] [b18] [b17] [b21] [b15] [b23] [b20] [b16] [b10] [b9] [b7] [b29] [b13] [b14] [b8] [b11] [b24] [b86] [b28] [b27] [b26] [b32] [b62] [b25] [b30] [b46] [b34] [b35] [b48] [b49] [b50] [b52] [b90] [b54] [b55] [b56 b69 b65 b78 b58 b5 b59 b43 b60 b57] [b79] [b80 b82 b77 b85 b81] [b91] [b92] [b72] [b93] [b61] [b63] [b83] [b64] [b88] [b66] [b68] [b70] [b75] [b73] [b74] [b36] [b87] [b37] [b6] [b39] [b41] [b42] [b71] [b44] [b45] [b67] [b89] [b84]]
(*decodeState).unmarshal, 26, 26, []
cachedTypeFields, 13, 13, []
(*decodeState).object, 289, 96, [[b1] [b2] [b9] [b170] [b20] [b179] [b22] [b24] [b27] [b168] [b29] [b28] [b43] [b47] [b52] [b260] [b263] [b248] [b105] [b247] [b175] [b173] [b89] [b106] [b51] [b57] [b56] [b61] [b63] [b66] [b69] [b258] [b246] [b223] [b71] [b250] [b193] [b181] [b158] [b72] [b68] [b60] [b55] [b58] [b82] [b95] [b154] [b99] [b97] [b103] [b98] [b96] [b101] [b44] [b87] [b108] [b107] [b110 b111 b331 b325 b276 b41 b323 b188 b48 b280 b324 b329 b278 b326 b298 b321 b277 b282 b322 b240 b274 b320 b253 b255 b273 b239 b289 b291 b243 b251 b302 b86 b235 b287 b304 b312 b308 b319 b315 b238 b245 b269 b207 b88 b233 b284 b299 b293 b80 b306 b286 b67 b313 b241 b268 b270 b272 b137 b234 b279 b300 b84 b201 b81 b297 b307 b78 b190 b76 b292 b314 b265 b127 b295 b205 b85 b311 b296 b197 b79 b318 b301 b303 b264 b131 b141 b309 b316 b262 b132 b133 b94 b222 b261 b259 b130 b213 b100 b196 b232 b257 b317 b310 b126 b221 b143 b139 b91 b252 b121 b225 b135 b134 b228 b210 b92 b333 b249 b119 b166 b215 b136 b77 b140 b227 b229 b231 b118 b242 b167 b220 b129 b224 b113 b149 b39 b203 b146 b36 b162 b144 b148 b199 b237 b165 b73 b169 b65 b157 b198 b200 b202 b142 b244 b172 b152 b226 b159 b195 b145 b37 b182 b219 b40 b194 b151 b31 b209 b177 b266 b160 b192 b178 b208 b206 b163 b217 b230 b161 b191 b189 b32 b180 b204 b216 b214 b218 b187 b176 b184 b212 b33 b330 b211] [b120] [b122] [b124] [b275] [b254] [b281] [b305] [b328] [b334] [b332] [b290] [b256] [b236] [b116] [b114] [b112] [b34] [b10] [b186] [b11] [b283] [b13] [b15] [b16] [b271] [b327] [b294] [b18] [b267] [b288] [b285] [b185] [b19] [b4] [b6] [b5] [b8] [b7]]
typeFields, 176, 17, [[b6] [b8 b10 b16 b14 b18 b21 b25 b17 b22 b20 b24 b35 b38 b41 b106 b112 b32 b36 b43 b4 b178 b1 b176 b173 b33 b23 b39 b185 b187 b184 b71 b183 b177 b31 b34 b37 b3 b191 b111 b69 b115 b189 b30 b105 b2 b110 b47 b70 b46 b188 b114 b27 b7 b104 b108 b67 b57 b113 b79 b107 b98 b59 b44 b81 b55 b60 b64 b77 b101 b86 b91 b94 b103 b146 b56 b145 b42 b48 b61 b66 b45 b74 b99 b82 b87 b89 b53 b51 b62 b58 b63 b72 b92 b12 b83 b9 b88 b49 b80 b84 b151 b50 b40 b167 b152] [b119] [b121 b123 b155 b161 b180 b171 b15 b149 b139 b158 b170 b153 b120 b138 b157 b159 b164 b137 b150 b156 b13 b163 b130 b144 b118 b78 b76 b162 b186 b134 b142 b127 b181 b179 b140 b125 b129 b131 b135 b136 b122 b128] [b165] [b166 b117 b154 b147 b168] [b169] [b172 b174 b5 b73 b100 b133 b75 b148 b116 b190 b182] [b175] [b126] [b132] [b141] [b143] [b160] [b52] [b96] [b109]]
(*HashTrieMap[go.shape.interface {},go.shape.interface {}]).LoadOrStore.deferwrap1, 7, 7, []
(*HashTrieMap[go.shape.interface {},go.shape.interface {}]).CompareAndSwap, 24, 24, []
(*HashTrieMap[go.shape.interface {},go.shape.interface {}]).Swap.deferwrap1, 7, 7, []
boolEncoder, 30, 30, []
medianCmpFunc[go.shape.struct { encoding/json.name string; encoding/json.nameBytes []uint8; encoding/json.nameNonEsc string; encoding/json.nameEscHTML string; encoding/json.tag bool; encoding/json.index []int; encoding/json.typ reflect.Type; encoding/json.omitEmpty bool; encoding/json.omitZero bool; encoding/json.isZero func(reflect.Value) bool; encoding/json.quoted bool; encoding/json.encoder encoding/json.encoderFunc }], 22, 22, []
medianCmpFunc[go.shape.struct { encoding/json.v reflect.Value; encoding/json.ks string }], 22, 22, []
typeFields.func5, 14, 14, []
(*HashTrieMap[go.shape.interface {},go.shape.interface {}]).CompareAndSwap.deferwrap1, 7, 7, []
.eq.internal/sync.indirect[go.shape.interface {},go.shape.interface {}], 13, 13, []
.eq.go.shape.struct { internal/sync.node = internal/sync.node[interface {},interface {}]; internal/sync.dead sync/atomic.Bool; internal/sync.mu internal/sync.Mutex; internal/sync.parent *internal/sync.indirect[interface {},interface {}]; internal/sync.children [16]sync/atomic.Pointer[internal/sync.node[interface {},interface {}]] }, 13, 13, []
.eq.go.shape.struct { internal/sync.node = internal/sync.node[go.shape.interface {},go.shape.interface {}]; internal/sync.dead sync/atomic.Bool; internal/sync.mu internal/sync.Mutex; internal/sync.parent *internal/sync.indirect[go.shape.interface {},go.shape.interface {}]; internal/sync.children [16]sync/atomic.Pointer[go.shape.struct { internal/sync.isEntry bool }] }, 13, 13, []
.eq.[6]string, 17, 11, [[b1] [b2 b4 b9 b6 b3] [b5] [b13 b15 b14] [b16] [b18] [b7] [b10] [b12] [b8] [b19]]
.eq.internal/sync.entry[go.shape.interface {},go.shape.interface {}], 15, 15, []
.eq.go.shape.struct { internal/sync.node = internal/sync.node[interface {},interface {}]; internal/sync.overflow sync/atomic.Pointer[internal/sync.entry[interface {},interface {}]]; internal/sync.key interface {}; internal/sync.value interface {} }, 15, 15, []
.eq.go.shape.struct { encoding/json.v reflect.Value; encoding/json.ks string }, 12, 12, []
.eq.[8]string, 21, 15, [[b1] [b2 b4 b9 b6 b3] [b5] [b14] [b13] [b16] [b15] [b17 b19 b18] [b20] [b22] [b7] [b10] [b12] [b8] [b23]]
.eq.[2]interface {}, 10, 7, [[b1] [b2 b4 b8 b3] [b5] [b7] [b6] [b9] [b10]]
.eq.[16]sync/atomic.Pointer[go.shape.struct { internal/sync.isEntry bool }], 6, 4, [[b1] [b2 b4 b3] [b9] [b8]]
.eq.go.shape.struct { internal/sync.node = internal/sync.node[go.shape.interface {},go.shape.interface {}]; internal/sync.overflow sync/atomic.Pointer[internal/sync.entry[go.shape.interface {},go.shape.interface {}]]; internal/sync.key go.shape.interface {}; internal/sync.value go.shape.interface {} }, 15, 15, []
