medianCmpFunc[go.shape.*uint8], 22, 22, []
(*FlagSet).usage, 4, 4, []
newTextValue, 53, 53, []
isZeroValue, 21, 19, [[b1] [b25] [b3] [b5] [b7] [b9] [b10] [b13] [b12] [b14] [b15] [b16] [b18 b24 b19] [b21] [b20] [b17] [b23] [b22] [b26]]
(*FlagSet).SetOutput, 4, 4, []
textValue.Get, 4, 4, []
(*FlagSet).parseOne, 96, 92, [[b1] [b4] [b6] [b14] [b68] [b13] [b16] [b22] [b24] [b28] [b38] [b50] [b112] [b110] [b40 b42 b46] [b56] [b52] [b43] [b55] [b45] [b57] [b48] [b67] [b25] [b66] [b29] [b74] [b41] [b36] [b73] [b54] [b76] [b77] [b79 b18 b80] [b82] [b81] [b78] [b12] [b84] [b83] [b87] [b103] [b2] [b111] [b49] [b106] [b99] [b63] [b105] [b115] [b113] [b117] [b118] [b61] [b120] [b121] [b86] [b90] [b97] [b98] [b7] [b100] [b101] [b89] [b91] [b88] [b85] [b124] [b39] [b71] [b65] [b59] [b123] [b47] [b93] [b72] [b92] [b10] [b94] [b95] [b62] [b60] [b58] [b34] [b20] [b51] [b119] [b114] [b109] [b107] [b11] [b3]]
newStringValue, 4, 4, []
(*stringValue).Set, 4, 4, []
order2CmpFunc[go.shape.*uint8], 7, 7, []
(*FlagSet).Output, 3, 3, []
isZeroValue.func1, 19, 19, []
(*FlagSet).Arg, 6, 6, []
NFlag, 4, 4, []
(*FlagSet).Init, 4, 4, []
(*FlagSet).NFlag, 4, 4, []
init.0, 16, 16, []
Parse, 3, 3, []
(*FlagSet).defaultUsage, 10, 10, []
insertionSortCmpFunc[go.shape.*uint8], 21, 7, [[b1] [b2 b4 b10 b20 b14 b6 b12 b3 b21 b11 b18 b23 b8 b16 b7] [b5] [b13] [b15] [b17] [b19]]
siftDownCmpFunc[go.shape.*uint8], 22, 8, [[b1] [b3 b27 b22 b29 b4 b18 b16 b14 b26 b15 b24 b8 b6 b10 b9] [b11] [b13] [b17] [b19] [b21] [b5]]
breakPatternsCmpFunc[go.shape.*uint8], 17, 8, [[b1] [b18] [b6] [b7 b19 b3 b21 b9 b14 b12 b16 b13 b11] [b10] [b2] [b15] [b17]]
(*textValue).String, 3, 3, []
(*FlagSet).VisitAll, 4, 3, [[b1] [b2 b4] [b5]]
NewFlagSet, 7, 7, []
(*FlagSet).Parse, 25, 11, [[b1] [b9] [b20] [b19] [b3 b4 b7 b10 b11 b22 b17 b16 b15 b23 b13 b18 b24 b8 b6] [b5] [b21] [b12] [b26] [b25] [b14]]
(*FlagSet).Visit, 4, 3, [[b1] [b2 b4] [b5]]
reverseRangeCmpFunc[go.shape.*uint8], 11, 5, [[b1] [b2 b11 b10 b13 b4 b6 b3] [b5] [b7] [b9]]
(*struct { reflect.typ_ *internal/abi.Type; reflect.ptr unsafe.Pointer; reflect.flag }).reflect.mustBeAssignable, 7, 7, []
struct { reflect.typ_ *internal/abi.Type; reflect.ptr unsafe.Pointer; reflect.flag }.reflect.mustBeExported, 7, 7, []
(*struct { reflect.typ_ *internal/abi.Type; reflect.ptr unsafe.Pointer; reflect.flag }).reflect.mustBeExported, 7, 7, []
pdqsortCmpFunc[go.shape.*uint8], 65, 15, [[b1] [b3 b4 b65 b66 b58 b67 b68 b53 b62 b64 b54 b60 b24 b56 b59 b40 b28 b15 b55 b52 b50 b35 b26 b49 b33 b37 b43 b34 b36 b27 b31 b47 b29 b6 b39 b41 b38] [b61] [b63] [b57] [b42] [b44] [b32] [b7] [b8 b10 b16 b45 b20 b12 b18 b9 b46 b17 b51 b48 b14 b22 b13] [b30] [b19] [b21] [b23] [b25]]
struct { reflect.typ_ *internal/abi.Type; reflect.ptr unsafe.Pointer; reflect.flag }.reflect.mustBeAssignable, 7, 7, []
(*FlagSet).PrintDefaults, 16, 9, [[b1] [b14] [b3] [b5] [b4] [b6] [b7 b9 b17 b15 b13 b12 b11 b8] [b10] [b2]]
partitionEqualCmpFunc[go.shape.*uint8], 34, 14, [[b1] [b3] [b2] [b5] [b8] [b29] [b43] [b41] [b11 b21 b19 b31 b12 b36 b34 b27 b28 b38 b32 b24 b30 b17 b26 b18 b40 b22 b14 b20 b16] [b23] [b33] [b37] [b39] [b13]]
partialInsertionSortCmpFunc[go.shape.*uint8], 51, 10, [[b1] [b2 b4 b64 b53 b28 b54 b59 b60 b33 b50 b56 b65 b58 b39 b49 b47 b51 b44 b67 b30 b36 b40 b57 b26 b29 b61 b52 b20 b42 b63 b18 b32 b16 b9 b10 b62 b14 b6 b12 b3 b8 b11] [b5] [b13] [b15] [b21] [b23] [b55] [b19] [b17]]
(*struct { reflect.typ_ *internal/abi.Type; reflect.ptr unsafe.Pointer; reflect.flag }).reflect.mustBe, 6, 6, []
struct { reflect.typ_ *internal/abi.Type; reflect.ptr unsafe.Pointer; reflect.flag }.reflect.mustBe, 6, 6, []
UnquoteUsage, 56, 50, [[b1] [b2 b4 b8] [b29] [b7] [b10 b12 b16] [b13] [b5] [b30] [b31] [b40] [b61] [b62] [b78] [b91] [b39] [b67] [b69] [b38] [b55] [b57] [b92] [b3] [b37] [b44] [b45] [b36] [b50] [b51] [b46] [b35] [b73] [b75] [b11] [b15] [b18] [b20] [b34] [b79] [b80] [b63] [b24] [b33] [b84 b76 b85] [b83] [b82] [b81] [b86] [b90] [b28] [b26]]
.eq.struct { Cache *struct { Mask uintptr; Entries [1]struct { Typ uintptr; Itab uintptr } }; Inter *struct { Type struct { Size_ uintptr; PtrBytes uintptr; Hash uint32; TFlag uint8; Align_ uint8; FieldAlign_ uint8; Kind_ uint8; Equal unsafe.Pointer; GCData *uint8; Str int32; PtrToThis int32 }; PkgPath struct { Bytes *uint8 }; Methods []struct { Name int32; Typ int32 } }; CanFail bool }, 6, 6, []
(*textValue).Get, 6, 6, []
(*FlagSet).PrintDefaults.func1, 102, 102, []
(*boolFuncValue).String, 3, 3, []
(*funcValue).String, 3, 3, []
(*boolFuncValue).IsBoolFlag, 3, 3, []
textValue.String, 14, 12, [[b1] [b2] [b3] [b5 b13 b6] [b8] [b7] [b4] [b14] [b10] [b12] [b11] [b9]]
(*int64Value).Set, 20, 20, []
(*uintValue).Set, 20, 20, []
Arg, 7, 7, []
(*intValue).Set, 20, 20, []
(*uint64Value).Set, 20, 20, []
StringVar, 4, 4, []
(*FlagSet).StringVar, 4, 4, []
(*boolValue).Set, 4, 4, []
(*boolFuncValue).Set, 3, 3, []
(*float64Value).Set, 20, 20, []
(*durationValue).Set, 4, 4, []
(*funcValue).Set, 3, 3, []
(*textValue).Set, 3, 3, []
numError, 13, 13, []
heapSortCmpFunc[go.shape.*uint8], 14, 7, [[b1] [b2 b4] [b5] [b6 b15 b14 b17 b8 b10 b7] [b9] [b11] [b13]]
(*FlagSet).failf, 4, 4, []
choosePivotCmpFunc[go.shape.*uint8], 11, 11, []
(*durationValue).String, 3, 3, []
(*FlagSet).sprintf, 4, 4, []
partitionCmpFunc[go.shape.*uint8], 69, 39, [[b1] [b3] [b2] [b5] [b8] [b76] [b89] [b87] [b10 b12 b14 b86 b18 b15] [b17] [b13] [b20 b22 b24 b84 b28 b25] [b27] [b23] [b30] [b41] [b40] [b43] [b46] [b58] [b79] [b71] [b49 b47 b44 b61 b50 b74 b72 b65 b66 b78 b70 b62 b67 b55 b64 b56 b82 b60 b52 b57 b54] [b59] [b69] [b75] [b77] [b51] [b83] [b88] [b42] [b45] [b39] [b31] [b33] [b38] [b68] [b85] [b81]]
.eq.flag.Flag, 18, 18, []
init.func1, 6, 6, []
(*FlagSet).set, 26, 26, []
(*FlagSet).Var, 27, 27, []
sortFlags, 12, 7, [[b1] [b2] [b3] [b4] [b5 b8 b12 b9 b7 b6] [b11] [b10]]
(*FlagSet).String, 4, 4, []
.eq.[2]interface {}, 10, 7, [[b1] [b2 b4 b8 b3] [b5] [b7] [b6] [b9] [b10]]
.eq.[3]interface {}, 10, 7, [[b1] [b2 b4 b8 b3] [b5] [b7] [b6] [b9] [b10]]
