CommentMap.String.func1, 13, 13, []
sortComments.func1, 10, 10, []
sortSpecs.func2, 10, 10, []
sortSpecs.func1, 36, 36, []
medianCmpFunc[go.shape.*uint8], 22, 22, []
medianCmpFunc[go.shape.interface { End() go/token.Pos; Pos() go/token.Pos; go/ast.specNode() }], 22, 22, []
medianCmpFunc[go.shape.interface { End() go/token.Pos; Pos() go/token.Pos }], 22, 22, []
sortSpecs, 136, 49, [[b1] [b2] [b6] [b13] [b4] [b15 b17 b16] [b18] [b22] [b23] [b167] [b26] [b29] [b166] [b31] [b32] [b35] [b34] [b33] [b36 b38 b154 b52 b49 b44 b53 b43 b51 b37] [b85] [b41] [b45] [b39] [b21] [b57] [b59] [b58] [b61] [b60] [b62] [b64 b169 b113 b171 b66 b7 b110 b105 b111 b156 b103 b107 b88 b89 b101 b80 b54 b102 b47 b81 b91 b90 b71 b95 b56 b55 b5 b63 b92 b72 b68 b77 b65 b70 b73] [b112] [b114 b116 b87 b129 b14 b109 b11 b133 b126 b128 b10 b132 b12 b125 b118 b130 b123 b24 b120 b115 b119] [b117] [b134 b136 b157 b155 b159 b8 b153 b161 b151 b158 b163 b148 b147 b168 b170 b146 b162 b140 b9 b142 b138 b141 b135] [b172] [b139] [b143] [b145] [b121] [b75] [b79] [b83] [b94] [b97] [b104] [b106] [b20] [b3]]
NewIdent, 4, 4, []
(*commentListReader).next, 19, 19, []
Preorder, 4, 4, []
ObjKind.String, 3, 3, []
NewObj, 4, 4, []
Unparen, 4, 3, [[b1] [b3 b4] [b10]]
(*BasicLit).End, 3, 3, []
(*Ellipsis).End, 3, 3, []
order2Ordered[go.shape.string], 7, 7, []
fieldName, 21, 21, []
Preorder.func1, 4, 4, []
order2CmpFunc[go.shape.interface { End() go/token.Pos; Pos() go/token.Pos }], 7, 7, []
(*directiveScanner).skip, 6, 6, []
order2CmpFunc[go.shape.interface { End() go/token.Pos; Pos() go/token.Pos; go/ast.specNode() }], 7, 7, []
filterType, 43, 43, []
filterSpec, 45, 37, [[b1] [b4] [b3] [b7] [b32] [b15] [b19] [b14] [b21] [b22 b24 b26 b18 b23 b12 b30 b28 b27] [b25] [b31] [b34] [b45] [b8] [b33] [b9] [b16] [b10] [b35] [b36] [b20] [b38] [b37] [b29] [b6] [b11] [b5] [b13] [b39] [b44] [b43] [b2] [b40] [b17] [b42] [b41]]
order2CmpFunc[go.shape.*uint8], 7, 7, []
filterDecl, 17, 17, []
Preorder.func1.1, 7, 7, []
(*Ident).String, 3, 3, []
(*AssignStmt).Pos, 3, 3, []
(*CompositeLit).Pos, 3, 3, []
(*EmptyStmt).End, 3, 3, []
inspector.Visit, 3, 3, []
collapse, 20, 20, []
NewScope, 4, 4, []
resolve, 9, 7, [[b1] [b2 b4 b6] [b5] [b8] [b9] [b7] [b3]]
(*nodeStack).push, 10, 10, []
(*Field).Pos, 5, 5, []
(*FieldList).Pos, 5, 5, []
(*CommentMap).String, 3, 3, []
(*CommentMap).Filter, 3, 3, []
(*IfStmt).End, 3, 3, []
(*CommentMap).Comments, 3, 3, []
walkList[go.shape.interface { End() go/token.Pos; Pos() go/token.Pos; go/ast.declNode() }], 12, 3, [[b1] [b2 b4 b6 b11 b12 b3 b9 b10 b7 b8] [b5]]
(*FuncType).Pos, 6, 6, []
walkList[go.shape.interface { End() go/token.Pos; Pos() go/token.Pos; go/ast.specNode() }], 12, 3, [[b1] [b2 b4 b6 b11 b12 b3 b9 b10 b7 b8] [b5]]
walkList[go.shape.interface { End() go/token.Pos; Pos() go/token.Pos; go/ast.stmtNode() }], 12, 3, [[b1] [b2 b4 b6 b11 b12 b3 b9 b10 b7 b8] [b5]]
walkList[go.shape.interface { End() go/token.Pos; Pos() go/token.Pos; go/ast.exprNode() }], 12, 3, [[b1] [b2 b4 b6 b11 b12 b3 b9 b10 b7 b8] [b5]]
walkList[go.shape.*uint8], 4, 3, [[b1] [b2 b4] [b5]]
(*GenDecl).End, 5, 5, []
breakPatternsCmpFunc[go.shape.*uint8], 17, 8, [[b1] [b18] [b6] [b7 b19 b3 b21 b9 b14 b12 b16 b13 b11] [b10] [b2] [b15] [b17]]
siftDownCmpFunc[go.shape.*uint8], 22, 8, [[b1] [b3 b27 b22 b29 b4 b18 b16 b14 b26 b15 b24 b8 b6 b10 b9] [b11] [b13] [b17] [b19] [b21] [b5]]
insertionSortCmpFunc[go.shape.*uint8], 21, 7, [[b1] [b2 b4 b10 b20 b14 b6 b12 b3 b21 b11 b18 b23 b8 b16 b7] [b5] [b13] [b15] [b17] [b19]]
siftDownCmpFunc[go.shape.interface { End() go/token.Pos; Pos() go/token.Pos }], 22, 8, [[b1] [b3 b27 b22 b29 b4 b18 b16 b14 b26 b15 b24 b8 b6 b10 b9] [b11] [b13] [b17] [b19] [b21] [b5]]
breakPatternsCmpFunc[go.shape.interface { End() go/token.Pos; Pos() go/token.Pos; go/ast.specNode() }], 17, 8, [[b1] [b18] [b6] [b7 b19 b3 b21 b9 b14 b12 b16 b13 b11] [b10] [b2] [b15] [b17]]
siftDownCmpFunc[go.shape.interface { End() go/token.Pos; Pos() go/token.Pos; go/ast.specNode() }], 22, 8, [[b1] [b3 b27 b22 b29 b4 b18 b16 b14 b26 b15 b24 b8 b6 b10 b9] [b11] [b13] [b17] [b19] [b21] [b5]]
insertionSortCmpFunc[go.shape.interface { End() go/token.Pos; Pos() go/token.Pos; go/ast.specNode() }], 21, 7, [[b1] [b2 b4 b10 b20 b14 b6 b12 b3 b21 b11 b18 b23 b8 b16 b7] [b5] [b13] [b15] [b17] [b19]]
breakPatternsCmpFunc[go.shape.interface { End() go/token.Pos; Pos() go/token.Pos }], 17, 8, [[b1] [b18] [b6] [b7 b19 b3 b21 b9 b14 b12 b16 b13 b11] [b10] [b2] [b15] [b17]]
(*Scope).Insert, 7, 7, []
breakPatternsOrdered[go.shape.string], 17, 8, [[b1] [b18] [b6] [b7 b19 b3 b21 b9 b14 b12 b16 b13 b11] [b10] [b2] [b15] [b17]]
siftDownOrdered[go.shape.string], 22, 8, [[b1] [b3 b49 b44 b51 b4 b41 b27 b25 b48 b26 b46 b8 b6 b10 b9] [b11] [b13] [b28] [b30] [b43] [b5]]
insertionSortOrdered[go.shape.string], 21, 7, [[b1] [b2 b4 b10 b31 b26 b6 b12 b3 b32 b11 b29 b34 b8 b27 b7] [b5] [b13] [b15] [b28] [b30]]
(*FuncDecl).End, 3, 3, []
insertionSortCmpFunc[go.shape.interface { End() go/token.Pos; Pos() go/token.Pos }], 21, 7, [[b1] [b2 b4 b10 b20 b14 b6 b12 b3 b21 b11 b18 b23 b8 b16 b7] [b5] [b13] [b15] [b17] [b19]]
(*FuncType).End, 3, 3, []
nameOf, 17, 17, []
(*BranchStmt).End, 3, 3, []
(*CaseClause).End, 3, 3, []
importName, 5, 5, []
(*FieldList).NumFields, 7, 6, [[b1] [b9] [b3] [b4 b5] [b7] [b2]]
(*CommClause).End, 3, 3, []
generator, 67, 9, [[b1] [b2 b4 b159 b12 b6 b10 b3 b8 b154 b172 b14 b170 b78 b130 b169 b128 b168 b150 b127 b109 b166 b95 b167 b125 b136 b126 b160 b164 b149 b119 b123 b108 b163 b162 b158 b145 b147 b118 b113 b117 b104 b106 b151 b112 b103 b143 b110 b153 b144 b102 b133 b92 b84 b90 b85 b86 b19 b83 b129] [b5] [b89] [b132] [b93] [b173] [b171] [b134]]
(*Field).End, 10, 10, []
CommentMap.Update, 10, 10, []
CommentMap.addComment, 16, 16, []
(*Object).Pos, 88, 68, [[b1] [b4] [b5] [b42] [b46] [b15] [b61] [b63] [b30] [b73] [b28] [b72] [b34] [b79] [b78] [b48] [b14] [b19] [b21] [b64 b66 b40 b36 b65 b70] [b67] [b71] [b13] [b31] [b33] [b12] [b25] [b27] [b6] [b94] [b112] [b92] [b95] [b11] [b55] [b57] [b100 b102 b109 b97 b93 b107 b106 b108 b104 b105 b101] [b103] [b113] [b10] [b37] [b39] [b111] [b98] [b110] [b96] [b99] [b52] [b54] [b58] [b60] [b3] [b8] [b43] [b45] [b18] [b90] [b16] [b88] [b91] [b7] [b49] [b9] [b51] [b80 b82 b24 b22 b81 b86] [b83] [b2] [b87]]
(*ReturnStmt).End, 3, 3, []
pdqsortCmpFunc[go.shape.*uint8], 65, 15, [[b1] [b3 b4 b65 b66 b58 b67 b68 b53 b62 b64 b54 b60 b24 b56 b59 b40 b28 b15 b55 b52 b50 b35 b26 b49 b33 b37 b43 b34 b36 b27 b31 b47 b29 b6 b39 b41 b38] [b61] [b63] [b57] [b42] [b44] [b32] [b7] [b8 b10 b16 b45 b20 b12 b18 b9 b46 b17 b51 b48 b14 b22 b13] [b30] [b19] [b21] [b23] [b25]]
generator.SplitSeq.splitSeq.func1, 27, 13, [[b1] [b2] [b17 b11 b21 b25 b18 b26 b24 b20] [b23] [b27] [b29] [b19] [b3] [b4 b8 b28 b22 b6 b12 b10 b5] [b7] [b9] [b13] [b15]]
Walk, 982, 764, [[b1] [b3] [b2] [b6] [b5] [b10] [b286] [b423] [b492] [b521] [b541] [b915] [b548] [b552] [b547] [b554] [b836] [b837] [b839 b441 b840] [b842] [b841] [b838] [b540] [b545] [b539] [b546] [b520] [b524] [b916] [b532] [b536] [b531] [b538] [b261] [b1071] [b1070] [b255] [b1073] [b1072] [b253] [b1075] [b1074] [b523] [b528] [b522] [b519] [b530] [b333] [b1000] [b1002 b327 b1003] [b1005] [b1004] [b1001] [b997] [b1006 b1008 b1010 b1015 b1016 b1007 b1013 b1014 b1011 b325] [b1017] [b491] [b495] [b504] [b931] [b512] [b516] [b511] [b518] [b315] [b1021] [b1023 b313 b1024] [b1026] [b1025] [b1022] [b1018] [b307] [b1030] [b1032 b305 b1033] [b1035] [b1034] [b1031] [b1027] [b298] [b1039] [b1041 b296 b1042] [b1044] [b1043] [b1040] [b1036] [b503] [b508] [b502] [b510] [b765] [b766] [b768 b505 b769] [b771] [b770] [b767] [b772] [b773] [b775 b498 b776] [b778] [b777] [b774] [b494] [b499] [b493] [b490] [b501] [b177] [b1142] [b1141] [b1143 b1145 b1147 b1152 b1153 b1144 b1150 b1151 b1148 b175] [b1154] [b422] [b426] [b455] [b475] [b932] [b483] [b487] [b482] [b489] [b407] [b901] [b900] [b474] [b479] [b473] [b481] [b843] [b844] [b846 b439 b847] [b849] [b848] [b845] [b850] [b851] [b853 b432 b854] [b856] [b855] [b852] [b454] [b458] [b964] [b466] [b470] [b465] [b472] [b364] [b966] [b968 b362 b969] [b971] [b970] [b967] [b963] [b352] [b975] [b977 b350 b978] [b980] [b979] [b976] [b972] [b457] [b462] [b456] [b453] [b464] [b685] [b603] [b605 b677 b606] [b608] [b607] [b604] [b600] [b609 b611 b613 b618 b619 b610 b616 b617 b614 b676] [b620] [b425] [b429] [b438] [b965] [b446] [b450] [b445] [b452] [b437] [b442] [b436] [b444] [b822] [b823] [b825 b449 b826] [b828] [b827] [b824] [b428] [b433] [b427] [b424] [b421] [b435] [b478] [b796] [b795] [b476] [b798] [b797] [b469] [b800] [b799] [b285] [b289] [b358] [b387] [b406] [b973] [b414] [b418] [b413] [b420] [b405] [b410] [b404] [b412] [b902 b904 b906 b911 b912 b903 b909 b910 b907 b401] [b913] [b386] [b390] [b974] [b398] [b402] [b397] [b403] [b389] [b394] [b388] [b385] [b396] [b864 b866 b868 b873 b874 b865 b871 b872 b869 b417] [b875] [b876 b878 b880 b885 b886 b877 b883 b884 b881 b415] [b887] [b357] [b361] [b370] [b982] [b378] [b382] [b377] [b384] [b243] [b1077] [b1076] [b1078 b1080] [b1084] [b241] [b1088] [b1090 b235 b1091] [b1093] [b1092] [b1089] [b1085] [b1094 b1096 b1098 b1103 b1104 b1095 b1101 b1102 b1099 b233] [b1105] [b226] [b1107] [b1106] [b369] [b374] [b368] [b376] [b344] [b984] [b986 b342 b987] [b989] [b988] [b985] [b981] [b990] [b991] [b993 b335 b994] [b996] [b995] [b992] [b360] [b365] [b359] [b356] [b367] [b399] [b917] [b919 b393 b920] [b922] [b921] [b918] [b914] [b923] [b924] [b926 b391 b927] [b929] [b928] [b925] [b381] [b933] [b935 b379 b936] [b938] [b937] [b934] [b930] [b288] [b292] [b321] [b341] [b983] [b349] [b353] [b348] [b355] [b224] [b1109] [b1108] [b214] [b1111] [b1110] [b1112] [b1113] [b1115 b212 b1116] [b1118] [b1117] [b1114] [b206] [b1120] [b1119] [b340] [b345] [b339] [b347] [b320] [b324] [b998] [b332] [b336] [b331] [b338] [b635] [b636] [b638 b593 b639] [b641] [b640] [b637] [b642] [b643] [b645 b592 b646] [b648] [b647] [b644] [b323] [b328] [b322] [b319] [b330] [b829] [b830] [b832 b447 b833] [b835] [b834] [b831] [b291] [b295] [b304] [b999] [b312] [b316] [b311] [b318] [b718] [b719] [b721 b533 b722] [b724] [b723] [b720] [b725 b727 b729 b734 b735 b726 b732 b733 b730 b527] [b736] [b303] [b308] [b302] [b310] [b204] [b1122] [b1121] [b1123 b1125 b1127 b1132 b1133 b1124 b1130 b1131 b1128 b197] [b1134] [b294] [b299] [b293] [b290] [b287] [b284] [b301] [b668] [b669] [b671 b1159 b672] [b674] [b673] [b670] [b1079] [b678] [b680 b585 b681] [b683] [b682] [b679] [b675] [b565] [b687] [b689 b556 b690] [b692] [b691] [b688] [b684] [b551] [b696] [b698 b549 b699] [b701] [b700] [b697] [b693] [b9] [b13] [b151] [b220] [b249] [b269] [b1019] [b277] [b281] [b276] [b283] [b621] [b622] [b624 b602 b625] [b627] [b626] [b623] [b268] [b273] [b267] [b275] [b584 b586] [b590] [b248] [b252] [b1020] [b260] [b264] [b259] [b266] [b251] [b256] [b250] [b247] [b258] [b219] [b223] [b232] [b1028] [b240] [b244] [b239] [b246] [b231] [b236] [b230] [b238] [b744] [b745] [b747 b515 b748] [b750] [b749] [b746] [b222] [b227] [b221] [b218] [b229] [b628] [b629] [b631 b601 b632] [b634] [b633] [b630] [b150] [b154] [b183] [b203] [b1029] [b211] [b215] [b210] [b217] [b202] [b207] [b201] [b209] [b649] [b650] [b652 b573 b653] [b655] [b654] [b651] [b656 b658 b660 b665 b666 b657 b663 b664 b661 b572] [b667] [b182] [b186] [b1037] [b194] [b198] [b193] [b200] [b939 b941 b943 b948 b949 b940 b946 b947 b944 b373] [b950] [b951 b953 b955 b960 b961 b952 b958 b959 b956 b371] [b962] [b185] [b190] [b184] [b181] [b192] [b195] [b1136] [b1135] [b189] [b1138] [b1137] [b187] [b1140] [b1139] [b153] [b157] [b166] [b1038] [b174] [b178] [b173] [b180] [b165] [b170] [b164] [b172] [b702] [b703] [b705 b544 b706] [b708] [b707] [b704] [b542] [b712] [b714 b535 b715] [b717] [b716] [b713] [b709] [b156] [b161] [b155] [b152] [b149] [b163] [b751] [b752] [b754 b513 b755] [b757] [b756] [b753] [b758] [b759] [b761 b507 b762] [b764] [b763] [b760] [b12] [b16] [b85] [b114] [b134] [b1046] [b142] [b146] [b141] [b148] [b555 b557] [b561] [b133] [b138] [b132] [b140] [b737] [b738] [b740 b525 b741] [b743] [b742] [b739] [b113] [b117] [b1047] [b125] [b129] [b124] [b131] [b815] [b816] [b818 b459 b819] [b821] [b820] [b817] [b116] [b121] [b115] [b112] [b123] [b280] [b1048] [b1050 b278 b1051] [b1053] [b1052] [b1049] [b1045] [b272] [b1057] [b1059 b270 b1060] [b1062] [b1061] [b1058] [b1054] [b1063] [b1064] [b1066 b263 b1067] [b1069] [b1068] [b1065] [b84] [b88] [b97] [b1055] [b105] [b109] [b104] [b111] [b1155 b1157] [b1158] [b96] [b101] [b95] [b103] [b87] [b92] [b86] [b83] [b94] [b781] [b563] [b562] [b564 b566] [b570] [b780] [b574] [b576 b711 b577] [b579] [b578] [b575] [b571] [b710] [b581] [b580] [b695] [b583] [b582] [b15] [b19] [b48] [b68] [b1056] [b76] [b80] [b75] [b82] [b888 b890 b892 b897 b898 b889 b895 b896 b893 b409] [b899] [b67] [b72] [b66] [b74] [b496] [b782] [b784 b486 b785] [b787] [b786] [b783] [b779] [b788] [b789] [b791 b484 b792] [b794] [b793] [b790] [b47] [b51] [b1086] [b59] [b63] [b58] [b65] [b857] [b858] [b860 b430 b861] [b863] [b862] [b859] [b50] [b55] [b49] [b46] [b56] [b57] [b18] [b22] [b31] [b1087] [b39] [b43] [b38] [b45] [b694] [b594] [b596 b686 b597] [b599] [b598] [b595] [b591] [b30] [b35] [b29] [b37] [b21] [b26] [b20] [b17] [b14] [b11] [b8] [b7] [b169] [b1160] [b1161] [b28] [b801] [b802] [b804 b467 b805] [b807] [b806] [b803] [b808] [b809] [b811 b461 b812] [b814] [b813] [b810] [b4]]
(*nodeStack).pop, 13, 7, [[b1] [b2 b4 b3 b6 b12 b8 b7] [b9] [b5] [b13] [b14] [b11]]
pdqsortCmpFunc[go.shape.interface { End() go/token.Pos; Pos() go/token.Pos }], 65, 15, [[b1] [b3 b4 b65 b66 b58 b67 b68 b53 b62 b64 b54 b60 b24 b56 b59 b40 b28 b15 b55 b52 b50 b35 b26 b49 b33 b37 b43 b34 b36 b27 b31 b47 b29 b6 b39 b41 b38] [b61] [b63] [b57] [b42] [b44] [b32] [b7] [b8 b10 b16 b45 b20 b12 b18 b9 b46 b17 b51 b48 b14 b22 b13] [b30] [b19] [b21] [b23] [b25]]
stripTrailingWhitespace, 16, 7, [[b1] [b2 b4 b7 b17 b9 b20 b6 b12 b8 b10] [b15] [b16] [b5] [b18] [b19]]
pdqsortOrdered[go.shape.string], 45, 9, [[b1] [b3 b4 b53 b54 b35 b55 b56 b22 b51 b52 b31 b37 b39 b33 b36 b25 b23 b49 b32 b29 b27 b12 b43 b26 b10 b14 b50 b11 b13 b44 b8 b20 b45 b6 b16 b18 b15] [b38] [b40] [b34] [b19] [b21] [b9] [b7]]
reverseRangeCmpFunc[go.shape.*uint8], 11, 5, [[b1] [b2 b11 b10 b13 b4 b6 b3] [b5] [b7] [b9]]
pdqsortCmpFunc[go.shape.interface { End() go/token.Pos; Pos() go/token.Pos; go/ast.specNode() }], 65, 15, [[b1] [b3 b4 b65 b66 b58 b67 b68 b53 b62 b64 b54 b60 b24 b56 b59 b40 b28 b15 b55 b52 b50 b35 b26 b49 b33 b37 b43 b34 b36 b27 b31 b47 b29 b6 b39 b41 b38] [b61] [b63] [b57] [b42] [b44] [b32] [b7] [b8 b10 b16 b45 b20 b12 b18 b9 b46 b17 b51 b48 b14 b22 b13] [b30] [b19] [b21] [b23] [b25]]
reverseRangeCmpFunc[go.shape.interface { End() go/token.Pos; Pos() go/token.Pos }], 11, 5, [[b1] [b2 b11 b10 b13 b4 b6 b3] [b5] [b7] [b9]]
(*FieldList).End, 5, 5, []
reverseRangeOrdered[go.shape.string], 11, 5, [[b1] [b2 b11 b10 b13 b4 b6 b3] [b5] [b7] [b9]]
isalnum, 7, 7, []
importComment, 5, 5, []
struct { reflect.typ_ *internal/abi.Type; reflect.ptr unsafe.Pointer; reflect.flag }.reflect.mustBeAssignable, 7, 7, []
reverseRangeCmpFunc[go.shape.interface { End() go/token.Pos; Pos() go/token.Pos; go/ast.specNode() }], 11, 5, [[b1] [b2 b11 b10 b13 b4 b6 b3] [b5] [b7] [b9]]
(*AssignStmt).End, 3, 3, []
(*struct { reflect.typ_ *internal/abi.Type; reflect.ptr unsafe.Pointer; reflect.flag }).reflect.mustBeAssignable, 7, 7, []
struct { reflect.typ_ *internal/abi.Type; reflect.ptr unsafe.Pointer; reflect.flag }.reflect.mustBeExported, 7, 7, []
filterCompositeLit, 7, 7, []
(*struct { reflect.typ_ *internal/abi.Type; reflect.ptr unsafe.Pointer; reflect.flag }).reflect.mustBeExported, 7, 7, []
(*BlockStmt).End, 5, 5, []
partialInsertionSortOrdered[go.shape.string], 51, 10, [[b1] [b2 b4 b97 b75 b39 b89 b92 b93 b44 b72 b90 b98 b91 b61 b71 b83 b73 b82 b100 b41 b59 b76 b84 b37 b40 b94 b74 b31 b78 b96 b29 b43 b27 b9 b10 b95 b26 b6 b12 b3 b8 b11] [b5] [b13] [b15] [b32] [b34] [b77] [b30] [b28]]
partitionEqualCmpFunc[go.shape.*uint8], 34, 14, [[b1] [b3] [b2] [b5] [b8] [b29] [b43] [b41] [b11 b21 b19 b31 b12 b36 b34 b27 b28 b38 b32 b24 b30 b17 b26 b18 b40 b22 b14 b20 b16] [b23] [b33] [b37] [b39] [b13]]
partitionEqualCmpFunc[go.shape.interface { End() go/token.Pos; Pos() go/token.Pos }], 34, 14, [[b1] [b3] [b2] [b5] [b8] [b29] [b43] [b41] [b11 b21 b19 b31 b12 b36 b34 b27 b28 b38 b32 b24 b30 b17 b26 b18 b40 b22 b14 b20 b16] [b23] [b33] [b37] [b39] [b13]]
partitionEqualOrdered[go.shape.string], 34, 14, [[b1] [b3] [b2] [b5] [b8] [b54] [b65] [b63] [b11 b48 b47 b49 b12 b58 b56 b38 b39 b60 b55 b35 b41 b17 b37 b18 b62 b34 b14 b20 b16] [b23] [b44] [b59] [b61] [b13]]
partitionEqualCmpFunc[go.shape.interface { End() go/token.Pos; Pos() go/token.Pos; go/ast.specNode() }], 34, 14, [[b1] [b3] [b2] [b5] [b8] [b29] [b43] [b41] [b11 b21 b19 b31 b12 b36 b34 b27 b28 b38 b32 b24 b30 b17 b26 b18 b40 b22 b14 b20 b16] [b23] [b33] [b37] [b39] [b13]]
partialInsertionSortCmpFunc[go.shape.*uint8], 51, 10, [[b1] [b2 b4 b64 b53 b28 b54 b59 b60 b33 b50 b56 b65 b58 b39 b49 b47 b51 b44 b67 b30 b36 b40 b57 b26 b29 b61 b52 b20 b42 b63 b18 b32 b16 b9 b10 b62 b14 b6 b12 b3 b8 b11] [b5] [b13] [b15] [b21] [b23] [b55] [b19] [b17]]
partialInsertionSortCmpFunc[go.shape.interface { End() go/token.Pos; Pos() go/token.Pos }], 51, 10, [[b1] [b2 b4 b64 b53 b28 b54 b59 b60 b33 b50 b56 b65 b58 b39 b49 b47 b51 b44 b67 b30 b36 b40 b57 b26 b29 b61 b52 b20 b42 b63 b18 b32 b16 b9 b10 b62 b14 b6 b12 b3 b8 b11] [b5] [b13] [b15] [b21] [b23] [b55] [b19] [b17]]
(*struct { reflect.typ_ *internal/abi.Type; reflect.ptr unsafe.Pointer; reflect.flag }).reflect.mustBe, 6, 6, []
partialInsertionSortCmpFunc[go.shape.interface { End() go/token.Pos; Pos() go/token.Pos; go/ast.specNode() }], 51, 10, [[b1] [b2 b4 b64 b53 b28 b54 b59 b60 b33 b50 b56 b65 b58 b39 b49 b47 b51 b44 b67 b30 b36 b40 b57 b26 b29 b61 b52 b20 b42 b63 b18 b32 b16 b9 b10 b62 b14 b6 b12 b3 b8 b11] [b5] [b13] [b15] [b21] [b23] [b55] [b19] [b17]]
struct { reflect.typ_ *internal/abi.Type; reflect.ptr unsafe.Pointer; reflect.flag }.reflect.mustBe, 6, 6, []
SortImports, 77, 14, [[b1] [b2 b4 b15 b46 b13 b19 b55 b9 b49 b52 b8 b58 b59 b51 b54 b6 b7 b43 b17 b57 b3 b44 b45 b53 b41 b39 b20 b18 b22 b60 b36 b24 b37 b38 b40 b29 b34 b21 b26 b32 b31] [b81] [b62] [b42] [b28] [b33] [b35] [b47] [b12] [b61] [b63 b65 b72 b77 b48 b30 b74 b70 b69 b73 b16 b67 b68 b56 b23 b64 b76 b71 b5 b78 b50 b14 b75 b80] [b66] [b79]]
filterPackage, 4, 3, [[b1] [b2 b4] [b5]]
.eq.go/ast.SelectorExpr, 7, 7, []
.eq.go/ast.Ellipsis, 7, 7, []
.eq.go/ast.cgPos, 3, 3, []
filterFile, 14, 6, [[b1] [b2 b4 b6 b13 b3 b14 b10 b8 b7] [b5] [b11] [b12] [b9]]
filterSpecList, 14, 6, [[b1] [b2 b4 b6 b13 b3 b14 b10 b8 b7] [b5] [b11] [b12] [b9]]
.eq.go/ast.StarExpr, 7, 7, []
.eq.go/ast.EmptyStmt, 3, 3, []
isWhitespace, 9, 9, []
filterParamList, 6, 5, [[b1] [b3] [b2] [b4 b6] [b7]]
filterExprList, 33, 6, [[b1] [b2 b4 b32 b33 b29 b22 b40 b28 b30 b38 b25 b6 b19 b8 b9 b17 b36 b11 b3 b15 b18 b10 b35 b37 b7 b26 b23 b31] [b5] [b41] [b42] [b39]]
filterIdentList, 14, 6, [[b1] [b2 b4 b6 b13 b3 b14 b10 b8 b7] [b5] [b11] [b12] [b9]]
.eq.struct { Cache *struct { Mask uintptr; Entries [1]struct { Typ uintptr; Itab uintptr } }; Inter *struct { Type struct { Size_ uintptr; PtrBytes uintptr; Hash uint32; TFlag uint8; Align_ uint8; FieldAlign_ uint8; Kind_ uint8; Equal unsafe.Pointer; GCData *uint8; Str int32; PtrToThis int32 }; PkgPath struct { Bytes *uint8 }; Methods []struct { Name int32; Typ int32 } }; CanFail bool }, 6, 6, []
(*printer).printf, 3, 3, []
(*printer).Write, 26, 12, [[b1] [b2 b4 b13 b15 b11 b7 b24 b9 b8 b21 b3 b19 b23 b17 b22] [b5] [b28] [b29] [b32] [b31] [b27] [b26] [b20] [b12] [b14]]
(*CommentGroup).Pos, 3, 3, []
.eq.go/ast.ParenExpr, 10, 10, []
(*Directive).ParseArgs, 39, 16, [[b2] [b4 b45 b5 b48 b6 b42 b55 b8 b17 b35 b13 b38 b47 b9 b34 b46 b29 b44 b41 b19 b37 b18 b12 b16] [b7] [b36] [b57] [b58] [b28] [b32] [b49] [b54] [b52] [b53] [b21] [b26] [b24] [b25]]
(*ValueSpec).Pos, 3, 3, []
.eq.go/ast.UnaryExpr, 10, 10, []
.eq.go/ast.IncDecStmt, 10, 10, []
.eq.go/ast.KeyValueExpr, 13, 13, []
.eq.go/ast.ArrayType, 13, 13, []
.eq.go/ast.StructType, 6, 6, []
.eq.go/ast.InterfaceType, 6, 6, []
.eq.go/ast.MapType, 13, 13, []
.eq.go/ast.SendStmt, 13, 13, []
.eq.go/ast.LabeledStmt, 10, 10, []
.eq.go/ast.Comment, 7, 7, []
.eq.go/ast.BinaryExpr, 15, 15, []
.eq.go/ast.DirectiveArg, 7, 7, []
.eq.go/ast.SwitchStmt, 15, 15, []
.eq.go/ast.TypeSwitchStmt, 15, 15, []
.eq.go/ast.TypeAssertExpr, 15, 15, []
.eq.go/ast.directiveScanner, 7, 7, []
(*ImportSpec).Pos, 3, 3, []
walkList[go/ast.Decl], 12, 3, [[b1] [b2 b4 b6 b11 b12 b3 b9 b10 b7 b8] [b13]]
walkList[go/ast.Spec], 12, 3, [[b1] [b2 b4 b6 b11 b12 b3 b9 b10 b7 b8] [b13]]
walkList[go/ast.Stmt], 12, 3, [[b1] [b2 b4 b6 b11 b12 b3 b9 b10 b7 b8] [b13]]
walkList[go/ast.Expr], 12, 3, [[b1] [b2 b4 b6 b11 b12 b3 b9 b10 b7 b8] [b13]]
walkList[*go/ast.Field], 4, 3, [[b1] [b2 b4] [b8]]
.eq.go/ast.IndexExpr, 15, 15, []
walkList[*go/ast.Ident], 4, 3, [[b1] [b2 b4] [b8]]
walkList[*go/ast.Comment], 4, 3, [[b1] [b2 b4] [b8]]
CommentMap.Comments, 10, 6, [[b1] [b2] [b3] [b4] [b5 b7 b10 b11 b6] [b8]]
(*ObjKind).String, 5, 5, []
.eq.go/ast.ChanType, 12, 12, []
nodeList, 4, 4, []
.eq.go/ast.Ident, 9, 9, []
(*CommentGroup).End, 3, 3, []
CommentMap.Filter, 4, 4, []
(*directiveScanner).take, 8, 8, []
PreorderStack, 9, 9, []
.eq.go/ast.ForStmt, 20, 20, []
.eq.go/ast.IfStmt, 20, 20, []
nodeList.func1, 23, 23, []
(*ImportSpec).End, 6, 6, []
(*FuncLit).Pos, 7, 7, []
CommentMap.Filter.func1, 7, 7, []
(*FuncDecl).Pos, 7, 7, []
PreorderStack.func1, 17, 17, []
.eq.go/ast.TypeSpec, 16, 16, []
.eq.[7]string, 19, 13, [[b1] [b2 b4 b9 b6 b3] [b5] [b14] [b13] [b15 b17 b16] [b18] [b20] [b7] [b10] [b12] [b8] [b21]]
.eq.go/ast.Object, 22, 22, []
importPath, 5, 5, []
.eq.go/ast.BasicLit, 11, 11, []
filterFieldList, 44, 13, [[b1] [b3] [b2] [b4 b6 b35 b23 b8 b43 b28 b11 b24 b32 b27 b12 b42 b39 b30 b9 b26 b7 b31 b5 b16 b29 b13 b10 b15 b25 b21 b14 b41 b36 b19 b18] [b34] [b37] [b38] [b44] [b17] [b40] [b22] [b20] [b33]]
heapSortCmpFunc[go.shape.interface { End() go/token.Pos; Pos() go/token.Pos; go/ast.specNode() }], 14, 7, [[b1] [b2 b4] [b5] [b6 b15 b14 b17 b8 b10 b7] [b9] [b11] [b13]]
heapSortCmpFunc[go.shape.*uint8], 14, 7, [[b1] [b2 b4] [b5] [b6 b15 b14 b17 b8 b10 b7] [b9] [b11] [b13]]
(*inspector).Visit, 3, 3, []
choosePivotCmpFunc[go.shape.interface { End() go/token.Pos; Pos() go/token.Pos; go/ast.specNode() }], 11, 11, []
choosePivotOrdered[go.shape.string], 11, 11, []
heapSortOrdered[go.shape.string], 14, 7, [[b1] [b2 b4] [b5] [b6 b15 b14 b17 b8 b10 b7] [b9] [b11] [b13]]
choosePivotCmpFunc[go.shape.*uint8], 11, 11, []
heapSortCmpFunc[go.shape.interface { End() go/token.Pos; Pos() go/token.Pos }], 14, 7, [[b1] [b2 b4] [b5] [b6 b15 b14 b17 b8 b10 b7] [b9] [b11] [b13]]
choosePivotCmpFunc[go.shape.interface { End() go/token.Pos; Pos() go/token.Pos }], 11, 11, []
.eq.go/ast.SliceExpr, 27, 27, []
(*File).End, 3, 3, []
partitionCmpFunc[go.shape.interface { End() go/token.Pos; Pos() go/token.Pos }], 69, 39, [[b1] [b3] [b2] [b5] [b8] [b76] [b89] [b87] [b10 b12 b14 b86 b18 b15] [b17] [b13] [b20 b22 b24 b84 b28 b25] [b27] [b23] [b30] [b41] [b40] [b43] [b46] [b58] [b79] [b71] [b49 b47 b44 b61 b50 b74 b72 b65 b66 b78 b70 b62 b67 b55 b64 b56 b82 b60 b52 b57 b54] [b59] [b69] [b75] [b77] [b51] [b83] [b88] [b42] [b45] [b39] [b31] [b33] [b38] [b68] [b85] [b81]]
partitionCmpFunc[go.shape.*uint8], 69, 39, [[b1] [b3] [b2] [b5] [b8] [b76] [b89] [b87] [b10 b12 b14 b86 b18 b15] [b17] [b13] [b20 b22 b24 b84 b28 b25] [b27] [b23] [b30] [b41] [b40] [b43] [b46] [b58] [b79] [b71] [b49 b47 b44 b61 b50 b74 b72 b65 b66 b78 b70 b62 b67 b55 b64 b56 b82 b60 b52 b57 b54] [b59] [b69] [b75] [b77] [b51] [b83] [b88] [b42] [b45] [b39] [b31] [b33] [b38] [b68] [b85] [b81]]
.eq.go/ast.RangeStmt, 26, 26, []
partitionCmpFunc[go.shape.interface { End() go/token.Pos; Pos() go/token.Pos; go/ast.specNode() }], 69, 39, [[b1] [b3] [b2] [b5] [b8] [b76] [b89] [b87] [b10 b12 b14 b86 b18 b15] [b17] [b13] [b20 b22 b24 b84 b28 b25] [b27] [b23] [b30] [b41] [b40] [b43] [b46] [b58] [b79] [b71] [b49 b47 b44 b61 b50 b74 b72 b65 b66 b78 b70 b62 b67 b55 b64 b56 b82 b60 b52 b57 b54] [b59] [b69] [b75] [b77] [b51] [b83] [b88] [b42] [b45] [b39] [b31] [b33] [b38] [b68] [b85] [b81]]
partitionOrdered[go.shape.string], 69, 39, [[b1] [b3] [b2] [b5] [b8] [b120] [b133] [b131] [b10 b12 b14 b130 b30 b15] [b17] [b13] [b31 b33 b35 b128 b51 b36] [b38] [b34] [b52] [b63] [b62] [b65] [b68] [b107] [b123] [b109] [b71 b104 b103 b108 b72 b118 b116 b98 b99 b122 b115 b95 b100 b77 b97 b78 b126 b94 b74 b79 b76] [b81] [b102] [b119] [b121] [b73] [b127] [b132] [b101] [b88] [b87] [b53] [b55] [b60] [b114] [b129] [b125]]
(*CommentMap).addComment, 18, 18, []
(*pkgBuilder).declare, 18, 18, []
(*ValueSpec).End, 7, 7, []
.eq.go/ast.Directive, 17, 17, []
(*CommentMap).Update, 12, 12, []
NotNilFilter, 22, 22, []
PackageExports, 4, 3, [[b1] [b2 b4] [b8]]
FilterPackage, 4, 3, [[b1] [b2 b4] [b8]]
(*printer).print, 153, 128, [[b1] [b3] [b6] [b5] [b8] [b12] [b26] [b30] [b24] [b184] [b186] [b188] [b189] [b132] [b191] [b192] [b196] [b197 b199 b110 b206 b201 b101 b220 b204 b217 b109 b205 b213 b203 b100 b212 b207 b209] [b200] [b223] [b222] [b219] [b216] [b211] [b195] [b128] [b130] [b129] [b131] [b139] [b141] [b143] [b148] [b147] [b150] [b151] [b159] [b145] [b161] [b168] [b169 b171 b177 b173] [b172] [b160] [b183] [b182] [b179] [b176] [b163] [b154] [b134] [b138] [b137] [b27] [b78] [b81] [b82] [b86] [b79] [b85] [b76] [b11] [b15] [b19] [b13] [b224] [b227] [b226] [b230] [b54] [b238] [b242] [b237] [b245] [b249] [b248] [b229] [b234] [b228] [b236] [b250] [b258] [b262] [b261] [b253] [b257] [b256] [b36] [b38] [b40] [b45] [b167] [b47] [b48] [b56] [b165] [b58] [b61] [b62 b64 b68 b63] [b65] [b57] [b74] [b73] [b70] [b67] [b60] [b51] [b20] [b87] [b89] [b91] [b92] [b158] [b94] [b95] [b103] [b156] [b105] [b112] [b113 b115 b121 b117] [b116] [b104] [b127] [b9] [b126] [b123] [b120] [b107] [b98]]
(*Scope).String, 17, 16, [[b2] [b12] [b5] [b6] [b7] [b4] [b18] [b9] [b10] [b11 b13] [b14] [b17] [b23] [b20] [b22] [b21]]
(*pkgBuilder).error, 13, 13, []
isDirective, 35, 26, [[b1] [b15] [b11] [b27] [b13] [b54] [b12] [b3] [b25] [b18] [b24] [b28] [b38] [b39] [b41] [b43 b45 b48 b57 b44 b6 b5 b53 b51 b47] [b46] [b50] [b58] [b17] [b16] [b42] [b49] [b30] [b29] [b37]]
updateBasicLitPos, 7, 7, []
(*CommentGroup).Text, 113, 34, [[b1] [b3] [b2] [b6] [b13] [b4] [b15 b196 b10 b203 b17 b16] [b27] [b29 b31 b54 b150 b47 b8 b164 b49 b180 b43 b52 b177 b38 b176 b34 b160 b30 b60 b56 b161 b157 b167 b155 b159 b165 b119 b7 b5 b118 b112 b163 b61 b117 b36 b46 b51 b53 b57 b172 b55 b9 b179 b151 b39 b148 b147 b131 b45 b42 b132 b128 b138 b126 b130 b136 b120 b201 b162 b133 b48 b134] [b32] [b182 b184 b50 b135 b44 b186 b199 b143 b187 b189 b194 b183 b193 b25 b21] [b185] [b197] [b198] [b12] [b200] [b18] [b205] [b11] [b206] [b207] [b181] [b124] [b122] [b204] [b191] [b195] [b35] [b58] [b123] [b144] [b154] [b173] [b20]]
summary, 28, 16, [[b2] [b3 b5 b7 b4 b9 b11] [b48] [b13] [b14] [b52] [b25] [b28] [b31] [b24] [b34] [b37] [b38] [b39 b41 b44 b51 b46 b45 b50 b47] [b42] [b29]]
Compare[go.shape.string], 5, 5, []
Compare[go.shape.int], 5, 5, []
Compare[string], 6, 6, []
NewCommentMap, 97, 19, [[b1] [b2] [b98] [b4] [b95] [b7] [b94] [b9] [b8] [b5] [b34] [b81] [b79] [b10 b12 b67 b89 b76 b64 b96 b75 b83 b93 b97 b100 b18 b92 b69 b78 b84 b14 b20 b66 b70 b85 b86 b17 b16 b99 b87 b88 b11 b24 b57 b68 b35 b61 b74 b77 b71 b6 b37 b82 b32 b73 b27 b54 b56 b59 b29 b43 b58 b38 b49 b51 b55 b65 b62 b48 b47 b46 b45 b44 b30 b31 b39 b41 b40 b50 b33 b26 b60 b53 b42 b36 b91 b28 b90 b80 b72 b25 b19] [b13] [b23] [b52] [b63] [b3]]
CommentMap.String, 36, 12, [[b1] [b2 b31 b34 b38 b4 b35 b10 b11 b3 b9 b27 b23 b21 b8 b6] [b5] [b20] [b12] [b15] [b17 b19 b14 b32 b24 b25 b29 b18 b36 b28 b26] [b37] [b43] [b40] [b42] [b41]]
Compare[go/token.Pos], 6, 6, []
(*CommentGroup).Text.SplitSeq.splitSeq.func1, 27, 13, [[b1] [b2] [b17 b11 b21 b25 b18 b26 b24 b20] [b23] [b27] [b29] [b19] [b3] [b4 b8 b28 b22 b6 b12 b10 b5] [b7] [b9] [b13] [b15]]
(*directiveScanner).skipSpace, 20, 15, [[b1] [b2 b4 b6 b7 b8 b3] [b5] [b10] [b11] [b12] [b16] [b15] [b13] [b14] [b18] [b19] [b20] [b17] [b9]]
NewPackage, 98, 17, [[b2] [b9] [b85] [b80] [b3 b5 b15 b20 b60 b49 b17 b8 b13 b7 b19 b4 b11 b10] [b6] [b21 b23 b26 b79 b73 b71 b97 b16 b22 b27 b87 b69 b66 b64 b68 b12 b25 b88 b43 b34 b94 b29 b95 b14 b96 b82 b31 b65 b76 b83 b30 b33 b74 b81 b36 b42 b46 b70 b32 b59 b41 b57 b58 b67 b72 b39 b54 b38 b62 b35 b52 b56 b61 b1 b77 b47 b48 b40 b50 b93 b51 b44 b63 b55 b45 b28 b24 b18 b37] [b89] [b90] [b91] [b92] [b98] [b78] [b75] [b86] [b84] [b53]]
(*directiveScanner).takeNonSpace, 20, 15, [[b1] [b2 b4 b6 b7 b8 b3] [b5] [b10] [b12] [b21] [b14] [b13] [b16] [b17] [b20] [b22] [b19] [b15] [b18]]
MergePackageFiles, 168, 61, [[b1] [b2] [b3] [b4] [b7] [b14] [b5] [b16 b18 b101 b31 b28 b75 b27 b24 b95 b23 b125 b157 b148 b20 b17] [b32] [b26] [b34] [b35 b37 b22 b48 b36 b45 b41 b56 b8 b97 b160 b77 b40 b159 b104 b47 b43 b46 b42] [b38] [b158] [b122] [b117] [b33] [b6] [b55] [b57 b59 b61 b58 b52 b161 b54 b63 b65 b113 b70 b62 b105 b89 b69 b100 b91 b67 b68 b13 b102 b88 b66 b162 b51 b49 b39 b87 b74 b103 b94 b92 b85 b98 b86 b73 b96 b90 b83 b84 b72 b71 b81 b64 b82 b80 b78 b79 b76] [b60] [b30] [b108] [b109 b111 b29 b11 b110 b163 b12 b115 b114] [b112] [b118] [b119] [b107] [b53] [b123] [b138 b140 b143 b144 b139] [b141] [b124] [b126 b128 b130 b127 b132 b25 b9 b131 b164 b10 b137 b19 b136 b135] [b129] [b121] [b156] [b146] [b147 b149 b151] [b150] [b155] [b168] [b134] [b133] [b167] [b145] [b142] [b166] [b15] [b153] [b165] [b152] [b120] [b154] [b116] [b93] [b99] [b106] [b44] [b50] [b21]]
fprint, 13, 13, []
medianOrdered[go.shape.string], 22, 22, []
ParseDirective, 37, 28, [[b1] [b3] [b2] [b7] [b6] [b11] [b14] [b10] [b21] [b22] [b48] [b42] [b26] [b27] [b29] [b31 b33 b36 b46 b32 b17 b13 b45 b39 b35] [b34] [b49] [b50] [b53] [b55] [b57] [b58] [b38] [b47] [b37] [b24] [b30]]
fprint.func1, 9, 9, []
.eq.[2]interface {}, 10, 7, [[b1] [b2 b4 b8 b3] [b5] [b7] [b6] [b9] [b10]]
.eq.[2]string, 12, 10, [[b1] [b3] [b2] [b6] [b5] [b7 b9 b8] [b10] [b12] [b4] [b13]]
.eq.[10]string, 19, 13, [[b1] [b2 b4 b9 b6 b3] [b5] [b14] [b13] [b15 b17 b16] [b18] [b20] [b7] [b10] [b12] [b8] [b21]]
.eq.[3]interface {}, 10, 7, [[b1] [b2 b4 b8 b3] [b5] [b7] [b6] [b9] [b10]]
