playExample.func3, 10, 10, []
sortedValues.func1, 30, 30, []
medianCmpFunc[go.shape.interface { End() go/token.Pos; Pos() go/token.Pos; go/ast.declNode() }], 22, 22, []
findImportGroupStarts1.func1, 12, 12, []
medianCmpFunc[go.shape.*uint8], 22, 22, []
medianOrdered[go.shape.string], 22, 22, []
assumedPackageName, 100, 66, [[b1] [b2] [b5 b7 b9] [b127] [b129] [b8] [b17 b19 b23] [b20] [b22] [b25] [b93] [b27] [b29] [b28] [b26] [b30] [b31] [b3] [b4] [b69] [b41] [b84] [b44] [b47] [b51] [b57] [b43] [b50] [b49] [b53] [b56 b58 b60] [b18] [b33] [b59] [b68 b70 b74] [b71] [b73] [b76] [b10] [b78] [b80] [b79] [b77] [b81] [b82] [b54] [b55] [b48] [b61] [b46] [b42] [b138] [b91] [b6] [b92] [b94] [b97] [b98 b100 b131 b102 b119 b95 b87 b86 b115 b112 b124 b111 b107 b105 b118 b108 b130 b103 b104 b123 b128 b126 b99 b122 b121 b125 b120] [b101] [b133] [b135] [b85] [b137] [b139] [b140] [b136]]
playExample, 240, 56, [[b1] [b191] [b9] [b235] [b11] [b12] [b14 b16 b20 b21 b38 b50 b15 b27 b30 b220 b41 b47 b22 b119 b35 b148 b236 b113 b193 b37 b49 b19 b23 b31 b39 b40 b138 b210 b53 b54 b115 b74 b29 b46 b48 b60 b63 b125 b121 b71 b112 b212 b55 b109 b68 b62 b70 b102 b43 b142 b218 b52 b56 b64 b123 b104 b45 b73] [b17] [b75 b77 b80 b98 b132 b76 b118 b100 b84 b86 b127 b105 b106 b88 b91 b130 b131 b93 b107 b155 b122 b129 b89 b87 b85 b81 b110 b124 b42 b154 b120 b128 b126 b101 b97 b95 b108 b153 b114 b79 b99 b103 b83 b152 b150 b147 b146 b145 b140 b143 b139 b137 b135 b134 b94 b136 b117 b96 b90 b111 b92 b133] [b78] [b156 b158 b4 b165 b162 b204 b196 b160 b3 b161 b157] [b159] [b166] [b167] [b168] [b169] [b171 b173 b195 b65 b175 b72 b67 b172 b180 b194 b179 b178] [b174] [b181 b183 b192 b57 b188 b190 b69 b59 b189 b199 b185 b186 b198 b197] [b184] [b200 b202 b206 b207 b224 b228 b201 b213 b216 b177 b34 b163 b26 b208 b182 b221 b223 b66 b44 b215 b61 b32 b205 b209 b217 b227 b231 b164 b226 b151 b230 b225 b229] [b203] [b234] [b233] [b237] [b33] [b242] [b232] [b36] [b244] [b243] [b51] [b10] [b5] [b58] [b24] [b13] [b240] [b239] [b238] [b149] [b241] [b245] [b25] [b214] [b211] [b28] [b222] [b219] [b187] [b176] [b170] [b144] [b141] [b116] [b82]]
map.init.0, 4, 4, []
(*reader).filterType, 89, 86, [[b1] [b4] [b5] [b25] [b18] [b22] [b24] [b27] [b17] [b34] [b36] [b31] [b33] [b37] [b39] [b16] [b40] [b42] [b15] [b28] [b30] [b43] [b45] [b49] [b51] [b55] [b14] [b76] [b78] [b108] [b92] [b93 b95] [b96] [b97] [b105] [b99] [b100 b102] [b103] [b104] [b101] [b106] [b107 b109] [b110] [b111] [b57] [b61] [b13] [b52] [b54] [b19] [b88] [b87] [b63] [b67] [b69] [b73] [b12] [b82] [b84] [b98] [b113] [b112] [b11] [b46] [b48] [b10] [b64] [b66] [b21] [b86] [b85] [b75] [b79] [b9] [b70] [b72] [b81] [b8] [b58] [b60] [b6] [b90] [b89] [b3] [b7] [b2]]
map.init.1, 4, 4, []
(*reader).filterParamList, 7, 6, [[b1] [b5] [b3] [b4 b6] [b7] [b2]]
(*Package).Parser, 7, 7, []
(*methodSet).set, 3, 3, []
baseTypeName, 27, 27, []
(*Package).lookupSym, 3, 3, []
copyConstType, 28, 28, []
recvString, 97, 79, [[b1] [b4] [b3] [b7] [b27] [b139] [b35] [b39] [b34] [b41] [b45] [b46] [b48] [b26] [b31] [b25] [b33] [b50] [b51] [b55] [b54] [b56] [b58] [b61] [b60] [b62] [b66] [b65] [b67] [b69] [b113] [b70] [b72] [b74] [b73] [b78] [b79] [b80] [b84] [b83] [b85] [b87] [b90] [b89] [b92] [b95] [b94] [b96 b98 b125 b126 b123 b120 b121 b116 b119 b115 b114 b110 b108 b109 b106 b103 b104 b97 b102] [b99] [b131] [b130] [b132] [b134] [b111] [b135] [b138] [b144] [b141] [b143] [b142] [b133] [b122] [b105] [b86] [b68] [b57] [b6] [b10] [b137] [b18] [b22] [b17] [b24] [b9] [b14] [b8] [b5] [b2] [b16]]
order2Ordered[go.shape.string], 7, 7, []
order2CmpFunc[go.shape.*uint8], 7, 7, []
sortingName, 11, 11, []
order2CmpFunc[go.shape.interface { End() go/token.Pos; Pos() go/token.Pos; go/ast.declNode() }], 7, 7, []
(*reader).filterDecl, 17, 17, []
(*reader).filterSpec, 77, 70, [[b1] [b4] [b3] [b7] [b16] [b57] [b24] [b28] [b23] [b30] [b15] [b20] [b14] [b22] [b18] [b60] [b46] [b32] [b31] [b37] [b12] [b27] [b25] [b50] [b51] [b44] [b36] [b38 b40 b43 b17 b39 b9 b19 b45] [b47] [b48] [b35] [b49] [b6] [b11] [b5] [b13] [b54] [b66] [b69] [b29] [b26] [b70] [b58] [b72] [b74] [b77] [b67] [b59] [b21] [b73] [b52] [b2] [b53] [b56] [b41] [b55] [b42] [b61] [b64] [b76] [b71] [b68] [b75] [b10] [b8] [b65] [b34] [b33] [b62] [b63]]
removeStar, 6, 6, []
matchFields, 12, 7, [[b1] [b12] [b3] [b4 b6 b8 b5 b10 b9] [b7] [b2] [b13]]
siftDownCmpFunc[go.shape.*uint8], 22, 8, [[b1] [b3 b27 b22 b29 b4 b18 b16 b14 b26 b15 b24 b8 b6 b10 b9] [b11] [b13] [b17] [b19] [b21] [b5]]
breakPatternsCmpFunc[go.shape.*uint8], 17, 8, [[b1] [b18] [b6] [b7 b19 b3 b21 b9 b14 b12 b16 b13 b11] [b10] [b2] [b15] [b17]]
breakPatternsCmpFunc[go.shape.interface { End() go/token.Pos; Pos() go/token.Pos; go/ast.declNode() }], 17, 8, [[b1] [b18] [b6] [b7 b19 b3 b21 b9 b14 b12 b16 b13 b11] [b10] [b2] [b15] [b17]]
breakPatternsOrdered[go.shape.string], 17, 8, [[b1] [b18] [b6] [b7 b19 b3 b21 b9 b14 b12 b16 b13 b11] [b10] [b2] [b15] [b17]]
siftDownCmpFunc[go.shape.interface { End() go/token.Pos; Pos() go/token.Pos; go/ast.declNode() }], 22, 8, [[b1] [b3 b27 b22 b29 b4 b18 b16 b14 b26 b15 b24 b8 b6 b10 b9] [b11] [b13] [b17] [b19] [b21] [b5]]
(*reader).readNotes, 20, 5, [[b1] [b2 b4 b13 b22 b9 b20 b6 b3 b8 b19 b12 b7 b15 b16 b11 b14] [b5] [b23] [b17]]
insertionSortCmpFunc[go.shape.interface { End() go/token.Pos; Pos() go/token.Pos; go/ast.declNode() }], 21, 7, [[b1] [b2 b4 b10 b20 b14 b6 b12 b3 b21 b11 b18 b23 b8 b16 b7] [b5] [b13] [b15] [b17] [b19]]
(*Package).collectInterfaceMethods, 34, 3, [[b1] [b2 b4 b10 b35 b39 b8 b33 b36 b6 b7 b25 b32 b34 b38 b3 b11 b40 b13 b14 b22 b30 b37 b42 b9 b20 b23 b15 b24 b27 b28 b12 b16] [b5]]
(*reader).isPredeclared, 4, 4, []
(*Package).collectFuncs, 15, 4, [[b1] [b2 b4 b26 b8 b19 b30 b3 b25 b27 b20 b18 b17] [b5] [b29]]
(*Package).collectTypes, 19, 3, [[b1] [b2 b4 b7 b25 b3 b17 b16 b19 b8 b21 b6 b10 b18 b23 b12 b9 b14] [b5]]
(*Package).collectValues, 7, 3, [[b1] [b2 b4 b6 b3 b8] [b5]]
(*reader).remember, 16, 16, []
insertionSortOrdered[go.shape.string], 21, 7, [[b1] [b2 b4 b10 b31 b26 b6 b12 b3 b32 b11 b29 b34 b8 b27 b7] [b5] [b13] [b15] [b28] [b30]]
siftDownOrdered[go.shape.string], 22, 8, [[b1] [b3 b49 b44 b51 b4 b41 b27 b25 b48 b26 b46 b8 b6 b10 b9] [b11] [b13] [b28] [b30] [b43] [b5]]
insertionSortCmpFunc[go.shape.*uint8], 21, 7, [[b1] [b2 b4 b10 b20 b14 b6 b12 b3 b21 b11 b18 b23 b8 b16 b7] [b5] [b13] [b15] [b17] [b19]]
(*reader).isVisible, 4, 4, []
(*reader).readDoc, 9, 9, []
(*reader).readFunc, 104, 47, [[b1] [b75] [b3] [b100] [b78] [b40] [b2] [b4] [b41] [b26] [b27 b28] [b30] [b33] [b31] [b35] [b36 b38 b72 b55 b59 b92 b84 b58 b69 b63 b50 b99 b86 b56 b70 b60 b15 b54 b90 b81 b85 b65 b57 b62 b45 b91 b53 b43 b80 b83 b76 b64 b16 b48 b51 b42 b44 b97 b98 b79 b103 b77 b61 b66 b46 b37 b73 b71 b95 b96 b67 b93 b94 b74 b104 b68 b82] [b25] [b87] [b39] [b88] [b34] [b89] [b5] [b8] [b10] [b13] [b6] [b12] [b14] [b18] [b21] [b102] [b17] [b9] [b101] [b32] [b29] [b22] [b52] [b49] [b19] [b20] [b47] [b24] [b23] [b11] [b7]]
methodSet.add, 18, 18, []
(*reader).cleanupTypes, 50, 3, [[b1] [b2 b4 b13 b37 b34 b43 b44 b17 b6 b26 b48 b49 b50 b41 b31 b9 b8 b12 b25 b28 b14 b11 b7 b10 b22 b27 b30 b3 b35 b23 b42 b15 b45 b36 b46 b32 b29 b47 b16 b19 b24 b33 b20 b21 b18 b38 b39 b40] [b5]]
matchDecl, 59, 7, [[b1] [b2 b4 b8 b9 b29 b34 b3 b15 b18 b26 b36 b37 b67 b82 b10 b81 b23 b25 b28 b32 b43 b46 b66 b59 b65 b74 b7 b11 b19 b27 b17 b38 b80 b51 b45 b56 b53 b71 b35 b39 b47 b55 b58 b70 b73 b60 b75 b57 b62 b72 b77 b61 b76] [b5] [b31] [b83] [b68] [b33]]
hasExportedName, 6, 4, [[b1] [b2 b4 b6] [b5] [b8]]
(*reader).readNote, 66, 49, [[b1] [b49] [b3] [b5] [b4] [b7] [b6] [b8 b10 b31 b23 b18 b35 b26 b27 b14 b21 b25 b50 b47 b30 b9 b12 b24 b22] [b11] [b66] [b28] [b65] [b29] [b34] [b36] [b20] [b38] [b40] [b39] [b42] [b41] [b44] [b43] [b46] [b45] [b48] [b52] [b54] [b53] [b56] [b55] [b58] [b57] [b60] [b59] [b15] [b51] [b33] [b19] [b61] [b63] [b32] [b17] [b62] [b64] [b16] [b13] [b37] [b2]]
fields, 17, 17, []
filterCompositeLit, 7, 7, []
lookupTypeParam, 14, 6, [[b1] [b3] [b2] [b4 b6 b8 b5 b10 b12 b11 b9 b14] [b7] [b13]]
reverseRangeCmpFunc[go.shape.interface { End() go/token.Pos; Pos() go/token.Pos; go/ast.declNode() }], 11, 5, [[b1] [b2 b11 b10 b13 b4 b6 b3] [b5] [b7] [b9]]
IsPredeclared, 6, 6, []
pdqsortCmpFunc[go.shape.*uint8], 65, 15, [[b1] [b3 b4 b65 b66 b58 b67 b68 b53 b62 b64 b54 b60 b24 b56 b59 b40 b28 b15 b55 b52 b50 b35 b26 b49 b33 b37 b43 b34 b36 b27 b31 b47 b29 b6 b39 b41 b38] [b61] [b63] [b57] [b42] [b44] [b32] [b7] [b8 b10 b16 b45 b20 b12 b18 b9 b46 b17 b51 b48 b14 b22 b13] [b30] [b19] [b21] [b23] [b25]]
reverseRangeOrdered[go.shape.string], 11, 5, [[b1] [b2 b11 b10 b13 b4 b6 b3] [b5] [b7] [b9]]
pdqsortCmpFunc[go.shape.interface { End() go/token.Pos; Pos() go/token.Pos; go/ast.declNode() }], 65, 15, [[b1] [b3 b4 b65 b66 b58 b67 b68 b53 b62 b64 b54 b60 b24 b56 b59 b40 b28 b15 b55 b52 b50 b35 b26 b49 b33 b37 b43 b34 b36 b27 b31 b47 b29 b6 b39 b41 b38] [b61] [b63] [b57] [b42] [b44] [b32] [b7] [b8 b10 b16 b45 b20 b12 b18 b9 b46 b17 b51 b48 b14 b22 b13] [b30] [b19] [b21] [b23] [b25]]
updateIdentList, 10, 3, [[b1] [b2 b4 b7 b6 b3 b8 b10 b9] [b5]]
pdqsortOrdered[go.shape.string], 45, 9, [[b1] [b3 b4 b53 b54 b35 b55 b56 b22 b51 b52 b31 b37 b39 b33 b36 b25 b23 b49 b32 b29 b27 b12 b43 b26 b10 b14 b50 b11 b13 b44 b8 b20 b45 b6 b16 b18 b15] [b38] [b40] [b34] [b19] [b21] [b9] [b7]]
reverseRangeCmpFunc[go.shape.*uint8], 11, 5, [[b1] [b2 b11 b10 b13 b4 b6 b3] [b5] [b7] [b9]]
partialInsertionSortCmpFunc[go.shape.interface { End() go/token.Pos; Pos() go/token.Pos; go/ast.declNode() }], 51, 10, [[b1] [b2 b4 b64 b53 b28 b54 b59 b60 b33 b50 b56 b65 b58 b39 b49 b47 b51 b44 b67 b30 b36 b40 b57 b26 b29 b61 b52 b20 b42 b63 b18 b32 b16 b9 b10 b62 b14 b6 b12 b3 b8 b11] [b5] [b13] [b15] [b21] [b23] [b55] [b19] [b17]]
partitionEqualCmpFunc[go.shape.interface { End() go/token.Pos; Pos() go/token.Pos; go/ast.declNode() }], 34, 14, [[b1] [b3] [b2] [b5] [b8] [b29] [b43] [b41] [b11 b21 b19 b31 b12 b36 b34 b27 b28 b38 b32 b24 b30 b17 b26 b18 b40 b22 b14 b20 b16] [b23] [b33] [b37] [b39] [b13]]
init, 13, 13, []
(*reader).readFile, 120, 27, [[b1] [b79] [b3] [b4] [b109] [b97] [b82] [b5] [b110] [b81] [b63] [b6] [b61] [b8] [b111] [b58] [b20] [b7] [b2] [b9 b11 b15 b16 b24 b10 b56 b21 b25 b44 b31 b85 b90 b14 b17 b28 b35 b41 b29 b40 b84 b86 b87 b30 b37 b34 b43 b26 b80 b78 b89 b27 b48 b50 b23 b75 b105 b106 b107 b83 b47 b39 b59 b38 b93 b114 b94 b45 b46 b49 b32 b66 b91 b92 b76 b42 b62 b99 b73 b88 b115 b77 b52 b112 b18 b104 b95 b98 b36 b54 b67 b119 b120 b113 b96 b51 b33 b55 b64 b71 b70 b74 b117 b118 b57 b13 b65 b102 b103 b68 b53 b60 b22 b19] [b12] [b108] [b101] [b116] [b72] [b69] [b100]]
partialInsertionSortCmpFunc[go.shape.*uint8], 51, 10, [[b1] [b2 b4 b64 b53 b28 b54 b59 b60 b33 b50 b56 b65 b58 b39 b49 b47 b51 b44 b67 b30 b36 b40 b57 b26 b29 b61 b52 b20 b42 b63 b18 b32 b16 b9 b10 b62 b14 b6 b12 b3 b8 b11] [b5] [b13] [b15] [b21] [b23] [b55] [b19] [b17]]
partitionEqualCmpFunc[go.shape.*uint8], 34, 14, [[b1] [b3] [b2] [b5] [b8] [b29] [b43] [b41] [b11 b21 b19 b31 b12 b36 b34 b27 b28 b38 b32 b24 b30 b17 b26 b18 b40 b22 b14 b20 b16] [b23] [b33] [b37] [b39] [b13]]
partialInsertionSortOrdered[go.shape.string], 51, 10, [[b1] [b2 b4 b97 b75 b39 b89 b92 b93 b44 b72 b90 b98 b91 b61 b71 b83 b73 b82 b100 b41 b59 b76 b84 b37 b40 b94 b74 b31 b78 b96 b29 b43 b27 b9 b10 b95 b26 b6 b12 b3 b8 b11] [b5] [b13] [b15] [b32] [b34] [b77] [b30] [b28]]
partitionEqualOrdered[go.shape.string], 34, 14, [[b1] [b3] [b2] [b5] [b8] [b54] [b65] [b63] [b11 b48 b47 b49 b12 b58 b56 b38 b39 b60 b55 b35 b41 b17 b37 b18 b62 b34 b14 b20 b16] [b23] [b44] [b59] [b61] [b13]]
(*reader).fileExports, 14, 6, [[b1] [b2 b4 b6 b13 b3 b14 b10 b8 b7] [b5] [b11] [b12] [b9]]
specNames, 15, 4, [[b1] [b2 b4 b8 b6 b11 b3 b15 b13 b10 b14 b12 b9] [b5] [b7]]
filterIdentList, 14, 6, [[b1] [b2 b4 b6 b13 b3 b14 b10 b8 b7] [b5] [b11] [b12] [b9]]
filterExprList, 33, 6, [[b1] [b2 b4 b32 b33 b29 b22 b40 b28 b30 b38 b25 b6 b19 b8 b9 b17 b36 b11 b3 b15 b18 b10 b35 b37 b7 b26 b23 b31] [b5] [b41] [b42] [b39]]
filterTypes, 55, 10, [[b1] [b2 b4 b46 b45 b6 b55 b44 b7 b43 b37 b3 b54 b13 b36 b34 b25 b22 b32 b24 b52 b35 b48 b19 b21 b23 b53 b26 b12 b28 b9 b27 b30 b11 b49 b39 b47 b20 b42 b10 b51 b33 b50 b17 b15 b8 b14] [b5] [b40] [b41] [b18] [b31] [b29] [b16] [b38]]
filterFuncs, 14, 6, [[b1] [b2 b4 b6 b13 b3 b14 b10 b8 b7] [b5] [b11] [b12] [b9]]
filterValues, 14, 6, [[b1] [b2 b4 b6 b13 b3 b14 b10 b8 b7] [b5] [b11] [b12] [b9]]
noteBodies, 20, 6, [[b1] [b2 b14 b20 b7 b4 b15 b10 b11 b3 b9 b16 b17 b18 b8 b6] [b5] [b19] [b12] [b13]]
(*reader).collectEmbeddedMethods, 31, 3, [[b1] [b2 b4 b7 b22 b11 b8 b6 b10 b3 b18 b9 b15 b19 b29 b21 b28 b23 b17 b16 b30 b12 b26 b27 b14 b25 b13 b31 b24 b20] [b5]]
splitExampleName, 7, 7, []
.eq.struct { Cache *struct { Mask uintptr; Entries [1]struct { Typ uintptr; Itab uintptr } }; Inter *struct { Type struct { Size_ uintptr; PtrBytes uintptr; Hash uint32; TFlag uint8; Align_ uint8; FieldAlign_ uint8; Kind_ uint8; Equal unsafe.Pointer; GCData *uint8; Str int32; PtrToThis int32 }; PkgPath struct { Bytes *uint8 }; Methods []struct { Name int32; Typ int32 } }; CanFail bool }, 6, 6, []
(*reader).computeMethodSets, 13, 5, [[b1] [b2 b4 b9 b8 b3] [b5] [b10 b12 b14 b11 b16] [b13]]
(*reader).filterSpecList, 72, 13, [[b1] [b48] [b3] [b4 b6 b56 b57 b51 b47 b14 b49 b45 b36 b70 b71 b72 b27 b53 b12 b10 b8 b40 b5 b54 b28 b20 b30 b66 b18 b34 b22 b23 b44 b31 b69 b19 b29 b32 b43 b24 b16 b26 b15 b38 b37 b41 b42 b21 b55 b25 b33 b39 b13 b62 b46] [b7] [b2] [b58 b60 b35 b50 b59 b11 b52 b64 b63] [b61] [b67] [b68] [b65] [b9] [b17]]
exampleOutput, 15, 15, []
recvParam, 3, 3, []
removeAnonymousField, 29, 12, [[b1] [b2 b4 b22 b20 b6 b26 b17 b23 b8 b13 b3 b24 b9 b12 b28 b29 b10 b7] [b5] [b25] [b16] [b15] [b18] [b19] [b27] [b11] [b21] [b14]]
(*methodSet).add, 21, 21, []
findImportGroupStarts, 7, 3, [[b1] [b2 b4 b8 b10 b3] [b5]]
assumedPackageName.func1, 22, 22, []
clean, 26, 9, [[b1] [b2 b4 b25 b17 b12 b26 b20 b21 b8 b15 b19 b11 b10 b7 b3 b27 b18 b16] [b5] [b23] [b22] [b29] [b6] [b28] [b24]]
(*Package).lookupPackage, 10, 10, []
firstSentence, 38, 11, [[b1] [b2 b4 b33 b27 b17 b40 b22 b32 b15 b35 b26 b13 b21 b25 b24 b37 b14 b20 b19 b23 b11 b29 b9 b18 b6 b7 b8 b3] [b5] [b34] [b16] [b36] [b38] [b39] [b28] [b30] [b31]]
heapSortCmpFunc[go.shape.interface { End() go/token.Pos; Pos() go/token.Pos; go/ast.declNode() }], 14, 7, [[b1] [b2 b4] [b5] [b6 b15 b14 b17 b8 b10 b7] [b9] [b11] [b13]]
.eq.go/doc.Note, 13, 13, []
heapSortOrdered[go.shape.string], 14, 7, [[b1] [b2 b4] [b5] [b6 b15 b14 b17 b8 b10 b7] [b9] [b11] [b13]]
choosePivotOrdered[go.shape.string], 11, 11, []
methodSet.set, 24, 24, []
choosePivotCmpFunc[go.shape.interface { End() go/token.Pos; Pos() go/token.Pos; go/ast.declNode() }], 11, 11, []
choosePivotCmpFunc[go.shape.*uint8], 11, 11, []
(*reader).filterFieldList, 51, 11, [[b1] [b3] [b2] [b4 b6 b35 b44 b8 b50 b43 b11 b42 b32 b14 b13 b49 b41 b31 b15 b19 b9 b28 b12 b29 b40 b27 b5 b17 b48 b18 b16 b25 b10 b24 b21 b47 b30 b26 b39 b23 b20 b7 b36 b22] [b34] [b37] [b38] [b51] [b45] [b46] [b33]]
(*Package).lookupSym-fm, 4, 4, []
heapSortCmpFunc[go.shape.*uint8], 14, 7, [[b1] [b2 b4] [b5] [b6 b15 b14 b17 b8 b10 b7] [b9] [b11] [b13]]
partitionCmpFunc[go.shape.interface { End() go/token.Pos; Pos() go/token.Pos; go/ast.declNode() }], 69, 39, [[b1] [b3] [b2] [b5] [b8] [b76] [b89] [b87] [b10 b12 b14 b86 b18 b15] [b17] [b13] [b20 b22 b24 b84 b28 b25] [b27] [b23] [b30] [b41] [b40] [b43] [b46] [b58] [b79] [b71] [b49 b47 b44 b61 b50 b74 b72 b65 b66 b78 b70 b62 b67 b55 b64 b56 b82 b60 b52 b57 b54] [b59] [b69] [b75] [b77] [b51] [b83] [b88] [b42] [b45] [b39] [b31] [b33] [b38] [b68] [b85] [b81]]
partitionOrdered[go.shape.string], 69, 39, [[b1] [b3] [b2] [b5] [b8] [b120] [b133] [b131] [b10 b12 b14 b130 b30 b15] [b17] [b13] [b31 b33 b35 b128 b51 b36] [b38] [b34] [b52] [b63] [b62] [b65] [b68] [b107] [b123] [b109] [b71 b104 b103 b108 b72 b118 b116 b98 b99 b122 b115 b95 b100 b77 b97 b78 b126 b94 b74 b79 b76] [b81] [b102] [b119] [b121] [b73] [b127] [b132] [b101] [b88] [b87] [b53] [b55] [b60] [b114] [b129] [b125]]
partitionCmpFunc[go.shape.*uint8], 69, 39, [[b1] [b3] [b2] [b5] [b8] [b76] [b89] [b87] [b10 b12 b14 b86 b18 b15] [b17] [b13] [b20 b22 b24 b84 b28 b25] [b27] [b23] [b30] [b41] [b40] [b43] [b46] [b58] [b79] [b71] [b49 b47 b44 b61 b50 b74 b72 b65 b66 b78 b70 b62 b67 b55 b64 b56 b82 b60 b52 b57 b54] [b59] [b69] [b75] [b77] [b51] [b83] [b88] [b42] [b45] [b39] [b31] [b33] [b38] [b68] [b85] [b81]]
ToText, 10, 10, []
Examples, 86, 4, [[b1] [b2 b4 b63 b64 b56 b77 b5 b84 b85 b86 b82 b14 b54 b52 b9 b67 b6 b83 b66 b3 b8 b60 b16 b23 b29 b31 b33 b37 b39 b21 b13 b45 b42 b26 b28 b30 b34 b36 b81 b25 b12 b20 b19 b68 b27 b69 b32 b70 b71 b47 b10 b11 b17 b18 b24 b22 b73 b50 b51 b7 b15 b59 b49 b74 b75 b76 b58 b57 b78 b61 b48 b46 b55 b79 b62 b35 b80 b53 b44 b40 b72 b41 b38] [b65] [b43]]
lastComment, 14, 8, [[b1] [b3] [b4] [b5 b7 b14 b19 b12 b18 b6] [b13] [b10] [b20] [b8]]
(*Package).Text, 7, 7, []
(*reader).lookupType, 17, 17, []
ToHTML, 7, 7, []
(*Package).HTML, 7, 7, []
(*Package).Markdown, 7, 7, []
classifyExamples, 83, 15, [[b1] [b4] [b36] [b70] [b59] [b6 b8 b11 b34 b7 b30 b42 b10] [b9] [b12 b14 b17 b27 b13 b24 b21 b26 b18 b29 b35 b32 b20 b25 b80 b62 b78 b33 b23 b2 b44 b16 b19 b79 b5 b41 b39 b22 b38 b64 b40 b28] [b15] [b45 b47 b31 b43 b49 b83 b52 b46 b72 b58 b68 b66 b37 b67 b69 b63 b74 b82 b71 b61 b65 b81 b77 b57 b51 b55 b54 b56 b53 b50] [b48] [b73 b75] [b76] [b60] [b3]]
nameWithoutInst, 9, 9, []
isExampleSuffix, 13, 13, []
sortedKeys, 12, 7, [[b1] [b2] [b3] [b4] [b5 b8 b12 b9 b7 b6] [b11] [b10]]
sortedTypes, 21, 7, [[b1] [b2] [b3] [b4] [b5 b17 b21 b16 b7 b8 b18 b9 b13 b19 b12 b15 b20 b14 b6] [b11] [b10]]
sortedValues, 14, 6, [[b1] [b2 b4 b12 b13 b3 b6 b10 b8 b7] [b5] [b11] [b14] [b9]]
updateBasicLitPos, 7, 7, []
sortedFuncs, 30, 9, [[b1] [b2] [b3] [b4] [b5 b7 b27 b12 b25 b26 b6 b21 b31 b24 b22 b29 b18 b23 b19 b15 b16 b14 b17 b28 b13 b10] [b8] [b32] [b35] [b30]]
NewFromFiles, 72, 43, [[b1] [b3] [b7] [b5] [b6] [b69] [b9] [b8] [b2] [b13] [b18] [b35] [b33] [b34] [b58] [b37] [b36] [b19] [b22] [b21] [b23] [b25] [b29] [b27] [b28] [b68] [b31] [b30] [b24] [b14] [b10] [b38 b40 b47 b70 b71 b59 b72 b78 b80 b77 b86 b83 b84 b74 b66 b82 b49 b87 b76 b64 b63 b81 b79 b17 b20 b54 b45 b57 b44 b42] [b41] [b48] [b53] [b51] [b52] [b73] [b75] [b85] [b90] [b88] [b89]]
playExampleFile, 53, 22, [[b1] [b7] [b4] [b3] [b2] [b18] [b20] [b16] [b22 b17 b47 b21 b24 b13 b38 b39 b31 b37 b43 b44 b45 b12 b9 b6 b36 b34 b29 b48 b10 b28 b5 b26 b27 b49 b8 b23 b11 b50 b19 b33] [b40] [b52] [b30] [b25] [b51] [b35] [b32] [b46] [b41] [b42] [b53] [b15] [b14]]
(*Package).Filter, 26, 18, [[b1] [b24] [b15] [b16] [b23] [b12] [b6] [b22] [b10] [b13] [b2 b4 b21 b18 b3 b25 b17 b8 b7] [b5] [b11] [b14] [b26] [b19] [b20] [b9]]
findImportGroupStarts1, 40, 10, [[b1] [b4] [b11] [b13] [b14 b16 b5 b43 b33 b39 b32 b37 b23 b36 b35 b3 b9 b34 b21 b40 b10 b20 b22 b26 b15 b8 b29 b30 b24 b28 b7 b6 b12 b27 b25] [b17] [b42] [b44] [b45] [b41]]
Compare[go.shape.string], 5, 5, []
Compare[go.shape.int], 5, 5, []
(*Package).lookupPackage-fm, 11, 11, []
findDeclsAndUnresolved, 282, 12, [[b2] [b268] [b199] [b197] [b3 b5 b11 b12 b74 b80 b8 b18 b21 b109 b76 b77 b13 b129 b26 b73 b28 b79 b10 b14 b22 b114 b64 b83 b84 b189 b140 b58 b61 b78 b90 b93 b269 b191 b137 b131 b49 b60 b63 b85 b101 b98 b124 b127 b139 b43 b46 b65 b70 b71 b82 b86 b94 b125 b126 b88 b136 b141 b146 b147 b4 b34 b45 b48 b62 b68 b69 b123 b100 b135 b134 b138 b144 b145 b20 b31 b50 b55 b56 b66 b118 b116 b121 b122 b133 b132 b142 b75 b30 b33 b47 b53 b54 b115 b119 b120 b130 b81 b35 b40 b41 b51 b143 b96 b106 b117 b91 b32 b38 b39 b92 b103 b36 b128 b102 b105 b107 b112 b113 b104 b110 b111 b108 b99] [b6] [b149 b151 b155 b156 b167 b237 b150 b162 b165 b270 b169 b260 b241 b157 b72 b170 b174 b182 b168 b148 b154 b158 b166 b67 b177 b178 b179 b280 b171 b282 b153 b164 b176 b59 b57 b52 b172 b181 b245 b251 b175 b173 b87 b183 b263 b244 b266 b250 b273 b89 b185 b186 b203 b233 b242 b248 b218 b180 b192 b195 b42 b159 b258 b198 b239 b265 b249 b1 b217 b187 b44 b200 b194 b271 b161 b222 b278 b201 b238 b160 b216 b184 b188 b196 b206 b219 b236 b281 b163 b213 b37 b209 b210 b95 b221 b259 b235 b247 b211 b204 b208 b29 b27 b24 b272 b97 b254 b227 b234 b264 b246 b19 b212 b207 b205 b215 b220 b256 b214 b190 b202 b16 b7 b15 b277 b223 b279 b193 b275 b17 b232 b243 b226 b257 b240 b261 b262 b255 b23 b229 b276 b9 b224 b274 b25 b228 b231 b225] [b152] [b267] [b252] [b253] [b230]]
isTest, 17, 17, []
customizeRecv, 44, 44, []
hasIota, 19, 17, [[b1] [b18] [b10] [b9] [b2] [b3] [b5 b17 b6] [b8] [b7] [b11] [b19] [b4] [b16] [b12] [b14] [b15] [b13]]
(*reader).readValue, 98, 61, [[b1] [b2 b4 b10 b22 b8 b75 b28 b6 b7 b11 b76 b77 b3 b17 b20 b19 b24 b23 b72 b73 b74 b21 b15 b25 b12 b14 b9] [b43] [b78] [b79] [b29] [b5] [b30] [b80] [b33] [b35] [b81] [b36] [b32] [b83] [b37] [b82] [b40] [b42] [b85] [b41] [b84] [b47] [b50] [b93] [b63] [b57] [b92] [b46] [b65] [b51] [b86] [b87] [b48] [b49] [b88] [b53] [b52] [b39] [b54 b56 b60 b58 b44 b55 b94 b45 b62 b89 b64 b61] [b66] [b95] [b38] [b34] [b90] [b67] [b96] [b27] [b26] [b68] [b97] [b18] [b16] [b91] [b70] [b98] [b13] [b71] [b69] [b59] [b31]]
Compare[go/token.Pos], 6, 6, []
Examples.func1, 6, 6, []
Compare[string], 6, 6, []
findDeclsAndUnresolved.func1, 59, 55, [[b1] [b4] [b3] [b7] [b16] [b33] [b24] [b28] [b23] [b30] [b54] [b55] [b57 b26 b58] [b60] [b59] [b61] [b15] [b20] [b14] [b22] [b46] [b47] [b49 b29 b50] [b52] [b51] [b53] [b6] [b11] [b5] [b2] [b13] [b32] [b31] [b8] [b17] [b10] [b38] [b56] [b39] [b48] [b41] [b43] [b34] [b44] [b21] [b36] [b27] [b45] [b18] [b25] [b19] [b35] [b42] [b40] [b37]]
stripOutputComment, 15, 15, []
Compare[int], 6, 6, []
hasIota.hasIota.Preorder.func1.func2, 7, 7, []
hasIota.Preorder.func1, 4, 4, []
hasIota-range1, 15, 15, []
classifyExamples.func1, 6, 6, []
playExample.func2, 6, 6, []
(*reader).recordAnonymousField, 26, 26, []
(*Package).Synopsis, 19, 14, [[b1] [b2 b4 b27 b20 b15 b3] [b19] [b7] [b26] [b24] [b10] [b30] [b29] [b22] [b28] [b31] [b21] [b17]]
(*reader).readPackage, 51, 31, [[b1] [b2] [b3] [b4] [b50] [b39] [b40] [b49] [b37] [b38] [b48] [b9] [b8] [b47] [b22] [b16] [b46] [b33] [b31] [b45] [b32] [b35] [b5 b42 b51 b41 b7 b6] [b11] [b12 b14 b43 b17 b13] [b15] [b18 b20 b44 b23 b19] [b21] [b24 b26 b28 b25 b30 b34 b36 b29] [b27] [b10]]
New, 47, 25, [[b1] [b2 b29 b42 b31 b4 b37 b10 b11 b3 b9 b38 b39 b40 b8 b6] [b5] [b41] [b12] [b14] [b47] [b35] [b36] [b46] [b33] [b34] [b45] [b13] [b7] [b44] [b20] [b18] [b43] [b27] [b22] [b15 b17 b19 b16 b21] [b23] [b24 b26 b28 b25 b30] [b32]]
hasIota.Preorder.func1.1, 7, 7, []
(*reader).readType, 60, 56, [[b1] [b3] [b5] [b2] [b4] [b8] [b11] [b56] [b27] [b25] [b55] [b35] [b33] [b12] [b48] [b49] [b9] [b10] [b14] [b13] [b57] [b7] [b46] [b16] [b50] [b15] [b51] [b18] [b60] [b26] [b6] [b59] [b34] [b29] [b17] [b58] [b39] [b37] [b21] [b20] [b24] [b52] [b32] [b36] [b31] [b38] [b23] [b28] [b22] [b30] [b19] [b53] [b40] [b41] [b42 b44 b54 b47 b43] [b45]]
.eq.[2]interface {}, 10, 7, [[b1] [b2 b4 b8 b3] [b5] [b7] [b6] [b9] [b10]]
