goXchg8, 7, 3, [[b1] [b3 b4 b8 b6 b7] [b10]]
(*Uint8).And, 4, 4, []
(*Uint8).Or, 4, 4, []
(*Uint32).And, 4, 4, []
(*Uint32).Or, 4, 4, []
Or, 4, 4, []
And, 4, 4, []
Or8, 4, 4, []
And8, 4, 4, []
Or32, 4, 4, []
And32, 4, 4, []
And64, 4, 4, []
Or64, 4, 4, []
Anduintptr, 4, 4, []
Oruintptr, 4, 4, []
Xchguintptr, 4, 4, []
(*Uint64).CompareAndSwap, 4, 4, []
Xchg8, 4, 4, []
(*Int64).Add, 4, 4, []
Xadduintptr, 4, 4, []
Xadd64, 4, 4, []
(*Int32).Add, 4, 4, []
Cas64, 4, 4, []
CasRel, 4, 4, []
(*Uintptr).Swap, 4, 4, []
Cas, 4, 4, []
Casp1, 4, 4, []
(*UnsafePointer).CompareAndSwapNoWB, 4, 4, []
Casint32, 4, 4, []
Casint64, 4, 4, []
Casuintptr, 4, 4, []
(*Uintptr).Add, 4, 4, []
(*Uintptr).CompareAndSwap, 4, 4, []
(*Uint64).Add, 4, 4, []
(*Uint64).Swap, 4, 4, []
Xchg, 4, 4, []
(*Uint32).Add, 4, 4, []
Xaddint32, 4, 4, []
(*Uint32).Swap, 4, 4, []
(*Uint32).CompareAndSwapRelease, 4, 4, []
(*Uint32).CompareAndSwap, 4, 4, []
Xaddint64, 4, 4, []
Xchgint32, 4, 4, []
(*Int64).CompareAndSwap, 4, 4, []
(*Int64).Swap, 4, 4, []
Xchgint64, 4, 4, []
(*Int32).Swap, 4, 4, []
(*Int32).CompareAndSwap, 4, 4, []
Xchg64, 4, 4, []
Xadd, 4, 4, []
