Renameat, 17, 17, []
faccessat, 10, 10, []
Readlinkat, 13, 13, []
Symlinkat, 17, 17, []
Mkdirat, 10, 10, []
Fchmodat, 10, 10, []
Fchownat, 10, 10, []
Linkat, 17, 17, []
ARC4Random, 3, 3, []
.eq.internal/syscall/unix.Group, 8, 8, []
Fcntl, 3, 3, []
Unlockpt, 3, 3, []
Grantpt, 3, 3, []
IsNonblock, 3, 3, []
PosixOpenpt, 3, 3, []
Sysconf, 3, 3, []
ResNinit, 3, 3, []
.eq.internal/syscall/unix.Addrinfo, 16, 16, []
Getgrouplist, 3, 3, []
ResNsearch, 3, 3, []
KernelVersionGE, 7, 7, []
Getnameinfo, 4, 4, []
Ptsname, 9, 7, [[b8] [b10] [b12 b14 b13] [b17] [b20] [b15] [b11]]
Getaddrinfo, 4, 4, []
