.eq.internal/cpu.option, 11, 11, []
.eq.struct { internal/cpu._ internal/cpu.CacheLinePad; HasDARN bool; HasSCV bool; IsPOWER8 bool; IsPOWER9 bool; IsPOWER10 bool; internal/cpu._ internal/cpu.CacheLinePad }, 10, 10, []
Initialize, 4, 4, []
.eq.struct { internal/cpu._ internal/cpu.CacheLinePad; HasAES bool; HasPMULL bool; HasSHA1 bool; HasSHA2 bool; HasSHA512 bool; HasSHA3 bool; HasCRC32 bool; HasATOMICS bool; HasCPUID bool; HasDIT bool; IsNeoverse bool; internal/cpu._ internal/cpu.CacheLinePad }, 22, 22, []
.eq.struct { internal/cpu._ internal/cpu.CacheLinePad; HasZARCH bool; HasSTFLE bool; HasLDISP bool; HasEIMM bool; HasDFP bool; HasETF3EH bool; HasMSA bool; HasAES bool; HasAESCBC bool; HasAESCTR bool; HasAESGCM bool; HasGHASH bool; HasSHA1 bool; HasSHA256 bool; HasSHA512 bool; HasSHA3 bool; HasVX bool; HasVXE bool; HasKDSA bool; HasECDSA bool; HasEDDSA bool; internal/cpu._ internal/cpu.CacheLinePad }, 42, 42, []
darwinKernelVersionCheck, 32, 25, [[b4] [b9] [b11 b13 b30 b32 b20 b23 b16 b18] [b28] [b21] [b27] [b26] [b14] [b34] [b37] [b12] [b39] [b41] [b2] [b43] [b42] [b8] [b40] [b38] [b31] [b36] [b35] [b33] [b29] [b7]]
parseARM64SystemRegisters, 26, 26, []
osInit, 16, 16, []
.eq.[10]internal/cpu.option, 67, 47, [[b1] [b2 b4 b35 b33 b31 b29 b27 b25 b23 b21 b19 b17 b15 b12 b10 b8 b6 b3] [b5] [b7] [b39] [b9] [b41] [b11] [b43] [b16] [b46] [b45] [b67] [b47] [b66] [b49] [b65] [b51] [b64] [b54] [b53] [b55 b57 b59 b56] [b58] [b60] [b62] [b48] [b50] [b52] [b61] [b13] [b37] [b40] [b42] [b44] [b22] [b28] [b32] [b34] [b36] [b30] [b18] [b20] [b24] [b26] [b38] [b14] [b63]]
doinit, 4, 4, []
indexByte, 6, 4, [[b1] [b2 b4 b8] [b5] [b7]]
processOptions, 85, 13, [[b2] [b3 b5 b42 b53 b89 b103 b119 b111 b115 b109 b51 b63 b73 b84 b100 b117 b108 b25 b16 b48 b46 b68 b94 b93 b86 b91 b102 b116 b90 b110 b17 b23 b49 b43 b61 b81 b79 b98 b104 b112 b92 b77 b76 b75 b72 b15 b21 b41 b45 b56 b96 b101 b60 b12 b10 b18 b54 b70 b83 b13 b7 b52 b4 b9] [b6] [b121 b123 b126 b130 b129 b122 b127 b66 b65 b125] [b124] [b20] [b24] [b55] [b57] [b59] [b120] [b105] [b107]]
.eq.struct { internal/cpu._ internal/cpu.CacheLinePad; HasVFPv4 bool; HasIDIVA bool; HasV7Atomics bool; internal/cpu._ internal/cpu.CacheLinePad }, 6, 6, []
.eq.struct { internal/cpu._ internal/cpu.CacheLinePad; HasFastMisaligned bool; HasV bool; HasZbb bool; internal/cpu._ internal/cpu.CacheLinePad }, 6, 6, []
sysctlEnabled, 3, 3, []
.eq.struct { internal/cpu._ internal/cpu.CacheLinePad; HasLSX bool; HasLASX bool; HasCRC32 bool; HasLAMCAS bool; HasLAM_BH bool; internal/cpu._ internal/cpu.CacheLinePad }, 10, 10, []
