Compare[go.shape.float64], 11, 11, []
Compare[uintptr], 6, 6, []
Compare[int64], 6, 6, []
Compare[string], 6, 6, []
Compare[uint64], 6, 6, []
Compare[float64], 12, 12, []
Sort, 24, 17, [[b1] [b13] [b2] [b15] [b4] [b6] [b7] [b10] [b11] [b12] [b14] [b8] [b16] [b17] [b18 b21 b3 b23 b20 b5 b22 b19] [b24] [b9]]
compare, 248, 244, [[b1] [b332] [b2] [b333] [b4] [b6] [b7] [b182] [b8] [b278] [b10] [b12] [b13] [b16] [b179] [b18] [b178] [b20] [b156] [b32] [b322 b324 b323] [b325] [b327] [b172] [b173] [b174] [b187] [b189] [b191] [b192] [b190] [b186] [b170] [b157] [b301] [b303] [b305] [b306] [b304] [b300] [b175] [b29] [b338] [b85] [b340] [b86] [b342] [b344] [b345] [b317] [b347] [b346] [b349] [b348] [b352] [b355] [b353] [b350] [b313] [b358] [b314] [b360] [b362] [b363] [b312] [b365] [b364] [b367] [b366] [b370] [b373] [b371] [b368] [b376] [b377] [b339] [b176] [b33] [b28] [b316] [b318] [b320] [b321] [b319] [b315] [b308] [b27] [b335 b330 b329] [b331] [b337] [b183] [b184] [b228] [b232] [b238] [b236] [b233] [b239] [b243] [b249] [b247] [b244] [b251] [b252] [b257] [b259] [b261] [b262] [b260] [b258] [b253] [b254] [b255] [b256] [b266] [b267] [b272] [b274] [b276] [b277] [b275] [b273] [b268] [b269] [b270] [b271] [b264] [b185] [b188] [b193] [b197] [b203] [b201] [b198] [b204] [b208] [b214] [b212] [b209] [b216] [b217] [b222] [b224] [b226] [b227] [b225] [b223] [b218] [b219] [b220] [b221] [b280] [b295] [b296] [b310] [b311] [b334] [b97] [b101] [b115] [b119] [b113] [b123] [b120] [b116] [b100] [b104] [b108] [b102] [b125] [b112] [b109] [b105] [b126] [b130] [b144] [b148] [b142] [b152] [b149] [b145] [b129] [b133] [b137] [b131] [b154] [b141] [b138] [b134] [b162] [b164] [b166] [b167] [b165] [b161] [b356] [b357] [b374] [b375] [b168] [b34] [b38] [b48] [b52] [b46] [b56] [b53] [b49] [b37] [b41] [b39] [b58] [b45] [b42] [b59] [b63] [b73] [b77] [b71] [b81] [b78] [b74] [b62] [b66] [b64] [b83] [b70] [b67] [b91] [b93] [b95] [b96] [b94] [b90] [b282] [b169] [b284] [b285] [b287] [b293] [b292] [b289] [b181] [b15]]
swapRangeCmpFunc[go.shape.struct { Key reflect.Value; Value reflect.Value }], 11, 5, [[b1] [b2 b11 b10 b13 b4 b6 b3] [b5] [b7] [b9]]
insertionSortCmpFunc[go.shape.struct { Key reflect.Value; Value reflect.Value }], 21, 7, [[b1] [b2 b4 b10 b20 b14 b6 b12 b3 b21 b11 b18 b23 b8 b16 b7] [b5] [b13] [b15] [b17] [b19]]
nilCompare, 73, 73, []
struct { reflect.typ_ *internal/abi.Type; reflect.ptr unsafe.Pointer; reflect.flag }.reflect.mustBeAssignable, 7, 7, []
(*struct { reflect.typ_ *internal/abi.Type; reflect.ptr unsafe.Pointer; reflect.flag }).reflect.mustBeAssignable, 7, 7, []
(*struct { reflect.typ_ *internal/abi.Type; reflect.ptr unsafe.Pointer; reflect.flag }).reflect.mustBeExported, 7, 7, []
struct { reflect.typ_ *internal/abi.Type; reflect.ptr unsafe.Pointer; reflect.flag }.reflect.mustBeExported, 7, 7, []
struct { reflect.typ_ *internal/abi.Type; reflect.ptr unsafe.Pointer; reflect.flag }.reflect.mustBe, 6, 6, []
(*struct { reflect.typ_ *internal/abi.Type; reflect.ptr unsafe.Pointer; reflect.flag }).reflect.mustBe, 6, 6, []
rotateCmpFunc[go.shape.struct { Key reflect.Value; Value reflect.Value }], 37, 11, [[b1] [b2 b4 b21 b34 b9 b22 b7 b44 b8 b31 b3 b43 b46 b41 b33 b11 b24 b13 b26 b10 b23] [b5] [b35 b18 b30 b20 b37 b39 b36] [b47] [b40] [b42] [b27] [b29] [b14] [b16]]
stableCmpFunc[go.shape.struct { Key reflect.Value; Value reflect.Value }], 53, 15, [[b1] [b2 b4 b6 b3 b8 b14 b47 b18 b10 b16 b7 b48 b15 b22 b50 b12 b20 b11] [b5] [b29 b31 b37 b45 b41 b33 b39 b30 b25 b38 b60 b27 b35 b43 b34] [b51] [b52 b54 b24 b61 b59 b56 b53 b58] [b55] [b40] [b42] [b44] [b46] [b17] [b19] [b21] [b23]]
symMergeCmpFunc[go.shape.struct { Key reflect.Value; Value reflect.Value }], 76, 46, [[b1] [b2] [b27] [b54] [b53] [b52] [b55 b57 b64 b65 b61 b59 b56] [b58] [b67] [b66] [b71] [b48] [b69] [b68] [b50] [b70] [b63] [b46] [b73] [b72] [b25] [b74] [b37] [b23] [b77] [b76] [b60] [b62] [b28] [b29 b31 b38 b39 b35 b33 b30] [b32] [b40 b24 b75 b26 b42 b44 b41] [b43] [b45] [b47] [b34] [b36] [b3] [b4 b6 b13 b14 b10 b8 b5] [b7] [b15 b49 b21 b51 b17 b19 b16] [b18] [b20] [b22] [b9] [b11]]
Compare[go.shape.uintptr], 5, 5, []
Compare[go.shape.uint64], 5, 5, []
Compare[go.shape.int64], 5, 5, []
Compare[go.shape.string], 5, 5, []
