.eq.[50]internal/platform.OSArch, 49, 35, [[b1] [b2 b4 b19 b17 b15 b13 b11 b8 b6 b3] [b5] [b7] [b23] [b12] [b26] [b25] [b45] [b27] [b44] [b30] [b29] [b31 b33 b39 b37 b35 b32] [b34] [b47] [b46] [b38] [b49] [b48] [b42] [b40] [b41] [b9] [b28] [b36] [b14] [b21] [b24] [b18] [b16] [b20] [b22] [b10] [b43]]
(*OSArch).String, 3, 3, []
.eq.internal/platform.OSArch, 9, 9, []
map.init.0, 7, 6, [[b1] [b2 b4] [b5] [b7] [b3] [b6]]
MSanSupported, 48, 48, []
MustLinkExternal, 101, 101, []
RaceDetectorSupported, 107, 107, []
FuzzSupported, 40, 40, []
FuzzInstrumented, 64, 64, []
BuildModeSupported, 659, 659, []
ASanSupported, 50, 50, []
DefaultPIE, 35, 35, []
InternalLinkPIESupported, 78, 78, []
ExecutableHasDWARF, 17, 17, []
