lookup, 26, 17, [[b2] [b3] [b7 b9 b20 b21 b13 b14 b19 b11 b15 b8] [b10] [b12] [b16] [b23] [b18] [b17] [b22] [b24] [b25] [b27] [b26] [b4] [b6] [b5]]
(*HashTrieMap[go.shape.interface {},go.shape.interface {}]).initSlow, 18, 18, []
(*HashTrieMap[go.shape.interface {},go.shape.interface {}]).CompareAndDelete, 64, 44, [[b2] [b46] [b4] [b5] [b7] [b6] [b9] [b64] [b11] [b13] [b12] [b14] [b62] [b16] [b17] [b10] [b8] [b19] [b20] [b22] [b24] [b23] [b25] [b53] [b27] [b28] [b21] [b38] [b39 b41 b47 b72 b70 b68 b69 b67 b61 b60 b59 b57 b58 b55 b40 b43 b63 b54 b45 b44 b51] [b42] [b75] [b74] [b76] [b77] [b78] [b79] [b56] [b31] [b33] [b32] [b34] [b50] [b36] [b37]]
update, 7, 7, []
(*HashTrieMap[go.shape.interface {},go.shape.interface {}]).CompareAndSwap, 24, 24, []
(*HashTrieMap[go.shape.interface {},go.shape.interface {}]).Swap, 46, 20, [[b2] [b18] [b4] [b5] [b10 b8 b54 b43 b41 b39 b40 b37 b34 b14 b36 b32 b59 b58 b31 b29 b28 b27 b25 b26 b23 b53 b21 b16 b15 b11 b13] [b24] [b9] [b57] [b46] [b48] [b49] [b50] [b56] [b52] [b63] [b62] [b60] [b61] [b64] [b55]]
(*HashTrieMap[go.shape.interface {},go.shape.interface {}]).LoadAndDelete, 62, 42, [[b2] [b44] [b4] [b5] [b7] [b62] [b9] [b11] [b10] [b12] [b60] [b14] [b15] [b8] [b6] [b17] [b18] [b20] [b22] [b21] [b23] [b51] [b25] [b26] [b19] [b36] [b37 b39 b45 b70 b68 b66 b67 b65 b59 b58 b57 b55 b56 b53 b38 b41 b61 b52 b43 b42 b49] [b40] [b73] [b72] [b74] [b75] [b76] [b77] [b54] [b29] [b31] [b30] [b32] [b48] [b34] [b35]]
update.func1, 11, 11, []
(*HashTrieMap[go.shape.interface {},go.shape.interface {}]).LoadOrStore, 65, 25, [[b2] [b19] [b4] [b5] [b10 b8 b18 b58 b56 b54 b55 b52 b49 b30 b51 b47 b28 b21 b46 b44 b43 b42 b40 b41 b38 b14 b77 b17 b32 b11 b15 b23 b13 b22 b25 b16 b76 b36 b24 b29] [b39] [b9] [b80] [b61] [b63] [b64] [b65 b67 b82 b81 b66 b71] [b68] [b70] [b72] [b74] [b79] [b75] [b86] [b85] [b83] [b84] [b87] [b78] [b34]]
(*HashTrieMap[go.shape.interface {},go.shape.interface {}]).init, 4, 4, []
(*HashTrieMap[go.shape.interface {},go.shape.interface {}]).initSlow.deferwrap1, 7, 7, []
newEntryNode[go.shape.interface {},go.shape.interface {}], 4, 4, []
update.func2, 8, 8, []
(*HashTrieMap[go.shape.interface {},go.shape.interface {}]).CompareAndSwap.deferwrap1, 7, 7, []
(*HashTrieMap[go.shape.interface {},go.shape.interface {}]).Swap.deferwrap1, 7, 7, []
update.deferwrap1, 7, 7, []
(*HashTrieMap[go.shape.interface {},go.shape.interface {}]).LoadOrStore.deferwrap1, 7, 7, []
New, 4, 4, []
newIndirectNode[go.shape.interface {},go.shape.interface {}], 4, 4, []
(*HashTrieMap[go.shape.interface {},go.shape.interface {}]).find, 42, 8, [[b1] [b6 b4 b15 b58 b56 b54 b55 b52 b30 b17 b48 b47 b49 b44 b43 b42 b40 b41 b38 b25 b14 b27 b36 b24 b31 b28 b20 b26 b19 b18 b21 b12 b11 b7 b9] [b39] [b13] [b34] [b59] [b10] [b53]]
(*node[go.shape.interface {},go.shape.interface {}]).entry, 3, 3, []
(*node[go.shape.interface {},go.shape.interface {}]).indirect, 3, 3, []
(*Setting).Name, 6, 6, []
(*HashTrieMap[go.shape.interface {},go.shape.interface {}]).iter, 16, 5, [[b1] [b2 b4 b10 b16 b24 b8 b15 b21 b9 b20 b23 b22] [b5] [b17] [b26]]
(*runtimeStderr).Write, 4, 4, []
(*Setting).Undocumented, 4, 4, []
(*entry[go.shape.interface {},go.shape.interface {}]).lookup, 9, 4, [[b1] [b2 b4 b9 b6 b3 b8] [b5] [b7]]
(*entry[go.shape.interface {},go.shape.interface {}]).lookupWithValue, 14, 4, [[b1] [b2 b4 b14 b12 b10 b8 b7 b3 b6 b11 b9] [b5] [b13]]
(*indirect[go.shape.interface {},go.shape.interface {}]).empty, 4, 3, [[b1] [b2 b8] [b5]]
(*HashTrieMap[interface {},interface {}]).init, 4, 4, []
parse, 42, 7, [[b1] [b2 b4 b13 b40 b26 b23 b36 b41 b11 b12 b39 b42 b35 b30 b21 b7 b33 b6 b3 b19 b25 b28 b34 b17 b38 b27 b9 b15 b29 b43 b31 b10 b32 b14 b24 b37] [b5] [b16] [b18] [b20] [b22]]
(*HashTrieMap[go.shape.interface {},go.shape.interface {}]).All, 7, 7, []
.eq.[16]sync/atomic.Pointer[internal/sync.node[interface {},interface {}]], 6, 4, [[b1] [b2 b4 b3] [b9] [b8]]
.eq.internal/godebug.value, 7, 7, []
.eq.internal/sync.entry[interface {},interface {}], 15, 15, []
.eq.internal/godebug.setting, 13, 13, []
(*entry[go.shape.interface {},go.shape.interface {}]).indirect, 3, 3, []
(*entry[go.shape.interface {},go.shape.interface {}]).entry, 3, 3, []
(*indirect[go.shape.interface {},go.shape.interface {}]).entry, 3, 3, []
(*node[interface {},interface {}]).indirect, 3, 3, []
(*node[interface {},interface {}]).entry, 3, 3, []
(*struct { internal/sync.node = internal/sync.node[go.shape.interface {},go.shape.interface {}]; internal/sync.overflow sync/atomic.Pointer[internal/sync.entry[go.shape.interface {},go.shape.interface {}]]; internal/sync.key go.shape.interface {}; internal/sync.value go.shape.interface {} }).internal/sync.indirect, 3, 3, []
(*struct { internal/sync.node = internal/sync.node[go.shape.interface {},go.shape.interface {}]; internal/sync.dead sync/atomic.Bool; internal/sync.mu internal/sync.Mutex; internal/sync.parent *internal/sync.indirect[go.shape.interface {},go.shape.interface {}]; internal/sync.children [16]sync/atomic.Pointer[go.shape.struct { internal/sync.isEntry bool }] }).internal/sync.entry, 3, 3, []
.eq.internal/godebug.Setting, 14, 14, []
(*struct { internal/sync.node = internal/sync.node[go.shape.interface {},go.shape.interface {}]; internal/sync.dead sync/atomic.Bool; internal/sync.mu internal/sync.Mutex; internal/sync.parent *internal/sync.indirect[go.shape.interface {},go.shape.interface {}]; internal/sync.children [16]sync/atomic.Pointer[go.shape.struct { internal/sync.isEntry bool }] }).internal/sync.indirect, 3, 3, []
(*struct { internal/sync.node = internal/sync.node[go.shape.interface {},go.shape.interface {}]; internal/sync.overflow sync/atomic.Pointer[internal/sync.entry[go.shape.interface {},go.shape.interface {}]]; internal/sync.key go.shape.interface {}; internal/sync.value go.shape.interface {} }).internal/sync.entry, 3, 3, []
(*indirect[go.shape.interface {},go.shape.interface {}]).indirect, 3, 3, []
.eq.internal/sync.indirect[interface {},interface {}], 13, 13, []
newIncNonDefault, 7, 7, []
(*Setting).register, 15, 15, []
(*Setting).String, 7, 7, []
(*indirect[interface {},interface {}]).empty, 4, 3, [[b1] [b2 b8] [b11]]
(*Setting).IncNonDefault, 7, 7, []
(*entry[go.shape.interface {},go.shape.interface {}]).compareAndSwap, 27, 20, [[b1] [b22] [b3] [b23] [b5] [b4] [b13] [b14 b16 b18 b11 b8 b20 b19 b15] [b17] [b27] [b6] [b25] [b24] [b9] [b7] [b28] [b26] [b21] [b12] [b10]]
(*entry[go.shape.interface {},go.shape.interface {}]).compareAndDelete, 18, 11, [[b1] [b19] [b3] [b20] [b4] [b22] [b9] [b10 b12 b18 b17 b14 b16 b15 b11] [b13] [b21] [b8]]
(*HashTrieMap[go.shape.interface {},go.shape.interface {}]).Range, 4, 4, []
(*entry[go.shape.interface {},go.shape.interface {}]).loadAndDelete, 14, 9, [[b1] [b16] [b4] [b14] [b6] [b7 b9 b12 b11 b8 b13] [b10] [b15] [b5]]
(*indirect[interface {},interface {}]).entry, 3, 3, []
(*entry[interface {},interface {}]).indirect, 3, 3, []
(*struct { internal/sync.node = internal/sync.node[interface {},interface {}]; internal/sync.dead sync/atomic.Bool; internal/sync.mu internal/sync.Mutex; internal/sync.parent *internal/sync.indirect[interface {},interface {}]; internal/sync.children [16]sync/atomic.Pointer[internal/sync.node[interface {},interface {}]] }).internal/sync.entry, 3, 3, []
(*struct { internal/sync.node = internal/sync.node[interface {},interface {}]; internal/sync.dead sync/atomic.Bool; internal/sync.mu internal/sync.Mutex; internal/sync.parent *internal/sync.indirect[interface {},interface {}]; internal/sync.children [16]sync/atomic.Pointer[internal/sync.node[interface {},interface {}]] }).internal/sync.indirect, 3, 3, []
(*entry[interface {},interface {}]).entry, 3, 3, []
(*struct { internal/sync.node = internal/sync.node[interface {},interface {}]; internal/sync.overflow sync/atomic.Pointer[internal/sync.entry[interface {},interface {}]]; internal/sync.key interface {}; internal/sync.value interface {} }).internal/sync.indirect, 3, 3, []
(*HashTrieMap[go.shape.interface {},go.shape.interface {}]).expand, 14, 9, [[b1] [b5] [b18] [b20] [b16] [b7 b22 b15 b13 b8 b10] [b9] [b11] [b4]]
(*indirect[interface {},interface {}]).indirect, 3, 3, []
(*struct { internal/sync.node = internal/sync.node[interface {},interface {}]; internal/sync.overflow sync/atomic.Pointer[internal/sync.entry[interface {},interface {}]]; internal/sync.key interface {}; internal/sync.value interface {} }).internal/sync.entry, 3, 3, []
(*entry[go.shape.interface {},go.shape.interface {}]).swap, 23, 18, [[b1] [b15] [b4] [b8] [b10] [b11 b13 b5 b3 b12 b17] [b14] [b21] [b23] [b19] [b18] [b6] [b2] [b22] [b20] [b16] [b9] [b7]]
(*entry[interface {},interface {}]).lookup, 10, 5, [[b1] [b2 b4 b10 b6 b3 b8] [b5] [b7] [b9]]
(*Setting).Value, 9, 9, []
(*entry[interface {},interface {}]).lookupWithValue, 15, 5, [[b1] [b2 b4 b8 b15 b10 b12 b7 b6 b11 b3 b9] [b5] [b13] [b14]]
(*HashTrieMap[go.shape.interface {},go.shape.interface {}]).Clear, 4, 4, []
(*HashTrieMap[go.shape.interface {},go.shape.interface {}]).Load, 22, 13, [[b2] [b17] [b4] [b6] [b7 b9 b14 b13 b8] [b10] [b12] [b15] [b20] [b21 b23 b16 b31 b22 b27] [b24] [b26] [b28]]
(*Setting).Value.func1, 18, 18, []
.eq.go.shape.struct { internal/sync.node = internal/sync.node[interface {},interface {}]; internal/sync.dead sync/atomic.Bool; internal/sync.mu internal/sync.Mutex; internal/sync.parent *internal/sync.indirect[interface {},interface {}]; internal/sync.children [16]sync/atomic.Pointer[internal/sync.node[interface {},interface {}]] }, 13, 13, []
.eq.go.shape.struct { internal/sync.node = internal/sync.node[go.shape.interface {},go.shape.interface {}]; internal/sync.dead sync/atomic.Bool; internal/sync.mu internal/sync.Mutex; internal/sync.parent *internal/sync.indirect[go.shape.interface {},go.shape.interface {}]; internal/sync.children [16]sync/atomic.Pointer[go.shape.struct { internal/sync.isEntry bool }] }, 13, 13, []
.eq.internal/sync.indirect[go.shape.interface {},go.shape.interface {}], 13, 13, []
.eq.internal/sync.entry[go.shape.interface {},go.shape.interface {}], 15, 15, []
.eq.go.shape.struct { internal/godebug.text string; internal/godebug.bisect *internal/bisect.Matcher }, 7, 7, []
.eq.go.shape.struct { internal/sync.node = internal/sync.node[go.shape.interface {},go.shape.interface {}]; internal/sync.overflow sync/atomic.Pointer[internal/sync.entry[go.shape.interface {},go.shape.interface {}]]; internal/sync.key go.shape.interface {}; internal/sync.value go.shape.interface {} }, 15, 15, []
.eq.[16]sync/atomic.Pointer[go.shape.struct { internal/sync.isEntry bool }], 6, 4, [[b1] [b2 b4 b3] [b9] [b8]]
.eq.go.shape.struct { internal/sync.node = internal/sync.node[interface {},interface {}]; internal/sync.overflow sync/atomic.Pointer[internal/sync.entry[interface {},interface {}]]; internal/sync.key interface {}; internal/sync.value interface {} }, 15, 15, []
.eq.cmd/vendor/golang.org/x/tools/internal/bisect.cond, 6, 6, []
AppendMarker, 7, 6, [[b6] [b8 b10] [b14] [b18] [b17] [b16]]
(*Matcher).ShouldEnable, 8, 6, [[b1] [b3] [b2] [b4 b6 b8] [b7] [b11]]
(*Matcher).ShouldReport, 8, 6, [[b1] [b3] [b2] [b4 b6 b8] [b7] [b11]]
CutMarker, 65, 48, [[b1] [b3 b4 b97 b90 b10 b8] [b5] [b20 b22 b24] [b52] [b23] [b28] [b31] [b30] [b33] [b32] [b25] [b34] [b35] [b48] [b73] [b75] [b77 b79 b86] [b80] [b88] [b12] [b11] [b76] [b47] [b49] [b51 b53 b70 b62 b67 b72 b68 b58 b63] [b54] [b46] [b102] [b89] [b6] [b95] [b82] [b96] [b92] [b99] [b101] [b100] [b94] [b93] [b103] [b104] [b107] [b106] [b50] [b78] [b29] [b7]]
Marker, 4, 3, [[b6] [b8 b10] [b19]]
New, 135, 63, [[b1] [b2] [b4 b6 b12 b8] [b93] [b111] [b7] [b16 b18 b24 b20] [b60] [b19] [b72] [b31] [b63] [b29] [b28] [b33 b35 b46 b47 b43 b84 b86 b96 b102 b41 b61 b73 b5 b26 b116 b117 b37 b59 b82 b71 b75 b88 b80 b122 b48 b123 b120 b30 b39 b57 b69 b67 b77 b90 b76 b113 b134 b55 b104 b124 b42 b34 b38 b53 b68 b50 b89 b107 b115 b100 b118 b135 b44 b49 b45 b105 b10 b121 b119 b21 b17 b9 b103 b98 b54 b52 b56] [b36] [b40] [b74] [b91] [b22] [b14] [b97] [b130] [b99] [b94] [b65] [b62] [b87] [b129] [b13] [b11] [b83] [b128] [b25] [b23] [b51] [b81] [b127] [b64] [b32] [b85] [b101] [b131] [b92] [b79] [b112] [b108] [b133] [b66] [b58] [b106] [b132] [b78] [b70] [b27] [b126] [b109] [b95] [b15] [b125] [b114] [b110] [b3]]
Hash, 184, 70, [[b1] [b2 b4 b145 b146 b151 b156 b161 b166 b171 b176 b181 b185 b196 b201 b210 b219 b228 b237 b246 b255 b139 b29 b147 b152 b157 b162 b167 b172 b177 b182 b193 b198 b207 b216 b225 b234 b243 b252 b138 b141 b10 b54 b149 b114 b154 b108 b159 b36 b164 b66 b169 b84 b174 b120 b179 b42 b184 b96 b195 b72 b200 b60 b209 b126 b218 b48 b227 b102 b236 b90 b245 b132 b254 b20 b3 b14 b21 b30 b26 b22 b24 b25 b18 b186 b27 b13 b202 b15 b211 b16 b220 b17 b229 b23 b238 b19 b247 b28 b256 b183 b188 b199 b204 b208 b213 b217 b222 b226 b231 b235 b240 b244 b249 b253 b258] [b5] [b8] [b251] [b257] [b106] [b76] [b259] [b260] [b11] [b31] [b33] [b130] [b37] [b39] [b43] [b94] [b34] [b45] [b49] [b118] [b82] [b51] [b100] [b55] [b57] [b61] [b63] [b67] [b69] [b73] [b75] [b79] [b64] [b81] [b85] [b112] [b87] [b136] [b88] [b40] [b46] [b91] [b93] [b97] [b99] [b124] [b103] [b105] [b109] [b111] [b115] [b58] [b117] [b121] [b123] [b127] [b52] [b129] [b133] [b135] [b144] [b191] [b7] [b140] [b70] [b187] [b12] [b9]]
fnvUint32, 4, 3, [[b1] [b2 b4] [b5]]
fnvUint64, 4, 3, [[b1] [b2 b4] [b5]]
fnvString, 4, 3, [[b1] [b2 b4] [b5]]
commonSuffix, 21, 13, [[b1] [b4] [b6 b8 b14 b10 b7 b12 b11] [b9] [b20] [b27] [b18] [b29 b31 b30] [b32] [b34] [b15] [b17] [b3]]
cmdInterrupt, 7, 7, []
skipHexDigits, 31, 10, [[b2] [b4 b6 b40 b8 b5] [b7] [b10 b12 b39 b17 b11 b34 b16 b15] [b13] [b18 b20 b36 b37 b32 b24 b30 b22 b26 b25 b19] [b38] [b23] [b31] [b33]]
(*Bisect).Search.func1, 9, 9, []
(*Bisect).Search, 51, 30, [[b2] [b49] [b4] [b8] [b6] [b60] [b9] [b11] [b41] [b48] [b13] [b47] [b14] [b16] [b43] [b19] [b23] [b34] [b31] [b21] [b18] [b3] [b25 b26 b61 b37 b62 b55 b56 b57 b53 b50 b46 b51 b45 b63 b42 b64 b44 b65 b38 b39 b40 b36] [b29] [b28] [b32] [b30] [b59] [b54] [b66]]
(*Bisect).search, 70, 70, []
main, 60, 53, [[b22] [b24] [b23] [b72] [b26] [b45] [b43] [b29] [b21] [b53] [b34] [b42] [b40] [b36] [b51] [b49] [b25] [b27] [b28 b30 b32 b73 b37 b33] [b35] [b31] [b71] [b39] [b38] [b41] [b44] [b47] [b48] [b20] [b70] [b67] [b65] [b52] [b19] [b64] [b62] [b56] [b55] [b54] [b18] [b61] [b58] [b50] [b57 b59] [b60] [b66 b68] [b69] [b75] [b63] [b74] [b77] [b46] [b76]]
(*Bisect).run, 160, 102, [[b3] [b102] [b8] [b96] [b6] [b5] [b10] [b11] [b15] [b16] [b14] [b57] [b22] [b7] [b26] [b23] [b31 b135 b145 b139 b33 b30 b35 b32] [b34] [b37 b126 b146 b127 b39 b4 b41 b38] [b40] [b90] [b84] [b21] [b20] [b138] [b46] [b45] [b47 b105 b147 b107 b49 b51] [b50] [b54 b99 b148 b100 b56 b55] [b60] [b133] [b63] [b114] [b65] [b64] [b61] [b149] [b93] [b87] [b68] [b67] [b69] [b74] [b109] [b76] [b77] [b80] [b79] [b81] [b153] [b27] [b25] [b152] [b29] [b28] [b72] [b71] [b151] [b44] [b43] [b150] [b66] [b62] [b73] [b83] [b82] [b75] [b89] [b88] [b78] [b95] [b94] [b85] [b98] [b97] [b92] [b91] [b101] [b86] [b103] [b104] [b106] [b108 b110 b116 b70 b58 b52 b158 b129 b113 b112 b124 b18 b131 b141 b157 b137 b156 b2 b123 b122 b36 b9 b117 b155 b13 b48 b120 b121 b115 b42 b19 b118 b154 b24 b119] [b111] [b128] [b130] [b125] [b160] [b132] [b159] [b17] [b136] [b134] [b12] [b140] [b142] [b143] [b1] [b144] [b59] [b53]]
(*Bisect).Logf, 7, 7, []
(*Bisect).Run, 7, 3, [[b1] [b2 b4 b6 b7 b3] [b5]]
skipHexDigits.func1, 5, 5, []
(*Bisect).Fatalf, 7, 7, []
main.func1, 12, 12, []
main.func2, 12, 12, []
