medianCmpFunc[go.shape.interface { Info() (io/fs.FileInfo, error); IsDir() bool; Name() string; Type() io/fs.FileMode }], 22, 22, []
ReadFile, 34, 23, [[b1] [b2] [b3] [b5 b24 b6] [b8] [b7] [b4] [b9] [b12] [b17] [b23] [b15] [b20 b21 b41 b37 b48 b33 b30 b49 b29 b27] [b32] [b40] [b44] [b39] [b47] [b36] [b46] [b50] [b14] [b11]]
globWithLimit, 63, 49, [[b1] [b2] [b4] [b5] [b7 b66 b8] [b10] [b9] [b6] [b11] [b13] [b15 b17 b31 b24 b20] [b34] [b37] [b40] [b82] [b78] [b36] [b30] [b27] [b23] [b33] [b39 b41 b45] [b42] [b44] [b47] [b49] [b54] [b63] [b58] [b60] [b65 b67 b81 b74 b70] [b84] [b80] [b77] [b73] [b83] [b59] [b87] [b50] [b85] [b88] [b90 b92 b91] [b93] [b95] [b89] [b86] [b14] [b12] [b3]]
ReadDir, 26, 22, [[b1] [b2] [b3] [b5 b26 b6] [b8] [b7] [b4] [b9] [b12] [b15] [b16] [b18 b25 b19] [b21] [b20] [b17] [b27] [b28] [b30] [b29] [b31] [b14] [b11]]
(*subFS).Glob, 61, 42, [[b1] [b2] [b63] [b7] [b58] [b11] [b12 b57 b61 b65 b14 b19 b17 b34 b32 b18 b24 b33 b28 b25 b13 b20 b16 b21 b55 b36] [b15] [b42] [b41] [b43] [b10] [b45] [b6] [b48] [b26] [b46] [b59] [b51] [b53] [b50] [b5] [b54] [b8] [b62] [b64] [b47] [b49] [b29] [b67] [b52] [b35] [b27] [b66] [b68] [b23] [b38] [b60] [b56] [b40] [b9] [b3]]
(*subFS).ReadDir, 30, 30, []
(*subFS).Open, 30, 30, []
(*subFS).ReadFile, 30, 30, []
cleanGlobPath, 3, 3, []
order2CmpFunc[go.shape.interface { Info() (io/fs.FileInfo, error); IsDir() bool; Name() string; Type() io/fs.FileMode }], 7, 7, []
ValidPath, 32, 15, [[b1] [b3] [b2] [b41] [b7] [b35] [b4] [b10 b11 b39 b44 b38 b31 b32 b18 b6 b25 b26 b23 b16 b33 b27 b17 b13 b15] [b22] [b42] [b36] [b30] [b21] [b40] [b5]]
siftDownCmpFunc[go.shape.interface { Info() (io/fs.FileInfo, error); IsDir() bool; Name() string; Type() io/fs.FileMode }], 22, 8, [[b1] [b3 b27 b22 b29 b4 b18 b16 b14 b26 b15 b24 b8 b6 b10 b9] [b11] [b13] [b17] [b19] [b21] [b5]]
insertionSortCmpFunc[go.shape.interface { Info() (io/fs.FileInfo, error); IsDir() bool; Name() string; Type() io/fs.FileMode }], 21, 7, [[b1] [b2 b4 b10 b20 b14 b6 b12 b3 b21 b11 b18 b23 b8 b16 b7] [b5] [b13] [b15] [b17] [b19]]
(*subFS).shorten, 15, 15, []
(*subFS).fullName, 9, 9, []
(*FileMode).String, 3, 3, []
FileInfoToDirEntry, 3, 3, []
breakPatternsCmpFunc[go.shape.interface { Info() (io/fs.FileInfo, error); IsDir() bool; Name() string; Type() io/fs.FileMode }], 17, 8, [[b1] [b18] [b6] [b7 b19 b3 b21 b9 b14 b12 b16 b13 b11] [b10] [b2] [b15] [b17]]
hasMeta, 11, 7, [[b1] [b2 b4 b18 b11 b7] [b5] [b17] [b14] [b10] [b12]]
pdqsortCmpFunc[go.shape.interface { Info() (io/fs.FileInfo, error); IsDir() bool; Name() string; Type() io/fs.FileMode }], 65, 15, [[b1] [b3 b4 b65 b66 b58 b67 b68 b53 b62 b64 b54 b60 b24 b56 b59 b40 b28 b15 b55 b52 b50 b35 b26 b49 b33 b37 b43 b34 b36 b27 b31 b47 b29 b6 b39 b41 b38] [b61] [b63] [b57] [b42] [b44] [b32] [b7] [b8 b10 b16 b45 b20 b12 b18 b9 b46 b17 b51 b48 b14 b22 b13] [b30] [b19] [b21] [b23] [b25]]
reverseRangeCmpFunc[go.shape.interface { Info() (io/fs.FileInfo, error); IsDir() bool; Name() string; Type() io/fs.FileMode }], 11, 5, [[b1] [b2 b11 b10 b13 b4 b6 b3] [b5] [b7] [b9]]
partitionEqualCmpFunc[go.shape.interface { Info() (io/fs.FileInfo, error); IsDir() bool; Name() string; Type() io/fs.FileMode }], 34, 14, [[b1] [b3] [b2] [b5] [b8] [b29] [b43] [b41] [b11 b21 b19 b31 b12 b36 b34 b27 b28 b38 b32 b24 b30 b17 b26 b18 b40 b22 b14 b20 b16] [b23] [b33] [b37] [b39] [b13]]
partialInsertionSortCmpFunc[go.shape.interface { Info() (io/fs.FileInfo, error); IsDir() bool; Name() string; Type() io/fs.FileMode }], 51, 10, [[b1] [b2 b4 b64 b53 b28 b54 b59 b60 b33 b50 b56 b65 b58 b39 b49 b47 b51 b44 b67 b30 b36 b40 b57 b26 b29 b61 b52 b20 b42 b63 b18 b32 b16 b9 b10 b62 b14 b6 b12 b3 b8 b11] [b5] [b13] [b15] [b21] [b23] [b55] [b19] [b17]]
.eq.struct { Cache *struct { Mask uintptr; Entries [1]struct { Typ uintptr; Itab uintptr } }; Inter *struct { Type struct { Size_ uintptr; PtrBytes uintptr; Hash uint32; TFlag uint8; Align_ uint8; FieldAlign_ uint8; Kind_ uint8; Equal unsafe.Pointer; GCData *uint8; Str int32; PtrToThis int32 }; PkgPath struct { Bytes *uint8 }; Methods []struct { Name int32; Typ int32 } }; CanFail bool }, 6, 6, []
.eq.io/fs.subFS, 10, 10, []
(*FileMode).IsDir, 3, 3, []
(*FileMode).IsRegular, 3, 3, []
(*FileMode).Perm, 3, 3, []
(*FileMode).Type, 3, 3, []
(*subFS).fixErr, 28, 28, []
(*dirInfo).IsDir, 3, 3, []
(*dirInfo).Name, 3, 3, []
.eq.io/fs.PathError, 14, 14, []
(*PathError).Timeout, 12, 10, [[b1] [b2] [b3] [b5 b11 b6] [b8] [b7] [b4] [b12] [b10] [b9]]
(*dirInfo).String, 3, 3, []
WalkDir, 18, 18, []
choosePivotCmpFunc[go.shape.interface { Info() (io/fs.FileInfo, error); IsDir() bool; Name() string; Type() io/fs.FileMode }], 11, 11, []
heapSortCmpFunc[go.shape.interface { Info() (io/fs.FileInfo, error); IsDir() bool; Name() string; Type() io/fs.FileMode }], 14, 7, [[b1] [b2 b4] [b5] [b6 b15 b14 b17 b8 b10 b7] [b9] [b11] [b13]]
(*dirInfo).Info, 3, 3, []
Sub, 27, 25, [[b1] [b3] [b26] [b19] [b20] [b25] [b8] [b18] [b2] [b6] [b7] [b23] [b4] [b9] [b10] [b12 b24 b13] [b15] [b14] [b11] [b16] [b27] [b21] [b22] [b17] [b5]]
(*subFS).Sub, 11, 11, []
partitionCmpFunc[go.shape.interface { Info() (io/fs.FileInfo, error); IsDir() bool; Name() string; Type() io/fs.FileMode }], 69, 39, [[b1] [b3] [b2] [b5] [b8] [b76] [b89] [b87] [b10 b12 b14 b86 b18 b15] [b17] [b13] [b20 b22 b24 b84 b28 b25] [b27] [b23] [b30] [b41] [b40] [b43] [b46] [b58] [b79] [b71] [b49 b47 b44 b61 b50 b74 b72 b65 b66 b78 b70 b62 b67 b55 b64 b56 b82 b60 b52 b57 b54] [b59] [b69] [b75] [b77] [b51] [b83] [b88] [b42] [b45] [b39] [b31] [b33] [b38] [b68] [b85] [b81]]
FileMode.String, 30, 13, [[b1] [b2 b4 b14 b11 b6 b10 b7 b8 b3] [b5] [b31] [b15] [b13] [b17 b19 b27 b29 b25 b26 b21 b22 b23 b18] [b20] [b32] [b33] [b30] [b28] [b12]]
glob, 17, 6, [[b1] [b2] [b4 b6 b10 b13 b8 b17 b11 b5 b15 b16 b14 b12] [b7] [b9] [b3]]
FormatDirEntry, 26, 26, []
ReadLink, 17, 15, [[b1] [b2] [b3] [b5 b15 b6] [b8] [b7] [b4] [b10] [b17] [b13] [b14] [b16] [b11] [b12] [b9]]
Lstat, 11, 9, [[b1] [b2] [b3] [b5 b11 b6] [b8] [b7] [b4] [b10] [b9]]
walkDir, 38, 36, [[b1] [b3] [b23] [b2] [b4] [b9] [b13] [b14] [b12] [b22 b24 b26] [b36] [b29] [b37] [b32] [b38] [b30] [b31] [b25] [b15] [b33] [b16] [b17] [b35] [b18] [b34] [b21] [b20] [b5] [b27] [b6] [b7] [b19] [b8] [b28] [b11] [b10]]
(*dirInfo).Type, 3, 3, []
(*subFS).Lstat, 32, 32, []
(*subFS).ReadLink, 32, 32, []
FormatFileInfo, 46, 44, [[b2] [b17] [b16] [b15] [b35] [b18] [b4] [b21] [b1] [b23] [b22] [b19] [b26] [b38] [b27] [b28] [b25] [b24] [b29 b31 b30] [b32] [b36] [b37] [b41] [b40] [b39] [b20] [b42] [b43] [b46] [b45] [b44] [b13] [b47] [b48] [b51] [b50] [b49] [b11] [b53] [b10] [b54] [b55] [b52] [b34]]
Stat, 13, 11, [[b1] [b2] [b3] [b5 b16 b6] [b8] [b7] [b4] [b9] [b17] [b14] [b11]]
init, 16, 16, []
.eq.[2]string, 12, 10, [[b1] [b3] [b2] [b6] [b5] [b7 b9 b8] [b10] [b12] [b4] [b13]]
