(*onceError).TryLock, 9, 9, []
(*discard).Write, 3, 3, []
WriteString, 11, 9, [[b1] [b2] [b3] [b5 b11 b6] [b8] [b7] [b4] [b9] [b10]]
(*nopCloserWriterTo).WriteTo, 11, 9, [[b1] [b3] [b2] [b4] [b5] [b7 b6 b8] [b10] [b9] [b11]]
CopyN, 11, 11, []
(*onceError).Store, 12, 12, []
copyBuffer, 61, 41, [[b1] [b2] [b3] [b5 b38 b6] [b8] [b7] [b4] [b9] [b11] [b12] [b14 b31 b15] [b17] [b16] [b13] [b18] [b21] [b23] [b22] [b24] [b61] [b25] [b60] [b29] [b28] [b27] [b30] [b20] [b33 b34 b36 b41 b50 b48 b44 b52 b46 b42 b26 b47 b40 b45 b37 b43 b32] [b39] [b53] [b56] [b59] [b57] [b58] [b55] [b54] [b51] [b49] [b35] [b19] [b10]]
NewOffsetWriter, 4, 4, []
(*multiReader).Read, 47, 14, [[b1] [b2 b4 b16 b30 b45 b20 b26 b14 b40 b29 b12 b17 b41 b28 b10 b11 b6 b39 b38 b27 b8 b15 b19 b47 b35 b3 b7 b13 b24 b23 b46 b9 b22 b18] [b5] [b21] [b25] [b31] [b42] [b32] [b33] [b44] [b34] [b43] [b37] [b36]]
LimitReader, 4, 4, []
TeeReader, 4, 4, []
ReadAtLeast, 22, 19, [[b1] [b2] [b4 b6 b10 b8] [b11] [b13] [b7] [b16] [b9] [b18] [b20] [b19] [b17] [b12] [b22] [b21] [b5] [b15] [b14] [b3]]
(*OffsetWriter).Seek, 8, 8, []
(*onceError).Store.deferwrap1, 7, 7, []
(*SectionReader).Seek, 10, 10, []
NewSectionReader, 4, 4, []
init.func1, 4, 4, []
(*multiWriter).Write, 8, 5, [[b1] [b2 b4 b6 b3] [b5] [b9] [b7]]
MultiReader, 4, 4, []
(*pipe).write, 16, 13, [[b3] [b6] [b9] [b8] [b10] [b11] [b12] [b2] [b19 b20 b24 b16] [b33] [b30] [b27] [b7]]
(*pipe).readCloseError, 6, 6, []
discard.ReadFrom, 11, 10, [[b1] [b3] [b2] [b5 b6] [b9] [b8] [b12] [b4] [b10] [b11]]
(*pipe).writeCloseError, 6, 6, []
(*pipe).read, 8, 8, []
Pipe, 4, 4, []
(*multiReader).writeToWithBuffer, 22, 13, [[b1] [b2 b8 b20 b13 b4 b12 b9 b10 b11 b3] [b5] [b21] [b6] [b15] [b19] [b14] [b17] [b16] [b22] [b18] [b7]]
.eq.io.LimitedReader, 7, 7, []
(*pipe).write.deferwrap1, 7, 7, []
(*discard).ReadFrom, 3, 3, []
(*multiWriter).WriteString, 22, 5, [[b1] [b2 b4 b18 b13 b14 b16 b8 b22 b17 b6 b11 b12 b15 b3 b9 b10 b7 b20] [b5] [b21] [b19]]
CopyBuffer, 6, 6, []
.eq.io.onceError, 10, 10, []
.eq.io.teeReader, 10, 10, []
.eq.struct { Cache *struct { Mask uintptr; Entries [1]struct { Typ uintptr; Itab uintptr } }; Inter *struct { Type struct { Size_ uintptr; PtrBytes uintptr; Hash uint32; TFlag uint8; Align_ uint8; FieldAlign_ uint8; Kind_ uint8; Equal unsafe.Pointer; GCData *uint8; Str int32; PtrToThis int32 }; PkgPath struct { Bytes *uint8 }; Methods []struct { Name int32; Typ int32 } }; CanFail bool }, 6, 6, []
.eq.io.OffsetWriter, 10, 10, []
(*OffsetWriter).WriteAt, 3, 3, []
nopCloserWriterTo.WriteTo, 9, 7, [[b1] [b2] [b3] [b5 b9 b6] [b8] [b7] [b4]]
MultiWriter, 22, 6, [[b1] [b2 b4 b12 b19 b13 b14 b22 b18 b10 b16 b8 b20 b15 b6 b7 b11 b3] [b5] [b21] [b9] [b17]]
(*teeReader).Read, 8, 8, []
(*pipe).closeRead, 7, 7, []
(*pipe).closeWrite, 7, 7, []
(*nopCloserWriterTo).Close, 3, 3, []
(*nopCloser).Close, 3, 3, []
ReadAll, 46, 22, [[b8] [b16 b12 b64 b67 b22 b36 b62 b20 b58 b63 b34 b65 b53 b32 b56 b57 b51 b54 b11 b60 b52] [b19] [b59] [b23] [b61] [b26] [b55] [b25] [b24] [b27] [b30] [b29] [b35] [b33] [b38] [b40 b42 b45 b46 b41] [b43] [b49] [b48] [b47] [b28]]
(*LimitedReader).Read, 6, 6, []
(*onceError).Lock, 7, 7, []
NopCloser, 11, 9, [[b1] [b2] [b3] [b5 b11 b6] [b8] [b7] [b4] [b9] [b10]]
.eq.io.SectionReader, 14, 14, []
(*SectionReader).ReadAt, 13, 13, []
(*onceError).Unlock, 7, 7, []
.eq.io.pipe, 39, 39, []
(*SectionReader).Read, 8, 8, []
(*eofReader).Read, 3, 3, []
(*onceError).Load, 7, 7, []
(*discard).WriteString, 3, 3, []
(*onceError).Load.deferwrap1, 7, 7, []
