(*runtimeSource).read, 13, 13, []
NewZipf, 9, 9, []
(*lockedSource).Uint64, 23, 23, []
(*lockedSource).Int63, 23, 23, []
(*Rand).Float32, 7, 3, [[b1] [b2 b9 b7 b4 b6] [b8]]
(*lockedSource).read, 13, 13, []
(*lockedSource).seedPos, 13, 13, []
Seed, 23, 21, [[b1] [b5] [b7] [b10] [b9] [b13] [b16] [b18 b6 b19] [b21] [b20] [b23] [b17] [b15] [b12] [b25] [b22] [b24] [b14] [b4] [b8] [b3]]
(*lockedSource).seed, 7, 7, []
(*Rand).NormFloat64, 22, 9, [[b1] [b15 b4 b51 b40 b17 b42 b13] [b46] [b18] [b20 b21 b34 b30 b28 b32 b24 b26] [b22] [b37] [b38] [b14]]
(*Rand).ExpFloat64, 14, 7, [[b1] [b12 b4 b34 b23 b14 b25 b10] [b29] [b15] [b17 b19] [b21] [b11]]
absInt32, 3, 3, []
(*Rand).Intn, 5, 5, []
(*Rand).Shuffle, 9, 7, [[b1] [b2] [b4 b6] [b7] [b8 b10] [b11] [b3]]
(*Zipf).Uint64, 12, 7, [[b1] [b3] [b2] [b5 b6 b16 b12 b9 b11] [b18] [b14] [b7]]
.eq.math/rand.runtimeSource, 4, 4, []
(*Rand).Perm, 6, 4, [[b1] [b2 b4 b3] [b5] [b7]]
(*Rand).Read, 14, 14, []
.eq.math/rand.lockedSource, 6, 6, []
.eq.struct { Cache *struct { Mask uintptr; Entries [1]struct { Typ uintptr; Itab uintptr } }; Inter *struct { Type struct { Size_ uintptr; PtrBytes uintptr; Hash uint32; TFlag uint8; Align_ uint8; FieldAlign_ uint8; Kind_ uint8; Equal unsafe.Pointer; GCData *uint8; Str int32; PtrToThis int32 }; PkgPath struct { Bytes *uint8 }; Methods []struct { Name int32; Typ int32 } }; CanFail bool }, 6, 6, []
.eq.[256]float32, 9, 6, [[b1] [b2 b4 b6 b3] [b11] [b7] [b10] [b8]]
(*rngSource).Uint64, 11, 11, []
.eq.[128]float32, 9, 6, [[b1] [b2 b4 b6 b3] [b11] [b7] [b10] [b8]]
New, 12, 10, [[b1] [b2] [b3] [b5 b11 b6] [b8] [b7] [b4] [b12] [b9] [b10]]
.eq.math/rand.Rand, 15, 15, []
(*rngSource).Seed, 7, 3, [[b1] [b6 b8 b21 b23 b7] [b9]]
(*Rand).Seed, 3, 3, []
(*Rand).Float64, 4, 3, [[b1] [b3 b5] [b4]]
.eq.math/rand.Zipf, 18, 18, []
(*rngSource).Int63, 11, 11, []
read, 23, 8, [[b1] [b3] [b2] [b4] [b5 b7 b20 b11 b6 b25 b13 b18 b10 b16 b27 b17 b14 b9 b15 b12] [b8] [b19] [b21]]
(*Rand).Int63n, 8, 7, [[b1] [b2] [b9] [b10 b12] [b15] [b6] [b3]]
globalRand, 23, 21, [[b2] [b3] [b8] [b9] [b6] [b7] [b1] [b11] [b10] [b12] [b14 b5 b15] [b17] [b16] [b18] [b23] [b21] [b13] [b19] [b22] [b20] [b4]]
(*Rand).Uint64, 3, 3, []
Float64, 4, 3, [[b1] [b3 b5] [b6]]
(*lockedSource).Seed, 13, 13, []
(*Rand).Int31n, 8, 7, [[b1] [b2] [b11] [b12 b14] [b18] [b7] [b3]]
(*Rand).int31n, 7, 6, [[b3] [b5] [b6] [b8 b10] [b11] [b4]]
.eq.go.shape.struct { internal/godebug.text string; internal/godebug.bisect *internal/bisect.Matcher }, 7, 7, []
.eq.go.shape.struct { math/rand.src math/rand.Source; math/rand.s64 math/rand.Source64; math/rand.readVal int64; math/rand.readPos int8 }, 15, 15, []
