Prefix.Compare, 10, 10, []
AddCleanup[go.shape.struct { net/netip.isV6 bool; net/netip.zoneV6 string },go.shape.struct {}], 67, 62, [[b1] [b67] [b4] [b20] [b65] [b33] [b6] [b35] [b9] [b17] [b27] [b12] [b11] [b13] [b18] [b19] [b15] [b10] [b5] [b22] [b23] [b21] [b25] [b29] [b34] [b32] [b31] [b36] [b40] [b69] [b68] [b66] [b43] [b59] [b44] [b60] [b47] [b48] [b46] [b42] [b57] [b51] [b53 b54 b52 b45 b58 b56] [b61] [b55] [b50] [b41] [b63] [b62] [b16] [b8] [b3] [b30] [b70] [b64] [b49] [b37] [b38] [b39] [b28] [b26] [b24]]
ParsePrefix, 64, 62, [[b1] [b2 b4 b8] [b5] [b7] [b10] [b11] [b14] [b15] [b17] [b21] [b22] [b25] [b83] [b80] [b58] [b24] [b27] [b26] [b33] [b30] [b28] [b41] [b36] [b53] [b72] [b74] [b46] [b45] [b87] [b73] [b75] [b79] [b85] [b84] [b90] [b82] [b39] [b93] [b35] [b62] [b92] [b96] [b97] [b56] [b47] [b98] [b100] [b64] [b63] [b78] [b54] [b57] [b66] [b69] [b29] [b3] [b37] [b40] [b49] [b52] [b18] [b12]]
AddrPort.Compare, 8, 8, []
(*HashTrieMap[go.shape.*internal/abi.Type,go.shape.interface {}]).LoadAndDelete, 62, 42, [[b2] [b45] [b4] [b6] [b8] [b63] [b10] [b12] [b11] [b13] [b61] [b15] [b16] [b9] [b7] [b18] [b19] [b21] [b23] [b22] [b24] [b52] [b26] [b27] [b20] [b37] [b38 b40 b46 b71 b69 b67 b68 b66 b60 b59 b58 b56 b57 b54 b39 b42 b62 b53 b44 b43 b50] [b41] [b74] [b73] [b75] [b76] [b77] [b78] [b55] [b30] [b32] [b31] [b33] [b49] [b35] [b36]]
(*HashTrieMap[go.shape.*internal/abi.Type,go.shape.interface {}]).initSlow, 18, 18, []
(*HashTrieMap[go.shape.*internal/abi.Type,go.shape.interface {}]).CompareAndDelete, 64, 44, [[b2] [b47] [b4] [b5] [b7] [b8] [b10] [b65] [b12] [b14] [b13] [b15] [b63] [b17] [b18] [b11] [b9] [b20] [b21] [b23] [b25] [b24] [b26] [b54] [b28] [b29] [b22] [b39] [b40 b42 b48 b73 b71 b69 b70 b68 b62 b61 b60 b58 b59 b56 b41 b44 b64 b55 b46 b45 b52] [b43] [b76] [b75] [b77] [b78] [b79] [b80] [b57] [b32] [b34] [b33] [b35] [b51] [b37] [b38]]
Addr.appendTo4, 70, 70, []
Addr.AsSlice, 5, 5, []
Addr.String, 10, 10, []
Addr.AppendTo, 10, 10, []
Addr.marshalBinarySize, 5, 5, []
(*HashTrieMap[go.shape.*internal/abi.Type,go.shape.interface {}]).init, 4, 4, []
(*HashTrieMap[go.shape.*internal/abi.Type,go.shape.interface {}]).initSlow.deferwrap1, 7, 7, []
newEntryNode[go.shape.*internal/abi.Type,go.shape.interface {}], 4, 4, []
(*HashTrieMap[go.shape.*internal/abi.Type,go.shape.interface {}]).find, 40, 8, [[b1] [b6 b4 b15 b57 b55 b53 b54 b51 b30 b29 b47 b46 b48 b43 b42 b41 b39 b40 b37 b23 b14 b25 b20 b35 b27 b19 b24 b18 b21 b12 b11 b7 b9] [b38] [b13] [b33] [b10] [b17] [b52]]
Prefix.isZero, 9, 9, []
mask6, 6, 6, []
newIndirectNode[go.shape.struct { net/netip.isV6 bool; net/netip.zoneV6 string }], 4, 4, []
newIndirectNode[go.shape.*internal/abi.Type,go.shape.interface {}], 4, 4, []
Escape[go.shape.func(go.shape.struct {})], 7, 7, []
Escape[go.shape.*uint8], 7, 7, []
(*node[go.shape.struct { net/netip.isV6 bool; net/netip.zoneV6 string }]).indirect, 3, 3, []
(*node[go.shape.struct { net/netip.isV6 bool; net/netip.zoneV6 string }]).entry, 3, 3, []
(*entry[go.shape.struct { net/netip.isV6 bool; net/netip.zoneV6 string }]).hasWeakPointer, 6, 4, [[b1] [b2 b4 b3] [b5] [b7]]
(*entry[go.shape.struct { net/netip.isV6 bool; net/netip.zoneV6 string }]).lookup, 16, 4, [[b1] [b2 b4 b17 b15 b14 b13 b9 b8 b12 b10 b7 b6 b3] [b5] [b16]]
init, 7, 7, []
Addr.AppendBinary, 21, 21, []
(*node[go.shape.*internal/abi.Type,go.shape.interface {}]).indirect, 3, 3, []
(*node[go.shape.*internal/abi.Type,go.shape.interface {}]).entry, 3, 3, []
appendHexPad, 4, 4, []
Addr.IsInterfaceLocalMulticast, 11, 11, []
Addr.Unmap, 11, 11, []
Addr.BitLen, 5, 5, []
(*entry[go.shape.*internal/abi.Type,go.shape.interface {}]).lookupWithValue, 12, 4, [[b1] [b2 b4 b13 b11 b6 b3 b9 b10 b7] [b5] [b12]]
Addr.As4, 14, 14, []
(*parsePrefixError).Error, 3, 3, []
(*AddrPort).String, 3, 3, []
(*AddrPort).Compare, 3, 3, []
(*AddrPort).AppendTo, 3, 3, []
(*parseAddrError).Error, 3, 3, []
(*entry[go.shape.*internal/abi.Type,go.shape.interface {}]).lookup, 6, 4, [[b1] [b2 b4 b3] [b5] [b7]]
(*Addr).Compare, 3, 3, []
(*Prefix).String, 3, 3, []
(*Addr).IsGlobalUnicast, 3, 3, []
(*Prefix).Overlaps, 3, 3, []
(*Addr).AppendTo, 3, 3, []
(*indirect[go.shape.struct { net/netip.isV6 bool; net/netip.zoneV6 string }]).empty, 6, 4, [[b1] [b2 b4 b8] [b5] [b10]]
(*Addr).IsLinkLocalMulticast, 3, 3, []
(*Prefix).Contains, 3, 3, []
(*Prefix).Compare, 3, 3, []
(*Addr).StringExpanded, 3, 3, []
(*Prefix).AppendTo, 3, 3, []
Pointer[go.shape.struct { net/netip.isV6 bool; net/netip.zoneV6 string }].Value, 3, 3, []
(*Addr).IsLoopback, 3, 3, []
(*Addr).IsMulticast, 3, 3, []
(*Addr).IsPrivate, 3, 3, []
AddrFromSlice, 5, 5, []
Addr.withoutZone, 6, 6, []
(*Addr).appendTo6, 3, 3, []
(*HashTrieMap[go.shape.*internal/abi.Type,go.shape.interface {}]).iter, 16, 5, [[b1] [b2 b4 b10 b16 b24 b8 b15 b21 b9 b20 b23 b22] [b5] [b17] [b26]]
(*Addr).appendTo4In6, 3, 3, []
(*Addr).String, 3, 3, []
(*Addr).appendTo4, 3, 3, []
Addr.Is6, 4, 4, []
(*Addr).IsLinkLocalUnicast, 3, 3, []
(*Addr).WithZone, 3, 3, []
Addr.IsLinkLocalUnicast, 18, 18, []
appendDecimal, 16, 16, []
Addr.IsPrivate, 27, 27, []
Addr.IsLoopback, 18, 18, []
Addr.IsMulticast, 15, 15, []
Addr.IsLinkLocalMulticast, 21, 21, []
ParseAddr, 10, 6, [[b1] [b2 b4 b15 b11 b7] [b5] [b19] [b16] [b12]]
appendHex, 22, 22, []
Addr.WithZone, 8, 8, []
(*indirect[go.shape.*internal/abi.Type,go.shape.interface {}]).empty, 4, 3, [[b1] [b2 b8] [b5]]
Addr.hasZone, 7, 7, []
(*HashTrieMap[*internal/abi.Type,interface {}]).init, 4, 4, []
newEntryNode[go.shape.struct { net/netip.isV6 bool; net/netip.zoneV6 string }], 7, 7, []
(*HashTrieMap[go.shape.*internal/abi.Type,go.shape.interface {}]).All, 7, 7, []
.eq.net/netip.Prefix, 8, 8, []
.eq.net/netip.AddrPort, 8, 8, []
Addr.StringExpanded, 44, 20, [[b1] [b3] [b14] [b16 b18 b34 b42 b43 b36 b41 b2 b37 b35 b8 b23 b40 b38 b17 b32 b26 b27 b21 b25 b30 b29 b12 b24 b22] [b19] [b46] [b31] [b47] [b48] [b52] [b50] [b51] [b55] [b54] [b53] [b33] [b45] [b7] [b4] [b5]]
(*AddrPort).AppendBinary, 3, 3, []
(*Prefix).AppendBinary, 3, 3, []
.eq.[16]sync/atomic.Pointer[internal/sync.node[*internal/abi.Type,interface {}]], 6, 4, [[b1] [b2 b4 b3] [b9] [b8]]
.eq.[16]sync/atomic.Pointer[unique.node[net/netip.addrDetail]], 6, 4, [[b1] [b2 b4 b3] [b9] [b8]]
(*AddrPort).MarshalText, 3, 3, []
(*AddrPort).MarshalBinary, 3, 3, []
(*Addr).MarshalText, 3, 3, []
(*Prefix).MarshalBinary, 3, 3, []
(*Addr).Prefix, 3, 3, []
(*Prefix).MarshalText, 3, 3, []
(*Addr).MarshalBinary, 3, 3, []
(*Prefix).IsValid, 3, 3, []
.eq.net/netip.addrDetail, 7, 7, []
.eq.internal/sync.entry[*internal/abi.Type,interface {}], 12, 12, []
(*Addr).AsSlice, 8, 8, []
(*AddrPort).Port, 3, 3, []
(*uint128).isZero, 3, 3, []
(*canonMap[go.shape.struct { net/netip.isV6 bool; net/netip.zoneV6 string }]).cleanup, 36, 14, [[b1] [b6 b4 b54 b38 b35 b34 b20 b19 b18 b21 b12 b11 b7 b9] [b33] [b13] [b28] [b41] [b45] [b46] [b42] [b47 b49 b48 b51 b61 b56 b59 b53 b52 b55] [b14] [b64] [b15] [b50]]
(*uint128).not, 3, 3, []
(*AddrPort).Addr, 3, 3, []
(*Addr).marshalBinarySize, 8, 8, []
.eq.unique.entry[net/netip.addrDetail], 8, 8, []
(*Prefix).Bits, 3, 3, []
(*Prefix).Addr, 3, 3, []
(*uint128).or, 3, 3, []
(*struct { internal/sync.node = internal/sync.node[go.shape.*internal/abi.Type,go.shape.interface {}]; internal/sync.dead sync/atomic.Bool; internal/sync.mu internal/sync.Mutex; internal/sync.parent *internal/sync.indirect[go.shape.*internal/abi.Type,go.shape.interface {}]; internal/sync.children [16]sync/atomic.Pointer[go.shape.struct { internal/sync.isEntry bool }] }).internal/sync.entry, 3, 3, []
(*indirect[go.shape.*internal/abi.Type,go.shape.interface {}]).indirect, 3, 3, []
(*struct { unique.node = unique.node[go.shape.struct { net/netip.isV6 bool; net/netip.zoneV6 string }]; unique.dead sync/atomic.Bool; unique.parent *unique.indirect[go.shape.struct { net/netip.isV6 bool; net/netip.zoneV6 string }]; unique.mu sync.Mutex; unique.children [16]sync/atomic.Pointer[go.shape.struct { unique.isEntry bool }] }).unique.indirect, 3, 3, []
(*Addr).isZero, 3, 3, []
(*node[net/netip.addrDetail]).entry, 3, 3, []
(*node[net/netip.addrDetail]).indirect, 3, 3, []
Prefix.IsSingleIP, 9, 9, []
(*Addr).IsValid, 3, 3, []
(*indirect[go.shape.*internal/abi.Type,go.shape.interface {}]).entry, 3, 3, []
(*uint128).xor, 3, 3, []
(*indirect[go.shape.struct { net/netip.isV6 bool; net/netip.zoneV6 string }]).entry, 3, 3, []
(*struct { internal/sync.node = internal/sync.node[go.shape.*internal/abi.Type,go.shape.interface {}]; internal/sync.overflow sync/atomic.Pointer[internal/sync.entry[go.shape.*internal/abi.Type,go.shape.interface {}]]; internal/sync.key go.shape.*internal/abi.Type; internal/sync.value go.shape.interface {} }).internal/sync.entry, 3, 3, []
(*entry[go.shape.*internal/abi.Type,go.shape.interface {}]).indirect, 3, 3, []
(*struct { internal/sync.node = internal/sync.node[go.shape.*internal/abi.Type,go.shape.interface {}]; internal/sync.overflow sync/atomic.Pointer[internal/sync.entry[go.shape.*internal/abi.Type,go.shape.interface {}]]; internal/sync.key go.shape.*internal/abi.Type; internal/sync.value go.shape.interface {} }).internal/sync.indirect, 3, 3, []
(*Addr).v4, 3, 3, []
(*entry[go.shape.*internal/abi.Type,go.shape.interface {}]).entry, 3, 3, []
(*uint128).and, 3, 3, []
(*struct { internal/sync.node = internal/sync.node[go.shape.*internal/abi.Type,go.shape.interface {}]; internal/sync.dead sync/atomic.Bool; internal/sync.mu internal/sync.Mutex; internal/sync.parent *internal/sync.indirect[go.shape.*internal/abi.Type,go.shape.interface {}]; internal/sync.children [16]sync/atomic.Pointer[go.shape.struct { internal/sync.isEntry bool }] }).internal/sync.indirect, 3, 3, []
(*entry[go.shape.struct { net/netip.isV6 bool; net/netip.zoneV6 string }]).entry, 3, 3, []
Addr.Zone, 3, 3, []
.eq.net/netip.parsePrefixError, 9, 9, []
(*node[*internal/abi.Type,interface {}]).entry, 3, 3, []
(*entry[go.shape.struct { net/netip.isV6 bool; net/netip.zoneV6 string }]).indirect, 3, 3, []
(*node[*internal/abi.Type,interface {}]).indirect, 3, 3, []
(*Addr).Unmap, 13, 13, []
(*Handle[go.shape.struct { net/netip.isV6 bool; net/netip.zoneV6 string }]).Value, 3, 3, []
(*struct { unique.node = unique.node[go.shape.struct { net/netip.isV6 bool; net/netip.zoneV6 string }]; unique.overflow sync/atomic.Pointer[unique.entry[go.shape.struct { net/netip.isV6 bool; net/netip.zoneV6 string }]]; unique.key weak.Pointer[go.shape.struct { net/netip.isV6 bool; net/netip.zoneV6 string }]; unique.hash uintptr }).unique.entry, 3, 3, []
.eq.internal/sync.indirect[*internal/abi.Type,interface {}], 13, 13, []
(*indirect[go.shape.struct { net/netip.isV6 bool; net/netip.zoneV6 string }]).indirect, 3, 3, []
.eq.unique.indirect[net/netip.addrDetail], 13, 13, []
(*Addr).Is4, 3, 3, []
(*struct { unique.node = unique.node[go.shape.struct { net/netip.isV6 bool; net/netip.zoneV6 string }]; unique.overflow sync/atomic.Pointer[unique.entry[go.shape.struct { net/netip.isV6 bool; net/netip.zoneV6 string }]]; unique.key weak.Pointer[go.shape.struct { net/netip.isV6 bool; net/netip.zoneV6 string }]; unique.hash uintptr }).unique.indirect, 3, 3, []
(*Prefix).isZero, 11, 11, []
(*struct { unique.node = unique.node[go.shape.struct { net/netip.isV6 bool; net/netip.zoneV6 string }]; unique.dead sync/atomic.Bool; unique.parent *unique.indirect[go.shape.struct { net/netip.isV6 bool; net/netip.zoneV6 string }]; unique.mu sync.Mutex; unique.children [16]sync/atomic.Pointer[go.shape.struct { unique.isEntry bool }] }).unique.entry, 3, 3, []
MustParsePrefix, 4, 4, []
(*Addr).UnmarshalText, 9, 9, []
(*AddrPort).UnmarshalText, 9, 9, []
(*Addr).BitLen, 8, 8, []
(*Addr).IsInterfaceLocalMulticast, 14, 14, []
(*Addr).As4, 16, 16, []
MustParseAddr, 4, 4, []
(*Addr).Less, 3, 3, []
MustParseAddrPort, 4, 4, []
(*Prefix).UnmarshalText, 9, 9, []
Addr.appendTo6, 66, 19, [[b1] [b2 b4 b48 b17 b47 b14 b9 b10 b42 b13 b6 b3 b8] [b5] [b18 b20 b36 b55 b53 b16 b52 b41 b22 b51 b56 b46 b49 b35 b33 b45 b62 b40 b43 b34 b57 b39 b27 b29 b37 b26 b44 b32 b50 b25 b24 b38 b31 b23 b19 b30] [b54] [b28] [b21] [b59] [b12] [b60] [b61] [b65] [b63] [b64] [b68] [b67] [b66] [b15] [b58]]
(*Addr).UnmarshalBinary, 21, 21, []
(*entry[net/netip.addrDetail]).hasWeakPointer, 7, 5, [[b1] [b2 b4 b3] [b5] [b7] [b8]]
Pointer[net/netip.addrDetail].Value, 4, 4, []
(*Addr).string4, 3, 3, []
(*Addr).string4In6, 3, 3, []
Addr.appendTo4In6, 26, 26, []
(*Addr).string6, 3, 3, []
.eq.net/netip.parseAddrError, 13, 13, []
(*Addr).Is6, 6, 6, []
(*Addr).withoutZone, 9, 9, []
(*indirect[net/netip.addrDetail]).empty, 7, 5, [[b1] [b2 b4 b8] [b5] [b10] [b11]]
(*Pointer[go.shape.struct { net/netip.isV6 bool; net/netip.zoneV6 string }]).Value, 6, 6, []
(*indirect[*internal/abi.Type,interface {}]).empty, 4, 3, [[b1] [b2 b8] [b11]]
PrefixFrom, 18, 18, []
parseIPv4, 3, 3, []
AddrPort.AppendTo, 25, 25, []
(*Addr).hasZone, 9, 9, []
parseIPv4Fields, 38, 22, [[b1] [b3] [b2] [b5] [b4] [b6 b8 b25 b27 b23 b42 b39 b35 b38 b19 b17 b34 b12 b32 b10 b28 b30] [b9] [b48] [b51] [b50] [b49] [b13] [b45] [b43] [b29] [b21] [b18] [b40] [b7] [b46] [b26] [b22]]
Make[go.shape.struct { net/netip.isV6 bool; net/netip.zoneV6 string }], 10, 10, []
(*Prefix).AppendText, 3, 3, []
(*AddrPort).AppendText, 3, 3, []
(*Addr).AppendBinary, 23, 23, []
(*Addr).AppendText, 3, 3, []
Addr.Is4In6, 9, 9, []
(*entry[go.shape.*internal/abi.Type,go.shape.interface {}]).compareAndDelete, 14, 9, [[b1] [b18] [b2] [b20] [b8] [b9 b11 b17 b16 b13 b10] [b12] [b19] [b7]]
(*uint128).subOne, 3, 3, []
AddrPort.String, 18, 18, []
(*HashTrieMap[go.shape.*internal/abi.Type,go.shape.interface {}]).Range, 4, 4, []
(*entry[go.shape.*internal/abi.Type,go.shape.interface {}]).compareAndSwap, 23, 18, [[b1] [b21] [b4] [b2] [b12] [b13 b15 b19 b18 b17 b14] [b16] [b25] [b7] [b23] [b22] [b8] [b10] [b26] [b24] [b20] [b11] [b9]]
uint128.bitsClearedFrom, 3, 3, []
(*uint128).addOne, 3, 3, []
(*entry[go.shape.*internal/abi.Type,go.shape.interface {}]).loadAndDelete, 8, 6, [[b1] [b5] [b6 b8 b7] [b9] [b13] [b4]]
(*HashTrieMap[go.shape.*internal/abi.Type,go.shape.interface {}]).expand, 14, 9, [[b1] [b5] [b18] [b20] [b16] [b7 b22 b15 b13 b8 b10] [b9] [b11] [b4]]
Prefix.MarshalText, 6, 6, []
Addr.Prev, 8, 8, []
(*Addr).v6, 3, 3, []
(*indirect[*internal/abi.Type,interface {}]).indirect, 3, 3, []
(*entry[*internal/abi.Type,interface {}]).indirect, 3, 3, []
(*Addr).v6u16, 3, 3, []
(*entry[*internal/abi.Type,interface {}]).entry, 3, 3, []
(*struct { internal/sync.node = internal/sync.node[*internal/abi.Type,interface {}]; internal/sync.dead sync/atomic.Bool; internal/sync.mu internal/sync.Mutex; internal/sync.parent *internal/sync.indirect[*internal/abi.Type,interface {}]; internal/sync.children [16]sync/atomic.Pointer[internal/sync.node[*internal/abi.Type,interface {}]] }).internal/sync.entry, 3, 3, []
Addr.Next, 8, 8, []
Addr.IsGlobalUnicast, 43, 43, []
(*struct { unique.node = unique.node[net/netip.addrDetail]; unique.overflow sync/atomic.Pointer[unique.entry[net/netip.addrDetail]]; unique.key weak.Pointer[net/netip.addrDetail]; unique.hash uintptr }).unique.indirect, 3, 3, []
(*struct { unique.node = unique.node[net/netip.addrDetail]; unique.overflow sync/atomic.Pointer[unique.entry[net/netip.addrDetail]]; unique.key weak.Pointer[net/netip.addrDetail]; unique.hash uintptr }).unique.entry, 3, 3, []
Addr.MarshalText, 11, 11, []
(*Handle[net/netip.addrDetail]).Value, 3, 3, []
AddrPort.MarshalText, 6, 6, []
(*struct { internal/sync.node = internal/sync.node[*internal/abi.Type,interface {}]; internal/sync.overflow sync/atomic.Pointer[internal/sync.entry[*internal/abi.Type,interface {}]]; internal/sync.key *internal/abi.Type; internal/sync.value interface {} }).internal/sync.entry, 3, 3, []
(*struct { unique.node = unique.node[net/netip.addrDetail]; unique.dead sync/atomic.Bool; unique.parent *unique.indirect[net/netip.addrDetail]; unique.mu sync.Mutex; unique.children [16]sync/atomic.Pointer[unique.node[net/netip.addrDetail]] }).unique.indirect, 3, 3, []
(*struct { unique.node = unique.node[net/netip.addrDetail]; unique.dead sync/atomic.Bool; unique.parent *unique.indirect[net/netip.addrDetail]; unique.mu sync.Mutex; unique.children [16]sync/atomic.Pointer[unique.node[net/netip.addrDetail]] }).unique.entry, 3, 3, []
(*entry[net/netip.addrDetail]).entry, 3, 3, []
(*entry[net/netip.addrDetail]).indirect, 3, 3, []
(*indirect[net/netip.addrDetail]).entry, 3, 3, []
(*indirect[net/netip.addrDetail]).indirect, 3, 3, []
Addr.IsUnspecified, 15, 15, []
(*struct { internal/sync.node = internal/sync.node[*internal/abi.Type,interface {}]; internal/sync.overflow sync/atomic.Pointer[internal/sync.entry[*internal/abi.Type,interface {}]]; internal/sync.key *internal/abi.Type; internal/sync.value interface {} }).internal/sync.indirect, 3, 3, []
(*AddrPort).IsValid, 3, 3, []
(*canonMap[go.shape.struct { net/netip.isV6 bool; net/netip.zoneV6 string }]).expand, 14, 9, [[b1] [b5] [b18] [b20] [b16] [b7 b22 b15 b13 b8 b10] [b9] [b11] [b4]]
(*indirect[*internal/abi.Type,interface {}]).entry, 3, 3, []
(*struct { internal/sync.node = internal/sync.node[*internal/abi.Type,interface {}]; internal/sync.dead sync/atomic.Bool; internal/sync.mu internal/sync.Mutex; internal/sync.parent *internal/sync.indirect[*internal/abi.Type,interface {}]; internal/sync.children [16]sync/atomic.Pointer[internal/sync.node[*internal/abi.Type,interface {}]] }).internal/sync.indirect, 3, 3, []
(*entry[go.shape.struct { net/netip.isV6 bool; net/netip.zoneV6 string }]).prune, 21, 9, [[b1] [b2 b4 b8 b7 b6 b3] [b27] [b10] [b5] [b13] [b14] [b15 b17 b23 b26 b21 b20 b19 b16] [b18]]
(*Prefix).IsSingleIP, 11, 11, []
(*entry[go.shape.*internal/abi.Type,go.shape.interface {}]).swap, 17, 15, [[b1] [b9] [b10 b12 b11] [b13] [b19] [b7] [b17] [b16] [b5] [b14] [b20] [b18] [b15] [b8] [b6]]
(*entry[*internal/abi.Type,interface {}]).lookup, 7, 5, [[b1] [b2 b4 b3] [b5] [b7] [b8]]
(*Addr).Zone, 6, 6, []
(*entry[*internal/abi.Type,interface {}]).lookupWithValue, 13, 5, [[b1] [b2 b4 b6 b14 b8 b3 b11 b10 b7] [b5] [b12] [b13]]
(*Pointer[net/netip.addrDetail]).Value, 6, 6, []
(*HashTrieMap[go.shape.*internal/abi.Type,go.shape.interface {}]).Clear, 4, 4, []
parsePrefixError.Error, 4, 4, []
clone[go.shape.struct { net/netip.isV6 bool; net/netip.zoneV6 string }], 4, 3, [[b1] [b2 b4] [b7]]
Addr.MarshalBinary, 26, 26, []
AddrPort.MarshalBinary, 6, 6, []
(*Addr).Is4In6, 11, 11, []
uint128.bitsSetFrom, 3, 3, []
Prefix.Contains, 32, 32, []
Prefix.AppendTo, 53, 53, []
(*Prefix).Masked, 3, 3, []
parseAddrError.Error, 12, 12, []
splitAddrPort, 25, 23, [[b1] [b2 b4 b8] [b5] [b7] [b10] [b11] [b15] [b16] [b19] [b18] [b20] [b28] [b37] [b27] [b30] [b39] [b26] [b34] [b31] [b36] [b25] [b22] [b13]]
Compare[go.shape.int], 5, 5, []
Compare[go.shape.uint16], 5, 5, []
(*uint128).bitsClearedFrom, 5, 5, []
Prefix.String, 3, 3, []
(*Addr).IsUnspecified, 17, 17, []
(*Addr).Next, 11, 11, []
(*Addr).Prev, 11, 11, []
(*canonMap[go.shape.struct { net/netip.isV6 bool; net/netip.zoneV6 string }]).Load, 10, 6, [[b3] [b4 b6 b11 b10 b5] [b7] [b9] [b12] [b17]]
(*AddrPort).UnmarshalBinary, 8, 8, []
Prefix.MarshalBinary, 12, 12, []
(*uint128).bitsSetFrom, 5, 5, []
(*HashTrieMap[go.shape.*internal/abi.Type,go.shape.interface {}]).Load, 19, 13, [[b2] [b18] [b4] [b7] [b8 b10 b15 b14 b9] [b11] [b13] [b16] [b21] [b22 b24 b23] [b25] [b27] [b28]]
(*Prefix).UnmarshalBinary, 23, 23, []
Compare[int], 6, 6, []
Addr.Compare, 36, 36, []
Compare[uint16], 6, 6, []
ParseAddrPort, 40, 40, []
AddrPort.AppendBinary, 24, 24, []
(*Addr).As16, 3, 3, []
Addr.Prefix, 32, 32, []
(*canonMap[go.shape.struct { net/netip.isV6 bool; net/netip.zoneV6 string }]).LoadOrStore, 35, 18, [[b2] [b7 b5 b31 b15 b33 b29 b44 b43 b28 b11 b16 b14 b20 b8 b12 b19 b10 b13] [b27] [b6] [b24] [b37] [b39] [b40] [b41] [b36] [b49] [b50] [b53] [b18] [b52] [b51] [b45] [b22]]
Prefix.AppendBinary, 30, 30, []
parseIPv6, 95, 62, [[b1] [b99] [b3] [b5] [b6] [b9] [b8] [b10] [b2] [b84] [b12] [b86] [b16] [b93] [b22] [b24] [b20] [b27 b29 b78 b103 b97 b101 b88 b96 b89 b82 b80 b21 b17 b58 b56 b59 b34 b68 b51 b31 b47 b28 b33 b42 b52 b37 b39 b40 b44 b45 b49] [b72] [b61] [b83] [b104] [b100] [b92] [b87] [b85] [b63] [b32] [b64] [b62] [b66] [b74] [b76] [b30] [b105] [b109] [b126] [b127] [b108] [b110] [b112 b114 b116 b113] [b115] [b121] [b120] [b123] [b122] [b13] [b125] [b124] [b172] [b117] [b119] [b111] [b106] [b77] [b69] [b67] [b57] [b55] [b53] [b26] [b11]]
Prefix.Overlaps, 29, 29, []
Make[go.shape.struct { net/netip.isV6 bool; net/netip.zoneV6 string }], 14, 14, []
(*HashTrieMap[go.shape.*internal/abi.Type,go.shape.interface {}]).LoadOrStore, 59, 25, [[b2] [b20] [b4] [b6] [b11 b9 b19 b58 b56 b54 b55 b52 b49 b75 b51 b47 b36 b30 b46 b44 b43 b42 b40 b41 b38 b15 b76 b18 b32 b12 b16 b24 b14 b23 b26 b17 b25] [b39] [b10] [b29] [b61] [b63] [b64] [b65 b67 b66] [b68] [b70] [b71] [b73] [b78] [b22] [b85] [b84] [b82] [b83] [b86] [b77] [b34]]
(*HashTrieMap[go.shape.*internal/abi.Type,go.shape.interface {}]).Swap, 46, 20, [[b2] [b19] [b4] [b6] [b11 b9 b55 b44 b42 b40 b41 b38 b35 b15 b37 b33 b60 b59 b32 b30 b29 b28 b26 b27 b24 b54 b22 b17 b16 b12 b14] [b25] [b10] [b58] [b47] [b49] [b50] [b51] [b57] [b53] [b64] [b63] [b61] [b62] [b65] [b56]]
newCanonMap[go.shape.struct { net/netip.isV6 bool; net/netip.zoneV6 string }], 7, 7, []
(*HashTrieMap[go.shape.*internal/abi.Type,go.shape.interface {}]).CompareAndSwap, 24, 24, []
(*HashTrieMap[go.shape.*internal/abi.Type,go.shape.interface {}]).LoadOrStore.deferwrap1, 7, 7, []
(*HashTrieMap[go.shape.*internal/abi.Type,go.shape.interface {}]).Swap.deferwrap1, 7, 7, []
(*HashTrieMap[go.shape.*internal/abi.Type,go.shape.interface {}]).CompareAndSwap.deferwrap1, 7, 7, []
.eq.go.shape.struct { internal/sync.node = internal/sync.node[*internal/abi.Type,interface {}]; internal/sync.dead sync/atomic.Bool; internal/sync.mu internal/sync.Mutex; internal/sync.parent *internal/sync.indirect[*internal/abi.Type,interface {}]; internal/sync.children [16]sync/atomic.Pointer[internal/sync.node[*internal/abi.Type,interface {}]] }, 13, 13, []
.eq.[16]sync/atomic.Pointer[go.shape.struct { internal/sync.isEntry bool }], 6, 4, [[b1] [b2 b4 b3] [b9] [b8]]
.eq.go.shape.struct { unique.node = unique.node[go.shape.struct { net/netip.isV6 bool; net/netip.zoneV6 string }]; unique.dead sync/atomic.Bool; unique.parent *unique.indirect[go.shape.struct { net/netip.isV6 bool; net/netip.zoneV6 string }]; unique.mu sync.Mutex; unique.children [16]sync/atomic.Pointer[go.shape.struct { unique.isEntry bool }] }, 13, 13, []
.eq.internal/sync.indirect[go.shape.*internal/abi.Type,go.shape.interface {}], 13, 13, []
.eq.[7]string, 19, 13, [[b1] [b2 b4 b9 b6 b3] [b5] [b14] [b13] [b15 b17 b16] [b18] [b20] [b7] [b10] [b12] [b8] [b21]]
.eq.go.shape.struct { unique.node = unique.node[net/netip.addrDetail]; unique.dead sync/atomic.Bool; unique.parent *unique.indirect[net/netip.addrDetail]; unique.mu sync.Mutex; unique.children [16]sync/atomic.Pointer[unique.node[net/netip.addrDetail]] }, 13, 13, []
.eq.unique.indirect[go.shape.struct { net/netip.isV6 bool; net/netip.zoneV6 string }], 13, 13, []
.eq.go.shape.struct { internal/sync.node = internal/sync.node[go.shape.*internal/abi.Type,go.shape.interface {}]; internal/sync.dead sync/atomic.Bool; internal/sync.mu internal/sync.Mutex; internal/sync.parent *internal/sync.indirect[go.shape.*internal/abi.Type,go.shape.interface {}]; internal/sync.children [16]sync/atomic.Pointer[go.shape.struct { internal/sync.isEntry bool }] }, 13, 13, []
.eq.go.shape.struct { internal/sync.node = internal/sync.node[go.shape.*internal/abi.Type,go.shape.interface {}]; internal/sync.overflow sync/atomic.Pointer[internal/sync.entry[go.shape.*internal/abi.Type,go.shape.interface {}]]; internal/sync.key go.shape.*internal/abi.Type; internal/sync.value go.shape.interface {} }, 12, 12, []
.eq.[16]sync/atomic.Pointer[go.shape.struct { unique.isEntry bool }], 6, 4, [[b1] [b2 b4 b3] [b9] [b8]]
.eq.go.shape.struct { internal/sync.node = internal/sync.node[*internal/abi.Type,interface {}]; internal/sync.overflow sync/atomic.Pointer[internal/sync.entry[*internal/abi.Type,interface {}]]; internal/sync.key *internal/abi.Type; internal/sync.value interface {} }, 12, 12, []
.eq.internal/sync.entry[go.shape.*internal/abi.Type,go.shape.interface {}], 12, 12, []
.eq.go.shape.struct { unique.node = unique.node[net/netip.addrDetail]; unique.overflow sync/atomic.Pointer[unique.entry[net/netip.addrDetail]]; unique.key weak.Pointer[net/netip.addrDetail]; unique.hash uintptr }, 8, 8, []
.eq.go.shape.struct { unique.node = unique.node[go.shape.struct { net/netip.isV6 bool; net/netip.zoneV6 string }]; unique.overflow sync/atomic.Pointer[unique.entry[go.shape.struct { net/netip.isV6 bool; net/netip.zoneV6 string }]]; unique.key weak.Pointer[go.shape.struct { net/netip.isV6 bool; net/netip.zoneV6 string }]; unique.hash uintptr }, 8, 8, []
.eq.unique.entry[go.shape.struct { net/netip.isV6 bool; net/netip.zoneV6 string }], 8, 8, []
.eq.go.shape.struct { net/netip.isV6 bool; net/netip.zoneV6 string }, 7, 7, []
Prefix.Compare, 10, 10, []
AddCleanup[go.shape.struct { net/netip.isV6 bool; net/netip.zoneV6 string },go.shape.struct {}], 67, 62, [[b1] [b67] [b4] [b20] [b65] [b33] [b6] [b35] [b9] [b17] [b27] [b12] [b11] [b13] [b18] [b19] [b15] [b10] [b5] [b22] [b23] [b21] [b25] [b29] [b34] [b32] [b31] [b36] [b40] [b69] [b68] [b66] [b43] [b59] [b44] [b60] [b47] [b48] [b46] [b42] [b57] [b51] [b53 b54 b52 b45 b58 b56] [b61] [b55] [b50] [b41] [b63] [b62] [b16] [b8] [b3] [b30] [b70] [b64] [b49] [b37] [b38] [b39] [b28] [b26] [b24]]
Addr.appendTo4, 70, 70, []
(*HashTrieMap[go.shape.*internal/abi.Type,go.shape.interface {}]).LoadAndDelete, 62, 42, [[b2] [b45] [b4] [b6] [b8] [b63] [b10] [b12] [b11] [b13] [b61] [b15] [b16] [b9] [b7] [b18] [b19] [b21] [b23] [b22] [b24] [b52] [b26] [b27] [b20] [b37] [b38 b40 b46 b71 b69 b67 b68 b66 b60 b59 b58 b56 b57 b54 b39 b42 b62 b53 b44 b43 b50] [b41] [b74] [b73] [b75] [b76] [b77] [b78] [b55] [b30] [b32] [b31] [b33] [b49] [b35] [b36]]
(*HashTrieMap[go.shape.*internal/abi.Type,go.shape.interface {}]).CompareAndDelete, 64, 44, [[b2] [b47] [b4] [b5] [b7] [b8] [b10] [b65] [b12] [b14] [b13] [b15] [b63] [b17] [b18] [b11] [b9] [b20] [b21] [b23] [b25] [b24] [b26] [b54] [b28] [b29] [b22] [b39] [b40 b42 b48 b73 b71 b69 b70 b68 b62 b61 b60 b58 b59 b56 b41 b44 b64 b55 b46 b45 b52] [b43] [b76] [b75] [b77] [b78] [b79] [b80] [b57] [b32] [b34] [b33] [b35] [b51] [b37] [b38]]
(*HashTrieMap[go.shape.*internal/abi.Type,go.shape.interface {}]).initSlow, 18, 18, []
(*HashTrieMap[go.shape.*internal/abi.Type,go.shape.interface {}]).initSlow.deferwrap1, 7, 7, []
AddrPort.Compare, 8, 8, []
ParsePrefix, 64, 62, [[b1] [b2 b4 b8] [b5] [b7] [b10] [b11] [b14] [b15] [b17] [b21] [b22] [b25] [b83] [b80] [b58] [b24] [b27] [b26] [b33] [b30] [b28] [b41] [b36] [b53] [b72] [b74] [b46] [b45] [b87] [b73] [b75] [b79] [b85] [b84] [b90] [b82] [b39] [b93] [b35] [b62] [b92] [b96] [b97] [b56] [b47] [b98] [b100] [b64] [b63] [b78] [b54] [b57] [b66] [b69] [b29] [b3] [b37] [b40] [b49] [b52] [b18] [b12]]
(*HashTrieMap[go.shape.*internal/abi.Type,go.shape.interface {}]).CompareAndSwap, 24, 24, []
(*HashTrieMap[go.shape.*internal/abi.Type,go.shape.interface {}]).CompareAndSwap.deferwrap1, 7, 7, []
newCanonMap[go.shape.struct { net/netip.isV6 bool; net/netip.zoneV6 string }], 7, 7, []
(*HashTrieMap[go.shape.*internal/abi.Type,go.shape.interface {}]).Swap, 46, 20, [[b2] [b19] [b4] [b6] [b11 b9 b55 b44 b42 b40 b41 b38 b35 b15 b37 b33 b60 b59 b32 b30 b29 b28 b26 b27 b24 b54 b22 b17 b16 b12 b14] [b25] [b10] [b58] [b47] [b49] [b50] [b51] [b57] [b53] [b64] [b63] [b61] [b62] [b65] [b56]]
(*HashTrieMap[go.shape.*internal/abi.Type,go.shape.interface {}]).Swap.deferwrap1, 7, 7, []
(*HashTrieMap[go.shape.*internal/abi.Type,go.shape.interface {}]).LoadOrStore, 59, 25, [[b2] [b20] [b4] [b6] [b11 b9 b19 b58 b56 b54 b55 b52 b49 b75 b51 b47 b36 b30 b46 b44 b43 b42 b40 b41 b38 b15 b76 b18 b32 b12 b16 b24 b14 b23 b26 b17 b25] [b39] [b10] [b29] [b61] [b63] [b64] [b65 b67 b66] [b68] [b70] [b71] [b73] [b78] [b22] [b85] [b84] [b82] [b83] [b86] [b77] [b34]]
(*HashTrieMap[go.shape.*internal/abi.Type,go.shape.interface {}]).LoadOrStore.deferwrap1, 7, 7, []
Make[go.shape.struct { net/netip.isV6 bool; net/netip.zoneV6 string }], 14, 14, []
Prefix.Overlaps, 29, 29, []
parseIPv6, 95, 62, [[b1] [b99] [b3] [b5] [b6] [b9] [b8] [b10] [b2] [b84] [b12] [b86] [b16] [b93] [b22] [b24] [b20] [b27 b29 b78 b103 b97 b101 b88 b96 b89 b82 b80 b21 b17 b58 b56 b59 b34 b68 b51 b31 b47 b28 b33 b42 b52 b37 b39 b40 b44 b45 b49] [b72] [b61] [b83] [b104] [b100] [b92] [b87] [b85] [b63] [b32] [b64] [b62] [b66] [b74] [b76] [b30] [b105] [b109] [b126] [b127] [b108] [b110] [b112 b114 b116 b113] [b115] [b121] [b120] [b123] [b122] [b13] [b125] [b124] [b172] [b117] [b119] [b111] [b106] [b77] [b69] [b67] [b57] [b55] [b53] [b26] [b11]]
Prefix.AppendBinary, 30, 30, []
(*canonMap[go.shape.struct { net/netip.isV6 bool; net/netip.zoneV6 string }]).LoadOrStore, 35, 18, [[b2] [b7 b5 b31 b15 b33 b29 b44 b43 b28 b11 b16 b14 b20 b8 b12 b19 b10 b13] [b27] [b6] [b24] [b37] [b39] [b40] [b41] [b36] [b49] [b50] [b53] [b18] [b52] [b51] [b45] [b22]]
Addr.Prefix, 32, 32, []
(*Addr).As16, 3, 3, []
AddrPort.AppendBinary, 24, 24, []
ParseAddrPort, 40, 40, []
Compare[uint16], 6, 6, []
Addr.Compare, 36, 36, []
Compare[int], 6, 6, []
(*Prefix).UnmarshalBinary, 23, 23, []
(*HashTrieMap[go.shape.*internal/abi.Type,go.shape.interface {}]).Load, 19, 13, [[b2] [b18] [b4] [b7] [b8 b10 b15 b14 b9] [b11] [b13] [b16] [b21] [b22 b24 b23] [b25] [b27] [b28]]
(*uint128).bitsSetFrom, 5, 5, []
Prefix.MarshalBinary, 12, 12, []
(*AddrPort).UnmarshalBinary, 8, 8, []
(*canonMap[go.shape.struct { net/netip.isV6 bool; net/netip.zoneV6 string }]).Load, 10, 6, [[b3] [b4 b6 b11 b10 b5] [b7] [b9] [b12] [b17]]
(*Addr).Prev, 11, 11, []
(*Addr).Next, 11, 11, []
(*Addr).IsUnspecified, 17, 17, []
Prefix.String, 3, 3, []
(*uint128).bitsClearedFrom, 5, 5, []
Compare[go.shape.uint16], 5, 5, []
Compare[go.shape.int], 5, 5, []
splitAddrPort, 25, 23, [[b1] [b2 b4 b8] [b5] [b7] [b10] [b11] [b15] [b16] [b19] [b18] [b20] [b28] [b37] [b27] [b30] [b39] [b26] [b34] [b31] [b36] [b25] [b22] [b13]]
parseAddrError.Error, 12, 12, []
(*Prefix).Masked, 3, 3, []
Prefix.AppendTo, 53, 53, []
Prefix.Contains, 32, 32, []
uint128.bitsSetFrom, 3, 3, []
(*Addr).Is4In6, 11, 11, []
AddrPort.MarshalBinary, 6, 6, []
Addr.MarshalBinary, 26, 26, []
clone[go.shape.struct { net/netip.isV6 bool; net/netip.zoneV6 string }], 4, 3, [[b1] [b2 b4] [b7]]
parsePrefixError.Error, 4, 4, []
(*HashTrieMap[go.shape.*internal/abi.Type,go.shape.interface {}]).Clear, 4, 4, []
(*Pointer[net/netip.addrDetail]).Value, 6, 6, []
(*entry[*internal/abi.Type,interface {}]).lookupWithValue, 13, 5, [[b1] [b2 b4 b6 b14 b8 b3 b11 b10 b7] [b5] [b12] [b13]]
(*Addr).Zone, 6, 6, []
(*entry[*internal/abi.Type,interface {}]).lookup, 7, 5, [[b1] [b2 b4 b3] [b5] [b7] [b8]]
(*entry[go.shape.*internal/abi.Type,go.shape.interface {}]).swap, 17, 15, [[b1] [b9] [b10 b12 b11] [b13] [b19] [b7] [b17] [b16] [b5] [b14] [b20] [b18] [b15] [b8] [b6]]
(*Prefix).IsSingleIP, 11, 11, []
(*entry[go.shape.struct { net/netip.isV6 bool; net/netip.zoneV6 string }]).prune, 21, 9, [[b1] [b2 b4 b8 b7 b6 b3] [b27] [b10] [b5] [b13] [b14] [b15 b17 b23 b26 b21 b20 b19 b16] [b18]]
(*struct { internal/sync.node = internal/sync.node[*internal/abi.Type,interface {}]; internal/sync.dead sync/atomic.Bool; internal/sync.mu internal/sync.Mutex; internal/sync.parent *internal/sync.indirect[*internal/abi.Type,interface {}]; internal/sync.children [16]sync/atomic.Pointer[internal/sync.node[*internal/abi.Type,interface {}]] }).internal/sync.indirect, 3, 3, []
(*indirect[*internal/abi.Type,interface {}]).entry, 3, 3, []
(*canonMap[go.shape.struct { net/netip.isV6 bool; net/netip.zoneV6 string }]).expand, 14, 9, [[b1] [b5] [b18] [b20] [b16] [b7 b22 b15 b13 b8 b10] [b9] [b11] [b4]]
(*AddrPort).IsValid, 3, 3, []
(*struct { internal/sync.node = internal/sync.node[*internal/abi.Type,interface {}]; internal/sync.overflow sync/atomic.Pointer[internal/sync.entry[*internal/abi.Type,interface {}]]; internal/sync.key *internal/abi.Type; internal/sync.value interface {} }).internal/sync.indirect, 3, 3, []
Addr.IsUnspecified, 15, 15, []
(*indirect[net/netip.addrDetail]).indirect, 3, 3, []
(*indirect[net/netip.addrDetail]).entry, 3, 3, []
(*entry[net/netip.addrDetail]).indirect, 3, 3, []
(*entry[net/netip.addrDetail]).entry, 3, 3, []
(*struct { unique.node = unique.node[net/netip.addrDetail]; unique.dead sync/atomic.Bool; unique.parent *unique.indirect[net/netip.addrDetail]; unique.mu sync.Mutex; unique.children [16]sync/atomic.Pointer[unique.node[net/netip.addrDetail]] }).unique.entry, 3, 3, []
(*struct { unique.node = unique.node[net/netip.addrDetail]; unique.dead sync/atomic.Bool; unique.parent *unique.indirect[net/netip.addrDetail]; unique.mu sync.Mutex; unique.children [16]sync/atomic.Pointer[unique.node[net/netip.addrDetail]] }).unique.indirect, 3, 3, []
(*struct { internal/sync.node = internal/sync.node[*internal/abi.Type,interface {}]; internal/sync.overflow sync/atomic.Pointer[internal/sync.entry[*internal/abi.Type,interface {}]]; internal/sync.key *internal/abi.Type; internal/sync.value interface {} }).internal/sync.entry, 3, 3, []
AddrPort.MarshalText, 6, 6, []
(*Handle[net/netip.addrDetail]).Value, 3, 3, []
Addr.MarshalText, 11, 11, []
(*struct { unique.node = unique.node[net/netip.addrDetail]; unique.overflow sync/atomic.Pointer[unique.entry[net/netip.addrDetail]]; unique.key weak.Pointer[net/netip.addrDetail]; unique.hash uintptr }).unique.entry, 3, 3, []
(*struct { unique.node = unique.node[net/netip.addrDetail]; unique.overflow sync/atomic.Pointer[unique.entry[net/netip.addrDetail]]; unique.key weak.Pointer[net/netip.addrDetail]; unique.hash uintptr }).unique.indirect, 3, 3, []
Addr.IsGlobalUnicast, 43, 43, []
Addr.Next, 8, 8, []
(*struct { internal/sync.node = internal/sync.node[*internal/abi.Type,interface {}]; internal/sync.dead sync/atomic.Bool; internal/sync.mu internal/sync.Mutex; internal/sync.parent *internal/sync.indirect[*internal/abi.Type,interface {}]; internal/sync.children [16]sync/atomic.Pointer[internal/sync.node[*internal/abi.Type,interface {}]] }).internal/sync.entry, 3, 3, []
(*entry[*internal/abi.Type,interface {}]).entry, 3, 3, []
(*Addr).v6u16, 3, 3, []
(*entry[*internal/abi.Type,interface {}]).indirect, 3, 3, []
(*indirect[*internal/abi.Type,interface {}]).indirect, 3, 3, []
(*Addr).v6, 3, 3, []
Addr.Prev, 8, 8, []
Prefix.MarshalText, 6, 6, []
(*HashTrieMap[go.shape.*internal/abi.Type,go.shape.interface {}]).expand, 14, 9, [[b1] [b5] [b18] [b20] [b16] [b7 b22 b15 b13 b8 b10] [b9] [b11] [b4]]
(*entry[go.shape.*internal/abi.Type,go.shape.interface {}]).loadAndDelete, 8, 6, [[b1] [b5] [b6 b8 b7] [b9] [b13] [b4]]
(*uint128).addOne, 3, 3, []
uint128.bitsClearedFrom, 3, 3, []
(*entry[go.shape.*internal/abi.Type,go.shape.interface {}]).compareAndSwap, 23, 18, [[b1] [b21] [b4] [b2] [b12] [b13 b15 b19 b18 b17 b14] [b16] [b25] [b7] [b23] [b22] [b8] [b10] [b26] [b24] [b20] [b11] [b9]]
(*HashTrieMap[go.shape.*internal/abi.Type,go.shape.interface {}]).Range, 4, 4, []
AddrPort.String, 18, 18, []
(*uint128).subOne, 3, 3, []
(*entry[go.shape.*internal/abi.Type,go.shape.interface {}]).compareAndDelete, 14, 9, [[b1] [b18] [b2] [b20] [b8] [b9 b11 b17 b16 b13 b10] [b12] [b19] [b7]]
Addr.Is4In6, 9, 9, []
(*Addr).AppendText, 3, 3, []
(*Addr).AppendBinary, 23, 23, []
(*AddrPort).AppendText, 3, 3, []
(*Prefix).AppendText, 3, 3, []
Make[go.shape.struct { net/netip.isV6 bool; net/netip.zoneV6 string }], 10, 10, []
parseIPv4Fields, 38, 22, [[b1] [b3] [b2] [b5] [b4] [b6 b8 b25 b27 b23 b42 b39 b35 b38 b19 b17 b34 b12 b32 b10 b28 b30] [b9] [b48] [b51] [b50] [b49] [b13] [b45] [b43] [b29] [b21] [b18] [b40] [b7] [b46] [b26] [b22]]
(*Addr).hasZone, 9, 9, []
AddrPort.AppendTo, 25, 25, []
parseIPv4, 3, 3, []
PrefixFrom, 18, 18, []
(*indirect[*internal/abi.Type,interface {}]).empty, 4, 3, [[b1] [b2 b8] [b11]]
(*Pointer[go.shape.struct { net/netip.isV6 bool; net/netip.zoneV6 string }]).Value, 6, 6, []
(*indirect[net/netip.addrDetail]).empty, 7, 5, [[b1] [b2 b4 b8] [b5] [b10] [b11]]
(*Addr).withoutZone, 9, 9, []
(*Addr).Is6, 6, 6, []
.eq.net/netip.parseAddrError, 13, 13, []
(*Addr).string6, 3, 3, []
Addr.appendTo4In6, 26, 26, []
(*Addr).string4In6, 3, 3, []
(*Addr).string4, 3, 3, []
Pointer[net/netip.addrDetail].Value, 4, 4, []
(*entry[net/netip.addrDetail]).hasWeakPointer, 7, 5, [[b1] [b2 b4 b3] [b5] [b7] [b8]]
(*Addr).UnmarshalBinary, 21, 21, []
Addr.appendTo6, 66, 19, [[b1] [b2 b4 b48 b17 b47 b14 b9 b10 b42 b13 b6 b3 b8] [b5] [b18 b20 b36 b55 b53 b16 b52 b41 b22 b51 b56 b46 b49 b35 b33 b45 b62 b40 b43 b34 b57 b39 b27 b29 b37 b26 b44 b32 b50 b25 b24 b38 b31 b23 b19 b30] [b54] [b28] [b21] [b59] [b12] [b60] [b61] [b65] [b63] [b64] [b68] [b67] [b66] [b15] [b58]]
(*Prefix).UnmarshalText, 9, 9, []
MustParseAddrPort, 4, 4, []
(*Addr).Less, 3, 3, []
MustParseAddr, 4, 4, []
(*Addr).As4, 16, 16, []
(*Addr).IsInterfaceLocalMulticast, 14, 14, []
(*Addr).BitLen, 8, 8, []
(*AddrPort).UnmarshalText, 9, 9, []
(*Addr).UnmarshalText, 9, 9, []
MustParsePrefix, 4, 4, []
(*struct { unique.node = unique.node[go.shape.struct { net/netip.isV6 bool; net/netip.zoneV6 string }]; unique.dead sync/atomic.Bool; unique.parent *unique.indirect[go.shape.struct { net/netip.isV6 bool; net/netip.zoneV6 string }]; unique.mu sync.Mutex; unique.children [16]sync/atomic.Pointer[go.shape.struct { unique.isEntry bool }] }).unique.entry, 3, 3, []
(*Prefix).isZero, 11, 11, []
(*struct { unique.node = unique.node[go.shape.struct { net/netip.isV6 bool; net/netip.zoneV6 string }]; unique.overflow sync/atomic.Pointer[unique.entry[go.shape.struct { net/netip.isV6 bool; net/netip.zoneV6 string }]]; unique.key weak.Pointer[go.shape.struct { net/netip.isV6 bool; net/netip.zoneV6 string }]; unique.hash uintptr }).unique.indirect, 3, 3, []
(*Addr).Is4, 3, 3, []
.eq.unique.indirect[net/netip.addrDetail], 13, 13, []
(*indirect[go.shape.struct { net/netip.isV6 bool; net/netip.zoneV6 string }]).indirect, 3, 3, []
.eq.internal/sync.indirect[*internal/abi.Type,interface {}], 13, 13, []
(*struct { unique.node = unique.node[go.shape.struct { net/netip.isV6 bool; net/netip.zoneV6 string }]; unique.overflow sync/atomic.Pointer[unique.entry[go.shape.struct { net/netip.isV6 bool; net/netip.zoneV6 string }]]; unique.key weak.Pointer[go.shape.struct { net/netip.isV6 bool; net/netip.zoneV6 string }]; unique.hash uintptr }).unique.entry, 3, 3, []
(*Handle[go.shape.struct { net/netip.isV6 bool; net/netip.zoneV6 string }]).Value, 3, 3, []
(*Addr).Unmap, 13, 13, []
(*node[*internal/abi.Type,interface {}]).indirect, 3, 3, []
(*entry[go.shape.struct { net/netip.isV6 bool; net/netip.zoneV6 string }]).indirect, 3, 3, []
(*node[*internal/abi.Type,interface {}]).entry, 3, 3, []
.eq.net/netip.parsePrefixError, 9, 9, []
Addr.Zone, 3, 3, []
(*entry[go.shape.struct { net/netip.isV6 bool; net/netip.zoneV6 string }]).entry, 3, 3, []
(*struct { internal/sync.node = internal/sync.node[go.shape.*internal/abi.Type,go.shape.interface {}]; internal/sync.dead sync/atomic.Bool; internal/sync.mu internal/sync.Mutex; internal/sync.parent *internal/sync.indirect[go.shape.*internal/abi.Type,go.shape.interface {}]; internal/sync.children [16]sync/atomic.Pointer[go.shape.struct { internal/sync.isEntry bool }] }).internal/sync.indirect, 3, 3, []
(*uint128).and, 3, 3, []
(*entry[go.shape.*internal/abi.Type,go.shape.interface {}]).entry, 3, 3, []
(*Addr).v4, 3, 3, []
(*struct { internal/sync.node = internal/sync.node[go.shape.*internal/abi.Type,go.shape.interface {}]; internal/sync.overflow sync/atomic.Pointer[internal/sync.entry[go.shape.*internal/abi.Type,go.shape.interface {}]]; internal/sync.key go.shape.*internal/abi.Type; internal/sync.value go.shape.interface {} }).internal/sync.indirect, 3, 3, []
(*entry[go.shape.*internal/abi.Type,go.shape.interface {}]).indirect, 3, 3, []
(*struct { internal/sync.node = internal/sync.node[go.shape.*internal/abi.Type,go.shape.interface {}]; internal/sync.overflow sync/atomic.Pointer[internal/sync.entry[go.shape.*internal/abi.Type,go.shape.interface {}]]; internal/sync.key go.shape.*internal/abi.Type; internal/sync.value go.shape.interface {} }).internal/sync.entry, 3, 3, []
(*indirect[go.shape.struct { net/netip.isV6 bool; net/netip.zoneV6 string }]).entry, 3, 3, []
(*uint128).xor, 3, 3, []
(*indirect[go.shape.*internal/abi.Type,go.shape.interface {}]).entry, 3, 3, []
(*Addr).IsValid, 3, 3, []
Prefix.IsSingleIP, 9, 9, []
(*node[net/netip.addrDetail]).indirect, 3, 3, []
(*node[net/netip.addrDetail]).entry, 3, 3, []
(*Addr).isZero, 3, 3, []
(*struct { unique.node = unique.node[go.shape.struct { net/netip.isV6 bool; net/netip.zoneV6 string }]; unique.dead sync/atomic.Bool; unique.parent *unique.indirect[go.shape.struct { net/netip.isV6 bool; net/netip.zoneV6 string }]; unique.mu sync.Mutex; unique.children [16]sync/atomic.Pointer[go.shape.struct { unique.isEntry bool }] }).unique.indirect, 3, 3, []
(*indirect[go.shape.*internal/abi.Type,go.shape.interface {}]).indirect, 3, 3, []
(*struct { internal/sync.node = internal/sync.node[go.shape.*internal/abi.Type,go.shape.interface {}]; internal/sync.dead sync/atomic.Bool; internal/sync.mu internal/sync.Mutex; internal/sync.parent *internal/sync.indirect[go.shape.*internal/abi.Type,go.shape.interface {}]; internal/sync.children [16]sync/atomic.Pointer[go.shape.struct { internal/sync.isEntry bool }] }).internal/sync.entry, 3, 3, []
(*uint128).or, 3, 3, []
(*Prefix).Addr, 3, 3, []
(*Prefix).Bits, 3, 3, []
.eq.unique.entry[net/netip.addrDetail], 8, 8, []
(*Addr).marshalBinarySize, 8, 8, []
(*AddrPort).Addr, 3, 3, []
(*uint128).not, 3, 3, []
(*canonMap[go.shape.struct { net/netip.isV6 bool; net/netip.zoneV6 string }]).cleanup, 36, 14, [[b1] [b6 b4 b54 b38 b35 b34 b20 b19 b18 b21 b12 b11 b7 b9] [b33] [b13] [b28] [b41] [b45] [b46] [b42] [b47 b49 b48 b51 b61 b56 b59 b53 b52 b55] [b14] [b64] [b15] [b50]]
(*uint128).isZero, 3, 3, []
(*AddrPort).Port, 3, 3, []
(*Addr).AsSlice, 8, 8, []
.eq.internal/sync.entry[*internal/abi.Type,interface {}], 12, 12, []
.eq.net/netip.addrDetail, 7, 7, []
(*Prefix).IsValid, 3, 3, []
(*Addr).MarshalBinary, 3, 3, []
(*Prefix).MarshalText, 3, 3, []
(*Addr).Prefix, 3, 3, []
(*Prefix).MarshalBinary, 3, 3, []
(*Addr).MarshalText, 3, 3, []
(*AddrPort).MarshalBinary, 3, 3, []
(*AddrPort).MarshalText, 3, 3, []
.eq.[16]sync/atomic.Pointer[unique.node[net/netip.addrDetail]], 6, 4, [[b1] [b2 b4 b3] [b9] [b8]]
.eq.[16]sync/atomic.Pointer[internal/sync.node[*internal/abi.Type,interface {}]], 6, 4, [[b1] [b2 b4 b3] [b9] [b8]]
(*Prefix).AppendBinary, 3, 3, []
(*AddrPort).AppendBinary, 3, 3, []
Addr.StringExpanded, 44, 20, [[b1] [b3] [b14] [b16 b18 b34 b42 b43 b36 b41 b2 b37 b35 b8 b23 b40 b38 b17 b32 b26 b27 b21 b25 b30 b29 b12 b24 b22] [b19] [b46] [b31] [b47] [b48] [b52] [b50] [b51] [b55] [b54] [b53] [b33] [b45] [b7] [b4] [b5]]
.eq.net/netip.AddrPort, 8, 8, []
.eq.net/netip.Prefix, 8, 8, []
(*HashTrieMap[go.shape.*internal/abi.Type,go.shape.interface {}]).All, 7, 7, []
newEntryNode[go.shape.struct { net/netip.isV6 bool; net/netip.zoneV6 string }], 7, 7, []
(*HashTrieMap[*internal/abi.Type,interface {}]).init, 4, 4, []
Addr.hasZone, 7, 7, []
(*indirect[go.shape.*internal/abi.Type,go.shape.interface {}]).empty, 4, 3, [[b1] [b2 b8] [b5]]
Addr.WithZone, 8, 8, []
appendHex, 22, 22, []
ParseAddr, 10, 6, [[b1] [b2 b4 b15 b11 b7] [b5] [b19] [b16] [b12]]
Addr.IsLinkLocalMulticast, 21, 21, []
Addr.IsMulticast, 15, 15, []
Addr.IsLoopback, 18, 18, []
Addr.IsPrivate, 27, 27, []
appendDecimal, 16, 16, []
Addr.IsLinkLocalUnicast, 18, 18, []
(*Addr).WithZone, 3, 3, []
(*Addr).IsLinkLocalUnicast, 3, 3, []
Addr.Is6, 4, 4, []
(*Addr).appendTo4, 3, 3, []
(*Addr).String, 3, 3, []
(*Addr).appendTo4In6, 3, 3, []
(*HashTrieMap[go.shape.*internal/abi.Type,go.shape.interface {}]).iter, 16, 5, [[b1] [b2 b4 b10 b16 b24 b8 b15 b21 b9 b20 b23 b22] [b5] [b17] [b26]]
(*Addr).appendTo6, 3, 3, []
Addr.withoutZone, 6, 6, []
AddrFromSlice, 5, 5, []
(*Addr).IsPrivate, 3, 3, []
(*Addr).IsMulticast, 3, 3, []
(*Addr).IsLoopback, 3, 3, []
(*Addr).AppendTo, 3, 3, []
Pointer[go.shape.struct { net/netip.isV6 bool; net/netip.zoneV6 string }].Value, 3, 3, []
(*Prefix).AppendTo, 3, 3, []
(*Addr).StringExpanded, 3, 3, []
(*Prefix).Compare, 3, 3, []
(*Prefix).Contains, 3, 3, []
(*Addr).IsLinkLocalMulticast, 3, 3, []
(*indirect[go.shape.struct { net/netip.isV6 bool; net/netip.zoneV6 string }]).empty, 6, 4, [[b1] [b2 b4 b8] [b5] [b10]]
(*Prefix).Overlaps, 3, 3, []
(*Addr).IsGlobalUnicast, 3, 3, []
(*Prefix).String, 3, 3, []
(*Addr).Compare, 3, 3, []
(*entry[go.shape.*internal/abi.Type,go.shape.interface {}]).lookup, 6, 4, [[b1] [b2 b4 b3] [b5] [b7]]
(*parseAddrError).Error, 3, 3, []
(*AddrPort).AppendTo, 3, 3, []
(*AddrPort).Compare, 3, 3, []
(*AddrPort).String, 3, 3, []
(*parsePrefixError).Error, 3, 3, []
Addr.As4, 14, 14, []
(*entry[go.shape.*internal/abi.Type,go.shape.interface {}]).lookupWithValue, 12, 4, [[b1] [b2 b4 b13 b11 b6 b3 b9 b10 b7] [b5] [b12]]
Addr.BitLen, 5, 5, []
Addr.Unmap, 11, 11, []
Addr.IsInterfaceLocalMulticast, 11, 11, []
appendHexPad, 4, 4, []
(*node[go.shape.*internal/abi.Type,go.shape.interface {}]).entry, 3, 3, []
(*node[go.shape.*internal/abi.Type,go.shape.interface {}]).indirect, 3, 3, []
Addr.AppendBinary, 21, 21, []
init, 7, 7, []
(*entry[go.shape.struct { net/netip.isV6 bool; net/netip.zoneV6 string }]).lookup, 16, 4, [[b1] [b2 b4 b17 b15 b14 b13 b9 b8 b12 b10 b7 b6 b3] [b5] [b16]]
(*entry[go.shape.struct { net/netip.isV6 bool; net/netip.zoneV6 string }]).hasWeakPointer, 6, 4, [[b1] [b2 b4 b3] [b5] [b7]]
(*node[go.shape.struct { net/netip.isV6 bool; net/netip.zoneV6 string }]).entry, 3, 3, []
(*node[go.shape.struct { net/netip.isV6 bool; net/netip.zoneV6 string }]).indirect, 3, 3, []
Escape[go.shape.*uint8], 7, 7, []
Escape[go.shape.func(go.shape.struct {})], 7, 7, []
newIndirectNode[go.shape.*internal/abi.Type,go.shape.interface {}], 4, 4, []
newIndirectNode[go.shape.struct { net/netip.isV6 bool; net/netip.zoneV6 string }], 4, 4, []
mask6, 6, 6, []
Prefix.isZero, 9, 9, []
(*HashTrieMap[go.shape.*internal/abi.Type,go.shape.interface {}]).find, 40, 8, [[b1] [b6 b4 b15 b57 b55 b53 b54 b51 b30 b29 b47 b46 b48 b43 b42 b41 b39 b40 b37 b23 b14 b25 b20 b35 b27 b19 b24 b18 b21 b12 b11 b7 b9] [b38] [b13] [b33] [b10] [b17] [b52]]
newEntryNode[go.shape.*internal/abi.Type,go.shape.interface {}], 4, 4, []
(*HashTrieMap[go.shape.*internal/abi.Type,go.shape.interface {}]).init, 4, 4, []
Addr.marshalBinarySize, 5, 5, []
Addr.AppendTo, 10, 10, []
Addr.String, 10, 10, []
Addr.AsSlice, 5, 5, []
.eq.[7]string, 19, 13, [[b1] [b2 b4 b9 b6 b3] [b5] [b14] [b13] [b15 b17 b16] [b18] [b20] [b7] [b10] [b12] [b8] [b21]]
.eq.go.shape.struct { unique.node = unique.node[net/netip.addrDetail]; unique.dead sync/atomic.Bool; unique.parent *unique.indirect[net/netip.addrDetail]; unique.mu sync.Mutex; unique.children [16]sync/atomic.Pointer[unique.node[net/netip.addrDetail]] }, 13, 13, []
.eq.go.shape.struct { internal/sync.node = internal/sync.node[*internal/abi.Type,interface {}]; internal/sync.dead sync/atomic.Bool; internal/sync.mu internal/sync.Mutex; internal/sync.parent *internal/sync.indirect[*internal/abi.Type,interface {}]; internal/sync.children [16]sync/atomic.Pointer[internal/sync.node[*internal/abi.Type,interface {}]] }, 13, 13, []
.eq.internal/sync.indirect[go.shape.*internal/abi.Type,go.shape.interface {}], 13, 13, []
.eq.go.shape.struct { unique.node = unique.node[go.shape.struct { net/netip.isV6 bool; net/netip.zoneV6 string }]; unique.dead sync/atomic.Bool; unique.parent *unique.indirect[go.shape.struct { net/netip.isV6 bool; net/netip.zoneV6 string }]; unique.mu sync.Mutex; unique.children [16]sync/atomic.Pointer[go.shape.struct { unique.isEntry bool }] }, 13, 13, []
.eq.go.shape.struct { internal/sync.node = internal/sync.node[go.shape.*internal/abi.Type,go.shape.interface {}]; internal/sync.dead sync/atomic.Bool; internal/sync.mu internal/sync.Mutex; internal/sync.parent *internal/sync.indirect[go.shape.*internal/abi.Type,go.shape.interface {}]; internal/sync.children [16]sync/atomic.Pointer[go.shape.struct { internal/sync.isEntry bool }] }, 13, 13, []
.eq.unique.indirect[go.shape.struct { net/netip.isV6 bool; net/netip.zoneV6 string }], 13, 13, []
.eq.go.shape.struct { internal/sync.node = internal/sync.node[go.shape.*internal/abi.Type,go.shape.interface {}]; internal/sync.overflow sync/atomic.Pointer[internal/sync.entry[go.shape.*internal/abi.Type,go.shape.interface {}]]; internal/sync.key go.shape.*internal/abi.Type; internal/sync.value go.shape.interface {} }, 12, 12, []
.eq.go.shape.struct { net/netip.isV6 bool; net/netip.zoneV6 string }, 7, 7, []
.eq.unique.entry[go.shape.struct { net/netip.isV6 bool; net/netip.zoneV6 string }], 8, 8, []
.eq.go.shape.struct { unique.node = unique.node[go.shape.struct { net/netip.isV6 bool; net/netip.zoneV6 string }]; unique.overflow sync/atomic.Pointer[unique.entry[go.shape.struct { net/netip.isV6 bool; net/netip.zoneV6 string }]]; unique.key weak.Pointer[go.shape.struct { net/netip.isV6 bool; net/netip.zoneV6 string }]; unique.hash uintptr }, 8, 8, []
.eq.go.shape.struct { unique.node = unique.node[net/netip.addrDetail]; unique.overflow sync/atomic.Pointer[unique.entry[net/netip.addrDetail]]; unique.key weak.Pointer[net/netip.addrDetail]; unique.hash uintptr }, 8, 8, []
.eq.internal/sync.entry[go.shape.*internal/abi.Type,go.shape.interface {}], 12, 12, []
.eq.go.shape.struct { internal/sync.node = internal/sync.node[*internal/abi.Type,interface {}]; internal/sync.overflow sync/atomic.Pointer[internal/sync.entry[*internal/abi.Type,interface {}]]; internal/sync.key *internal/abi.Type; internal/sync.value interface {} }, 12, 12, []
.eq.[16]sync/atomic.Pointer[go.shape.struct { unique.isEntry bool }], 6, 4, [[b1] [b2 b4 b3] [b9] [b8]]
.eq.[16]sync/atomic.Pointer[go.shape.struct { internal/sync.isEntry bool }], 6, 4, [[b1] [b2 b4 b3] [b9] [b8]]
