(*struct { sync.Mutex; os/signal.m map[chan<- os.Signal]*os/signal.handler; os/signal.ref [65]int64; os/signal.stopping []os/signal.stopping }).TryLock, 9, 9, []
NotifyContext, 16, 16, []
Delete[[]os/signal.stopping,os/signal.stopping], 18, 18, []
Notify, 41, 28, [[b1] [b3] [b2] [b5] [b4] [b6] [b7] [b8] [b10] [b12] [b14] [b33] [b37] [b34] [b42] [b13] [b36] [b44] [b43] [b32] [b11] [b17] [b22 b24 b41 b40 b29 b38 b28 b30 b31 b23 b39 b35 b27] [b25] [b16] [b18 b20] [b21] [b45]]
(*signalCtx).String, 45, 26, [[b1] [b2] [b3] [b5 b9 b6] [b8] [b7] [b4] [b10] [b11] [b15] [b14] [b13] [b12] [b17] [b20] [b19] [b18] [b21 b23 b28 b31 b25 b40 b34 b35 b26 b27 b29 b33 b41 b42 b43 b22 b32 b30] [b24] [b44] [b36] [b37] [b16] [b45] [b38] [b39]]
process, 36, 26, [[b1] [b4] [b3] [b48] [b7] [b11] [b6] [b5] [b14] [b16] [b17] [b18] [b19] [b23] [b22] [b24] [b25] [b26] [b28] [b29 b31 b37 b38 b35 b30] [b32] [b40 b42 b52 b49 b46 b41] [b53] [b45] [b34] [b21]]
Stop, 70, 61, [[b1] [b3] [b2] [b4] [b5] [b6] [b8] [b10] [b12] [b11] [b13] [b82] [b15] [b17] [b9] [b18 b20 b71 b31 b24 b64 b35 b33] [b21] [b62] [b36] [b26] [b74] [b69] [b37] [b19] [b68] [b67] [b39] [b38] [b40] [b60] [b42] [b44] [b46] [b45] [b47] [b48] [b49] [b51] [b52 b54 b53] [b58] [b73] [b77] [b76] [b75] [b79] [b78] [b81] [b80] [b29] [b83] [b66] [b61] [b65] [b63] [b55] [b85] [b84] [b86] [b27] [b88] [b90]]
cancel, 55, 16, [[b1] [b3] [b2] [b4] [b5] [b6] [b8] [b11] [b38 b40 b59 b58 b61 b57 b56 b45 b29 b77 b54 b44 b46 b65 b27 b78 b47 b39 b68 b51 b60 b17 b82 b79 b43 b76 b67] [b41] [b64] [b69] [b10] [b12 b14 b16 b13 b18 b72 b34 b22 b70 b35 b25 b24 b36 b33] [b15] [b83]]
(*handler).set, 3, 3, []
NotifyContext.func1, 4, 4, []
Notify.func1.1, 4, 4, []
(*handler).clear, 3, 3, []
Notify.func1, 16, 16, []
Notify.deferwrap1, 7, 7, []
process.deferwrap1, 7, 7, []
signum, 11, 11, []
cancel.deferwrap1, 7, 7, []
init.0, 4, 4, []
(*handler).want, 3, 3, []
loop, 2, 2, [[b1] [b4]]
.eq.struct { Cache *struct { Mask uintptr; Entries [1]struct { Typ uintptr; Itab uintptr } }; Inter *struct { Type struct { Size_ uintptr; PtrBytes uintptr; Hash uint32; TFlag uint8; Align_ uint8; FieldAlign_ uint8; Kind_ uint8; Equal unsafe.Pointer; GCData *uint8; Str int32; PtrToThis int32 }; PkgPath struct { Bytes *uint8 }; Methods []struct { Name int32; Typ int32 } }; CanFail bool }, 6, 6, []
(*signalError).Error, 3, 3, []
(*struct { sync.Mutex; os/signal.m map[chan<- os.Signal]*os/signal.handler; os/signal.ref [65]int64; os/signal.stopping []os/signal.stopping }).Lock, 7, 7, []
(*struct { sync.Mutex; os/signal.m map[chan<- os.Signal]*os/signal.handler; os/signal.ref [65]int64; os/signal.stopping []os/signal.stopping }).Unlock, 7, 7, []
Delete[go.shape.[]os/signal.stopping,go.shape.struct { os/signal.c chan<- os.Signal; os/signal.h *os/signal.handler }], 17, 17, []
Ignored, 15, 15, []
