(*Process).pidWait, 19, 17, [[b1] [b5] [b13] [b19 b17 b22] [b25] [b26] [b23] [b24] [b10] [b27] [b12] [b28] [b21] [b11] [b14] [b9] [b3]]
medianCmpFunc[go.shape.interface { Info() (io/fs.FileInfo, error); IsDir() bool; Name() string; Type() io/fs.FileMode }], 22, 22, []
startProcess, 30, 26, [[b1] [b3] [b2] [b4] [b6] [b7] [b8] [b9] [b11] [b10] [b21] [b27] [b17] [b5] [b15] [b12] [b16] [b25] [b13] [b18 b20 b23 b22 b19] [b24] [b30] [b26] [b14] [b28] [b29]]
init, 34, 34, []
(*File).Write, 21, 21, []
(*Process).pidSignal, 23, 23, []
AddCleanup[go.shape.struct { Pid int; os.state sync/atomic.Uint32; os.sigMu sync.RWMutex; os.handle *os.processHandle; os.cleanup runtime.Cleanup },go.shape.*uint8], 108, 86, [[b1] [b31] [b4] [b63] [b113] [b103] [b6] [b28] [b9] [b60] [b101] [b100] [b11] [b13] [b16] [b17] [b3] [b12] [b8] [b20] [b21] [b24] [b32] [b35] [b34] [b26] [b27] [b37] [b38] [b115] [b39] [b43] [b48] [b46] [b45] [b44] [b58] [b47] [b50] [b77] [b87] [b82] [b78] [b80] [b73] [b81] [b74] [b84] [b85] [b83] [b79] [b68] [b88] [b90 b91 b72 b71 b95 b93] [b98] [b92] [b99] [b104] [b109] [b108] [b105] [b106] [b67] [b111] [b110] [b36] [b41] [b33] [b64] [b116] [b112] [b86] [b51] [b52] [b55 b57 b5 b114 b69 b70 b94 b89 b65 b66 b97 b96 b61 b62 b107 b102 b59 b56] [b75] [b49] [b30] [b15] [b10] [b54] [b53] [b76] [b42] [b40] [b22]]
Getwd, 182, 138, [[b1] [b130] [b2] [b131] [b7] [b8] [b11] [b13] [b12] [b14] [b16] [b15] [b17] [b116] [b18] [b117] [b21] [b20] [b181] [b10] [b3] [b27] [b186] [b26] [b6] [b29 b30 b34] [b174] [b175] [b35] [b36] [b173] [b37] [b172] [b39] [b40] [b171] [b41] [b38] [b152] [b43] [b44] [b167] [b42] [b153] [b47] [b48] [b151] [b49] [b46] [b50] [b56] [b57] [b58] [b150] [b55] [b60] [b59] [b61] [b62] [b63] [b65] [b67] [b66] [b68] [b149] [b70] [b72] [b145] [b74] [b76] [b78] [b77] [b79] [b81] [b80] [b82] [b122] [b83] [b137] [b86] [b85] [b107] [b75] [b111] [b92] [b108] [b91] [b73] [b93] [b96] [b95] [b97] [b99] [b98] [b100] [b102] [b101] [b106] [b104] [b103] [b89] [b105] [b90] [b109] [b112 b113 b88 b169 b87 b170 b45 b33 b168 b166 b165 b163 b164 b162 b160 b161 b158 b157 b156 b155 b154 b148 b146 b144 b143 b141 b142 b140 b138 b139 b135 b134 b126 b136 b123 b84 b147 b71 b120 b124 b69 b64 b115] [b114] [b177] [b176] [b178] [b179] [b180] [b182] [b25] [b5] [b188] [b184] [b183] [b185] [b32] [b187] [b189] [b159] [b127] [b129] [b128] [b133] [b121] [b119] [b110] [b94] [b51] [b53] [b52] [b28] [b132] [b118] [b54] [b9]]
ignoringEINTR2[go.shape.string], 7, 5, [[b1] [b3 b4 b8] [b2] [b6] [b7]]
ignoringEINTR2[go.shape.int], 7, 5, [[b1] [b3 b4 b8] [b2] [b6] [b7]]
(*processHandle).acquire, 11, 5, [[b1] [b6 b4 b14 b11 b12 b9 b7] [b16] [b10] [b8]]
(*processHandle).release, 11, 6, [[b1] [b6 b4 b12 b9 b10 b7] [b14] [b15] [b16] [b8]]
(*Process).doRelease, 22, 12, [[b1] [b6 b4 b12 b9 b10 b7] [b13] [b30] [b16] [b21 b19 b27 b24 b25 b22] [b29] [b33] [b15] [b31] [b23] [b8]]
(*Process).pidSignal.deferwrap1, 7, 7, []
(*Process).wait, 3, 3, []
isErrNoFollow, 4, 4, []
newRawConn, 4, 4, []
init.0, 4, 4, []
ignoringEINTR, 7, 5, [[b1] [b3 b4 b8] [b2] [b6] [b7]]
epipecheck, 10, 10, []
(*File).checkValid, 3, 3, []
convertESRCH, 6, 6, []
isValidRootFSPath, 3, 3, []
chmodat.func1, 7, 5, [[b1] [b6 b4 b17] [b12] [b14] [b18]]
chtimesat.func1, 7, 5, [[b1] [b6 b4 b9] [b7] [b8] [b10]]
underlyingError, 19, 19, []
joinPath, 6, 6, []
isShellSpecialVar, 17, 17, []
order2CmpFunc[go.shape.interface { Info() (io/fs.FileInfo, error); IsDir() bool; Name() string; Type() io/fs.FileMode }], 7, 7, []
isNoFollowErr, 12, 12, []
Escape[go.shape.func(go.shape.*uint8)], 7, 7, []
Escape[go.shape.*uint8], 7, 7, []
dtToType, 21, 21, []
CopyFS.func1, 62, 58, [[b1] [b2] [b5] [b51] [b8] [b9] [b13] [b14] [b15] [b19] [b23] [b83] [b50] [b56] [b52] [b55] [b72] [b57] [b29] [b24] [b30] [b37 b35 b40] [b82] [b11] [b41] [b42] [b43] [b71] [b81] [b79] [b45] [b32] [b20] [b46] [b49] [b54] [b59] [b60] [b62 b77 b63] [b65] [b64] [b66] [b67] [b76] [b75] [b80] [b68] [b70] [b69] [b74] [b61] [b78] [b73] [b58] [b53] [b48] [b7] [b4]]
chownat.func1, 7, 5, [[b1] [b6 b4 b9] [b7] [b8] [b10]]
(*dirInfo).close, 3, 3, []
net_newUnixFile, 3, 3, []
Exit, 6, 6, []
Clone[go.shape.[]string,go.shape.string], 6, 6, []
NewSyscallError, 6, 6, []
(*Root).MkdirAll, 6, 6, []
(*File).fd, 6, 6, []
readlinkat, 23, 6, [[b1] [b3 b4 b27 b34 b28 b29 b25 b26 b9 b7 b36 b33 b21 b24 b6 b19 b15 b8] [b35] [b37] [b38] [b30]]
readlink, 20, 9, [[b1] [b3 b4 b29 b28 b9 b7 b18 b27 b6 b19 b15 b8] [b32] [b34] [b35] [b30] [b22] [b33] [b24]]
siftDownCmpFunc[go.shape.interface { Info() (io/fs.FileInfo, error); IsDir() bool; Name() string; Type() io/fs.FileMode }], 22, 8, [[b1] [b3 b27 b22 b29 b4 b18 b16 b14 b26 b15 b24 b8 b6 b10 b9] [b11] [b13] [b17] [b19] [b21] [b5]]
(*File).Close, 3, 3, []
(*Root).Mkdir, 6, 6, []
sameFile, 4, 4, []
insertionSortCmpFunc[go.shape.interface { Info() (io/fs.FileInfo, error); IsDir() bool; Name() string; Type() io/fs.FileMode }], 21, 7, [[b1] [b2 b4 b10 b20 b14 b6 b12 b3 b21 b11 b18 b23 b8 b16 b7] [b5] [b13] [b15] [b17] [b19]]
endsWithDot, 13, 13, []
breakPatternsCmpFunc[go.shape.interface { Info() (io/fs.FileInfo, error); IsDir() bool; Name() string; Type() io/fs.FileMode }], 17, 8, [[b1] [b18] [b6] [b7 b19 b3 b21 b9 b14 b12 b16 b13 b11] [b10] [b2] [b15] [b17]]
Setenv, 6, 6, []
(*File).wrapErr, 26, 26, []
UserCacheDir, 3, 3, []
UserConfigDir, 3, 3, []
Equal[go.shape.[]string,go.shape.string], 11, 8, [[b1] [b2] [b4 b6 b14 b10] [b7] [b5] [b8] [b13] [b3]]
pdqsortCmpFunc[go.shape.interface { Info() (io/fs.FileInfo, error); IsDir() bool; Name() string; Type() io/fs.FileMode }], 65, 15, [[b1] [b3 b4 b65 b66 b58 b67 b68 b53 b62 b64 b54 b60 b24 b56 b59 b40 b28 b15 b55 b52 b50 b35 b26 b49 b33 b37 b43 b34 b36 b27 b31 b47 b29 b6 b39 b41 b38] [b61] [b63] [b57] [b42] [b44] [b32] [b7] [b8 b10 b16 b45 b20 b12 b18 b9 b46 b17 b51 b48 b14 b22 b13] [b30] [b19] [b21] [b23] [b25]]
executable, 13, 13, []
reverseRangeCmpFunc[go.shape.interface { Info() (io/fs.FileInfo, error); IsDir() bool; Name() string; Type() io/fs.FileMode }], 11, 5, [[b1] [b2 b11 b10 b13 b4 b6 b3] [b5] [b7] [b9]]
Grow[go.shape.[]uint8,go.shape.uint8], 11, 11, []
removefileat, 7, 5, [[b1] [b7 b4 b10] [b8] [b9] [b11]]
mkdirat, 7, 5, [[b1] [b6 b4 b17] [b12] [b14] [b18]]
lchownat, 7, 5, [[b1] [b6 b4 b9] [b7] [b8] [b10]]
partialInsertionSortCmpFunc[go.shape.interface { Info() (io/fs.FileInfo, error); IsDir() bool; Name() string; Type() io/fs.FileMode }], 51, 10, [[b1] [b2 b4 b64 b53 b28 b54 b59 b60 b33 b50 b56 b65 b58 b39 b49 b47 b51 b44 b67 b30 b36 b40 b57 b26 b29 b61 b52 b20 b42 b63 b18 b32 b16 b9 b10 b62 b14 b6 b12 b3 b8 b11] [b5] [b13] [b15] [b21] [b23] [b55] [b19] [b17]]
partitionEqualCmpFunc[go.shape.interface { Info() (io/fs.FileInfo, error); IsDir() bool; Name() string; Type() io/fs.FileMode }], 34, 14, [[b1] [b3] [b2] [b5] [b8] [b29] [b43] [b41] [b11 b21 b19 b31 b12 b36 b34 b27 b28 b38 b32 b24 b30 b17 b26 b18 b40 b22 b14 b20 b16] [b23] [b33] [b37] [b39] [b13]]
openRootInRoot.func1, 25, 5, [[b1] [b6 b4 b24 b21 b3 b20 b15 b19 b18 b11 b7 b17 b9 b13 b23 b22 b10 b14 b8 b16 b12] [b5] [b2] [b25]]
(*Process).handleTransientRelease, 13, 8, [[b1] [b3] [b2] [b8 b6 b14 b11 b12 b9] [b16] [b20] [b18] [b10]]
removedirat, 7, 5, [[b1] [b7 b4 b10] [b8] [b9] [b11]]
getShellName, 64, 53, [[b1] [b6] [b5] [b8] [b13] [b30] [b33] [b24] [b32] [b28] [b25] [b12] [b21] [b20] [b14] [b2] [b95 b97 b85 b78 b72 b68 b99 b107 b101 b103] [b37] [b39] [b98] [b117] [b118] [b23] [b19] [b15] [b93] [b7] [b87] [b40] [b45] [b62] [b65] [b56] [b64] [b60] [b57] [b44] [b53] [b52] [b46] [b38] [b55] [b51] [b47] [b67] [b100] [b71] [b77 b79 b83] [b80] [b82] [b89] [b86] [b75]]
isAlphaNum, 12, 12, []
.eq.os.processHandle, 3, 3, []
(*dirFS).Lstat, 3, 3, []
(*dirFS).ReadFile, 3, 3, []
.eq.os.ProcessState, 6, 6, []
.eq.struct { Cache *struct { Mask uintptr; Entries [1]struct { Typ uintptr; Itab uintptr } }; Inter *struct { Type struct { Size_ uintptr; PtrBytes uintptr; Hash uint32; TFlag uint8; Align_ uint8; FieldAlign_ uint8; Kind_ uint8; Equal unsafe.Pointer; GCData *uint8; Str int32; PtrToThis int32 }; PkgPath struct { Bytes *uint8 }; Methods []struct { Name int32; Typ int32 } }; CanFail bool }, 6, 6, []
wrapSyscallError, 10, 10, []
(*dirFS).ReadDir, 3, 3, []
(*dirFS).Stat, 3, 3, []
(*dirFS).Open, 3, 3, []
(*unixDirent).Info, 3, 3, []
(*dirFS).ReadLink, 3, 3, []
(*dirFS).join, 3, 3, []
.eq.os.SyscallError, 10, 10, []
(*File).Stat, 5, 5, []
rootSymlink, 6, 6, []
hostname, 6, 6, []
Chown, 12, 10, [[b1] [b6 b4 b9] [b2] [b3] [b10] [b11] [b12] [b5] [b8] [b7]]
Lchown, 12, 10, [[b1] [b6 b4 b9] [b2] [b3] [b10] [b11] [b12] [b5] [b8] [b7]]
(*Process).signal, 5, 5, []
rootLink, 6, 6, []
(*File).WriteString, 5, 5, []
Truncate, 12, 10, [[b1] [b6 b4 b9] [b2] [b3] [b10] [b11] [b12] [b5] [b8] [b7]]
rootRemove, 6, 6, []
Link, 12, 10, [[b1] [b6 b4 b9] [b2] [b3] [b10] [b11] [b12] [b5] [b8] [b7]]
Symlink, 12, 10, [[b1] [b6 b4 b9] [b2] [b3] [b10] [b11] [b12] [b5] [b8] [b7]]
rootMkdir, 6, 6, []
rootChtimes, 6, 6, []
rootLchown, 6, 6, []
rootChown, 6, 6, []
rootChmod, 6, 6, []
.eq.struct { sync.Mutex; os.dir string }, 10, 10, []
(*errSymlink).Error, 3, 3, []
rootRename, 6, 6, []
rootMkdir.func1, 7, 5, [[b1] [b6 b4 b17] [b12] [b14] [b19]]
(*rootFS).Lstat, 9, 9, []
rootLchown.func1, 7, 5, [[b1] [b6 b4 b9] [b8] [b10] [b11]]
(*rootFS).Stat, 9, 9, []
(*Process).pidStatus, 3, 3, []
Expand, 45, 9, [[b1] [b2 b4 b28 b25 b18 b8 b31 b27 b6 b23 b33 b38 b3 b21 b24 b36 b37 b39 b40 b19 b20 b30 b35 b10 b9 b45 b29 b16 b26 b34 b32 b22 b15 b14 b12 b13 b11] [b5] [b42] [b41] [b44] [b43] [b7] [b17]]
.eq.os.fileStat, 11, 11, []
(*struct { sync.Mutex; os.dir string }).Lock, 7, 7, []
rootOpenDir, 40, 5, [[b1] [b6 b4 b37 b34 b25 b32 b24 b23 b3 b33 b21 b28 b2 b5 b16 b7 b30 b27 b11 b19 b29 b12 b26 b9 b13 b20 b18 b22 b10 b14 b17 b8 b35 b31 b15 b36] [b40] [b39] [b38]]
ignoringEINTR2[int], 7, 5, [[b1] [b3 b4 b8] [b6] [b7] [b9]]
ignoringEINTR2[string], 7, 5, [[b1] [b3 b4 b8] [b6] [b7] [b9]]
readFileContents, 27, 10, [[b2] [b12 b8 b41 b48 b37 b23 b38 b46 b24 b29 b39 b18 b7 b44 b42 b43 b16 b40] [b15] [b45] [b19] [b35] [b22] [b32] [b21] [b20]]
.eq.os.Process, 24, 24, []
(*ProcessState).success, 4, 4, []
checkSymlink, 3, 3, []
.eq.os.unixDirent, 16, 16, []
(*struct { sync.Mutex; os.dir string }).Unlock, 7, 7, []
(*SyscallError).Timeout, 12, 10, [[b1] [b2] [b3] [b5 b11 b6] [b8] [b7] [b4] [b12] [b10] [b9]]
rootStat, 6, 6, []
(*File).Fd, 7, 7, []
fileWithoutWriteTo.checkValid, 4, 4, []
(*ProcessState).ExitCode, 6, 6, []
(*fileWithoutWriteTo).fd, 7, 7, []
fileWithoutReadFrom.checkValid, 4, 4, []
(*Pointer[go.shape.55b825d6d76842fa06225686af4e70043b16687553e9bcbcd398b6e012f72a75]).CompareAndSwapNoWB, 4, 4, []
(*Pointer[go.shape.struct { runtime.heap bool; runtime.rangefunc bool; runtime.sp uintptr; runtime.pc uintptr; runtime.fn func(); runtime.link *runtime._defer; runtime.head *internal/runtime/atomic.Pointer[runtime._defer] }]).CompareAndSwapNoWB, 4, 4, []
rootStat.func1, 11, 11, []
fileWithoutReadFrom.fd, 7, 7, []
fileWithoutWriteTo.fd, 7, 7, []
statOrZero, 3, 3, []
fileWithoutReadFrom.Close, 4, 4, []
rootReadlink, 6, 6, []
(*fileWithoutReadFrom).checkValid, 4, 4, []
fileWithoutWriteTo.Close, 4, 4, []
(*fileWithoutWriteTo).Close, 4, 4, []
(*fileWithoutReadFrom).Close, 4, 4, []
(*fileWithoutReadFrom).fd, 7, 7, []
(*fileWithoutWriteTo).checkValid, 4, 4, []
Delete[go.shape.[]string,go.shape.string], 17, 17, []
.eq.os.LinkError, 18, 18, []
rootRemoveAll, 49, 47, [[b1] [b2 b4 b6] [b22] [b26] [b5] [b17] [b18] [b7] [b15] [b45] [b21] [b47] [b25] [b3] [b34] [b35] [b37] [b38] [b41] [b40] [b44] [b53] [b30] [b61] [b65] [b60] [b67] [b52] [b57] [b51] [b59] [b43] [b48] [b42] [b39] [b50] [b68] [b24] [b56] [b54] [b36] [b20] [b16] [b33] [b28] [b64] [b62]]
.eq.os.root, 16, 16, []
choosePivotCmpFunc[go.shape.interface { Info() (io/fs.FileInfo, error); IsDir() bool; Name() string; Type() io/fs.FileMode }], 11, 11, []
heapSortCmpFunc[go.shape.interface { Info() (io/fs.FileInfo, error); IsDir() bool; Name() string; Type() io/fs.FileMode }], 14, 7, [[b1] [b2 b4] [b5] [b6 b15 b14 b17 b8 b10 b7] [b9] [b11] [b13]]
Clone[[]string,string], 7, 7, []
splitPath, 28, 19, [[b1] [b2 b4 b10 b6] [b36] [b37] [b38] [b5] [b16 b18 b20 b21] [b11] [b23] [b17] [b19] [b28 b30 b34 b29] [b7] [b35] [b33] [b45] [b41] [b47] [b31]]
dirFS.join, 7, 7, []
(*File).readdir, 115, 30, [[b1] [b6 b4 b15 b14 b12 b11 b7] [b13] [b10] [b52] [b48] [b42] [b55] [b56] [b54] [b8] [b5] [b19 b21 b28 b32 b58 b102 b109 b59 b26 b29 b80 b79 b100 b107 b34 b64 b20 b25 b49 b46 b88 b78 b81 b74 b95 b91 b98 b67 b61 b24 b44 b99 b96 b53 b51 b50 b38 b83 b73 b77 b69 b84 b87 b94 b71 b82 b57 b63 b16 b115 b9 b97 b23 b93 b90 b40 b43 b70 b65 b85 b92 b89 b86 b76 b62 b106 b113 b35 b36 b60 b75 b105 b72 b112 b33 b37 b103 b110 b101 b108] [b45] [b30] [b22] [b66] [b114] [b68] [b116] [b117] [b111] [b104] [b27] [b39] [b18] [b17] [b47] [b41] [b31]]
partitionCmpFunc[go.shape.interface { Info() (io/fs.FileInfo, error); IsDir() bool; Name() string; Type() io/fs.FileMode }], 69, 39, [[b1] [b3] [b2] [b5] [b8] [b76] [b89] [b87] [b10 b12 b14 b86 b18 b15] [b17] [b13] [b20 b22 b24 b84 b28 b25] [b27] [b23] [b30] [b41] [b40] [b43] [b46] [b58] [b79] [b71] [b49 b47 b44 b61 b50 b74 b72 b65 b66 b78 b70 b62 b67 b55 b64 b56 b82 b60 b52 b57 b54] [b59] [b69] [b75] [b77] [b51] [b83] [b88] [b42] [b45] [b39] [b31] [b33] [b38] [b68] [b85] [b81]]
OpenFile, 3, 3, []
tryLimitedReader, 3, 3, []
lstatNolog, 12, 10, [[b1] [b6 b4 b9] [b2] [b3] [b10] [b11] [b12] [b5] [b8] [b7]]
setStickyBit, 3, 3, []
rootMkdirAll, 10, 10, []
newHandleProcess, 4, 4, []
.eq.os.file, 15, 15, []
statNolog, 12, 10, [[b1] [b6 b4 b9] [b2] [b3] [b10] [b11] [b12] [b5] [b8] [b7]]
(*File).Readdirnames, 3, 3, []
Equal[[]string,string], 12, 9, [[b1] [b2] [b5 b7 b15 b11] [b8] [b6] [b9] [b14] [b3] [b4]]
(*Root).OpenFile, 8, 8, []
Chtimes, 6, 6, []
rootMkdirAll.func2, 37, 35, [[b1] [b6 b4 b17] [b12] [b14] [b19] [b10] [b22] [b9] [b21] [b25] [b28] [b7] [b30] [b31] [b43] [b35] [b40] [b34] [b29] [b27] [b26] [b8] [b23] [b20] [b38] [b37] [b33] [b41] [b45] [b36] [b32] [b44] [b42] [b46] [b39]]
rootMkdirAll.func1, 76, 16, [[b1] [b2 b4 b66 b65 b78 b77 b40 b80 b48 b42 b79 b64 b75 b58 b62 b55 b44 b57 b53 b45 b49 b43 b61 b60 b38 b41 b29 b36 b28 b27 b73 b37 b25 b32 b71 b69 b20 b74 b34 b31 b15 b23 b33 b76 b30 b13 b17 b81 b22 b26 b14 b18 b21 b10 b12 b19 b82 b3 b8 b52 b50] [b5] [b46] [b56] [b83] [b35] [b68] [b67] [b51] [b59] [b39] [b72] [b70] [b54] [b47]]
(*Process).withHandle, 7, 7, []
Grow[[]uint8,uint8], 11, 11, []
(*noReadFrom).ReadFrom, 3, 3, []
(*noWriteTo).WriteTo, 3, 3, []
(*root).decref, 15, 15, []
(*File).ReadDir, 3, 3, []
openDirNolog, 15, 13, [[b1] [b7 b4 b10] [b5] [b2] [b11] [b12] [b14] [b9] [b8] [b13] [b15] [b6] [b3]]
findProcess, 6, 6, []
(*Process).withHandle.deferwrap1, 13, 8, [[b1] [b3] [b2] [b8 b6 b14 b11 b12 b9] [b16] [b21] [b18] [b10]]
(*File).ReadAt, 19, 16, [[b1] [b3] [b2] [b4] [b5] [b7] [b10 b12 b17 b14] [b19] [b20] [b16] [b13] [b9] [b11] [b15] [b18] [b6]]
newRoot, 18, 16, [[b1] [b6 b4 b9] [b8] [b12] [b10] [b11] [b18] [b5] [b14] [b13] [b7] [b3] [b16] [b2] [b17] [b15]]
(*root).incref, 9, 9, []
(*root).decref.deferwrap1, 7, 7, []
(*File).Readdir, 3, 3, []
(*rawConn).Control, 6, 6, []
(*root).Close, 13, 13, []
(*File).Chown, 8, 8, []
(*ProcessState).Success, 4, 4, []
(*File).Truncate, 8, 8, []
(*root).incref.deferwrap1, 7, 7, []
(*File).Sync, 8, 8, []
chtimesUtimes, 19, 19, []
UserHomeDir, 6, 6, []
(*root).Close.deferwrap1, 7, 7, []
(*File).Chdir, 8, 8, []
openRootNolog, 12, 10, [[b1] [b7 b4 b10] [b3] [b6] [b11] [b12] [b13] [b2] [b9] [b8]]
Executable, 14, 14, []
(*File).WriteAt, 21, 18, [[b1] [b3] [b2] [b4] [b5] [b7] [b9] [b12 b14 b19 b16] [b21] [b22] [b18] [b15] [b11] [b13] [b17] [b20] [b8] [b6]]
(*rawConn).Write, 6, 6, []
(*rawConn).Read, 6, 6, []
rename, 50, 48, [[b1] [b3] [b31] [b2] [b30] [b5] [b8] [b28] [b15] [b29] [b17] [b19] [b18] [b20] [b22] [b21] [b23] [b14] [b24] [b25] [b27] [b26] [b45] [b16] [b10] [b6] [b4] [b38 b36 b41] [b47] [b46] [b42] [b43] [b44] [b50] [b34] [b32] [b37] [b33] [b49] [b39] [b35] [b7] [b11] [b13] [b12] [b48] [b9] [b40]]
removeat, 22, 18, [[b1] [b7 b4 b10] [b20] [b21] [b11] [b13] [b12] [b19 b16 b22] [b15] [b18] [b23] [b25] [b24] [b28] [b9] [b26] [b14] [b27]]
modeAt, 3, 3, []
chmod, 12, 10, [[b2] [b7 b5 b18] [b10] [b11] [b19] [b20] [b21] [b9] [b15] [b13]]
Remove, 26, 22, [[b1] [b6 b4 b9] [b13] [b14] [b10] [b12] [b11] [b17 b15 b20] [b7] [b8] [b21] [b23] [b22] [b26] [b16] [b3] [b2] [b25] [b24] [b5] [b19] [b18]]
Mkdir, 17, 15, [[b2] [b7 b5 b18] [b10] [b11] [b19] [b20] [b9] [b23] [b24] [b22] [b25] [b21] [b8] [b15] [b13]]
(*struct { sync.Mutex; os.dir string }).TryLock, 9, 9, []
dirFS.Stat, 13, 13, []
IsTimeout, 31, 29, [[b1] [b4] [b3] [b7] [b16] [b27] [b24] [b28] [b23] [b30] [b15] [b20] [b14] [b22] [b6] [b11] [b5] [b2] [b13] [b31] [b32] [b33] [b35 b25 b36] [b38] [b37] [b34] [b19] [b40] [b39]]
dirFS.ReadDir, 14, 14, []
dirFS.ReadFile, 14, 14, []
dirFS.Lstat, 13, 13, []
prefixAndSuffix, 19, 15, [[b1] [b2 b4 b8] [b5] [b11 b13 b17] [b14] [b16] [b19] [b22] [b21] [b24] [b25] [b28] [b27] [b20] [b10]]
(*Pointer[runtime._defer]).CompareAndSwapNoWB, 4, 4, []
Getgroups, 7, 7, []
underlyingErrorIs, 64, 64, []
(*Pointer[runtime.m]).CompareAndSwapNoWB, 4, 4, []
MkdirAll, 36, 31, [[b1] [b3] [b4] [b29] [b31] [b30] [b5] [b2] [b6 b8 b10] [b26] [b11] [b9] [b15 b17 b19 b20] [b24] [b22] [b25] [b18] [b27] [b36] [b13] [b38] [b39] [b37] [b41] [b42] [b43] [b34] [b46] [b32] [b45] [b40]]
(*Root).logOpen, 13, 13, []
(*Root).logStat, 13, 13, []
splitPathInRoot, 59, 30, [[b1] [b7] [b8] [b11] [b13] [b17] [b16] [b15] [b12] [b19 b20 b28 b48 b22 b50 b59 b23 b40 b2 b55 b51 b44 b38 b64 b53 b39 b35 b75 b37 b45 b76 b34 b67 b33 b31 b29 b27 b74 b69] [b25] [b30] [b32] [b52] [b21] [b58] [b61] [b70] [b65] [b66] [b63] [b72] [b49] [b77] [b73] [b81] [b80] [b79] [b9] [b4]]
(*rootFS).ReadLink, 9, 9, []
newFile, 55, 53, [[b1] [b3] [b29] [b2] [b49] [b4] [b42] [b6] [b9] [b50] [b51] [b26] [b8] [b25] [b13] [b18 b16 b21] [b15] [b19] [b22] [b24] [b23] [b52] [b11] [b7] [b28] [b53] [b14] [b27] [b20] [b30] [b12] [b10] [b5] [b32] [b35] [b39] [b40] [b38] [b34] [b17] [b37] [b36] [b33] [b31] [b55] [b41] [b54] [b47] [b44] [b46] [b48] [b45] [b43]]
(*file).close, 20, 20, []
(*File).seek, 7, 7, []
fileWithoutReadFrom.WriteString, 5, 5, []
(*fileWithoutWriteTo).WriteString, 5, 5, []
(*fileWithoutReadFrom).WriteString, 5, 5, []
fileWithoutWriteTo.WriteString, 5, 5, []
newFileFromNewFile, 3, 3, []
(*File).setReadDeadline, 6, 6, []
Delete[[]string,string], 18, 18, []
(*File).setWriteDeadline, 6, 6, []
(*File).setDeadline, 6, 6, []
(*File).Seek, 16, 16, []
(*ProcessState).String, 28, 28, []
newUnixDirent, 11, 11, []
afterResolvingSymlink, 6, 6, []
(*File).SyscallConn, 9, 9, []
Chdir, 15, 15, []
Chmod, 13, 11, [[b2] [b7 b5 b18] [b10] [b11] [b19] [b20] [b21] [b9] [b15] [b13] [b22]]
openFileNolog, 23, 21, [[b1] [b6] [b2] [b8] [b7] [b4] [b13 b11 b25] [b14] [b15] [b26] [b27] [b29] [b30] [b31] [b23] [b17] [b16] [b28] [b24] [b22] [b19]]
(*rootFS).Open, 11, 11, []
SameFile, 15, 15, []
MkdirTemp, 36, 33, [[b1] [b11] [b3] [b14] [b5] [b7] [b2] [b8] [b6] [b10] [b12] [b15] [b16] [b17] [b19 b20 b26 b24] [b23] [b29] [b4] [b32] [b33] [b30] [b34] [b27] [b36] [b22] [b18] [b35] [b28] [b25] [b9] [b21] [b13] [b31]]
CreateTemp, 29, 27, [[b1] [b11] [b3] [b6] [b5] [b7] [b2] [b8] [b21] [b10] [b4] [b15] [b16] [b17] [b22 b20 b24] [b23] [b25] [b29] [b14] [b12] [b28] [b19] [b18] [b9] [b27] [b13] [b26]]
dirFS.ReadLink, 6, 6, []
(*Root).WriteFile, 6, 6, []
WriteFile, 11, 11, []
ReadDir, 3, 3, []
atime, 6, 6, []
ReadFile, 3, 3, []
dirFS.Open, 13, 13, []
OpenInRoot, 3, 3, []
(*Root).ReadFile, 3, 3, []
doInRoot[go.shape.interface { IsDir() bool; ModTime() time.Time; Mode() io/fs.FileMode; Name() string; Size() int64; Sys() interface {} }], 111, 36, [[b1] [b2] [b164] [b4] [b6] [b9] [b151] [b8] [b162] [b5] [b11] [b13 b14 b83 b158 b98 b66 b84 b150 b160 b85 b79 b147 b29 b161 b90 b94 b86 b81 b144 b149 b159 b88 b59 b96 b61 b130 b157 b134 b38 b20 b92 b47 b97 b60 b77 b128 b153 b43 b41 b138 b135 b95 b57 b87 b78 b118 b23 b31 b55 b75 b112 b18 b53 b73 b104 b148 b142 b36 b70 b99 b16 b126 b120 b110 b71 b72 b37 b33 b39 b68 b21 b35] [b24] [b91] [b45] [b116] [b111] [b131] [b121] [b103] [b108] [b119] [b166] [b27] [b167] [b165] [b168 b154 b25 b163 b170] [b171] [b56] [b58] [b74] [b76] [b52] [b19] [b7] [b3]]
doInRoot[go.shape.int], 111, 36, [[b1] [b2] [b164] [b4] [b6] [b9] [b151] [b8] [b162] [b5] [b11] [b13 b14 b83 b158 b98 b66 b84 b150 b160 b85 b79 b147 b29 b161 b90 b94 b86 b81 b144 b149 b159 b88 b59 b96 b61 b130 b157 b134 b38 b20 b92 b47 b97 b60 b77 b128 b153 b43 b41 b138 b135 b95 b57 b87 b78 b118 b23 b31 b55 b75 b112 b18 b53 b73 b104 b148 b142 b36 b70 b99 b16 b126 b120 b110 b71 b72 b37 b33 b39 b68 b21 b35] [b24] [b91] [b45] [b116] [b111] [b131] [b121] [b103] [b108] [b119] [b166] [b27] [b167] [b165] [b168 b154 b25 b163 b170] [b171] [b56] [b58] [b74] [b76] [b52] [b19] [b7] [b3]]
ReadDir.deferwrap1, 4, 4, []
ReadFile.deferwrap1, 4, 4, []
doInRoot[go.shape.string], 111, 36, [[b1] [b2] [b164] [b4] [b6] [b9] [b151] [b8] [b162] [b5] [b11] [b13 b14 b83 b158 b98 b66 b84 b150 b160 b85 b79 b147 b29 b161 b90 b94 b86 b81 b144 b149 b159 b88 b59 b96 b61 b130 b157 b134 b38 b20 b92 b47 b97 b60 b77 b128 b153 b43 b41 b138 b135 b95 b57 b87 b78 b118 b23 b31 b55 b75 b112 b18 b53 b73 b104 b148 b142 b36 b70 b99 b16 b126 b120 b110 b71 b72 b37 b33 b39 b68 b21 b35] [b24] [b91] [b45] [b116] [b111] [b131] [b121] [b103] [b108] [b119] [b166] [b27] [b167] [b165] [b168 b154 b25 b163 b170] [b171] [b56] [b58] [b74] [b76] [b52] [b19] [b7] [b3]]
doInRoot[go.shape.struct {}], 111, 36, [[b1] [b2] [b164] [b4] [b6] [b9] [b151] [b8] [b162] [b5] [b11] [b13 b14 b83 b158 b98 b66 b84 b150 b160 b85 b79 b147 b29 b161 b90 b94 b86 b81 b144 b149 b159 b88 b59 b96 b61 b130 b157 b134 b38 b20 b92 b47 b97 b60 b77 b128 b153 b43 b41 b138 b135 b95 b57 b87 b78 b118 b23 b31 b55 b75 b112 b18 b53 b73 b104 b148 b142 b36 b70 b99 b16 b126 b120 b110 b71 b72 b37 b33 b39 b68 b21 b35] [b24] [b91] [b45] [b116] [b111] [b131] [b121] [b103] [b108] [b119] [b166] [b27] [b167] [b165] [b168 b154 b25 b163 b170] [b171] [b56] [b58] [b74] [b76] [b52] [b19] [b7] [b3]]
removeAll, 36, 36, []
(*Root).ReadFile.deferwrap1, 4, 4, []
doInRoot[go.shape.interface { IsDir() bool; ModTime() time.Time; Mode() io/fs.FileMode; Name() string; Size() int64; Sys() interface {} }].func1, 4, 4, []
doInRoot[go.shape.int].func1, 4, 4, []
(*File).chmod, 8, 8, []
(*File).ReadFrom, 6, 6, []
doInRoot[go.shape.string].func1, 4, 4, []
doInRoot[go.shape.struct {}].func1, 4, 4, []
removeAll.deferwrap1, 4, 4, []
(*rootFS).ReadFile, 11, 11, []
fileWithoutReadFrom.SyscallConn, 10, 10, []
fileWithoutWriteTo.SyscallConn, 10, 10, []
fillFileStatFromSys, 46, 46, []
(*File).Read, 6, 6, []
openDirAt, 42, 7, [[b1] [b6 b4 b37 b34 b25 b32 b24 b23 b12 b33 b21 b28 b7 b3 b16 b20 b30 b27 b11 b19 b29 b31 b26 b9 b13 b35 b18 b22 b10 b14 b17 b8 b38 b36 b15 b40] [b5] [b2] [b39] [b42] [b41]]
(*fileWithoutWriteTo).SyscallConn, 10, 10, []
(*fileWithoutReadFrom).SyscallConn, 10, 10, []
(*rootFS).ReadFile.deferwrap1, 4, 4, []
(*Process).handleTransientAcquire, 17, 11, [[b1] [b3] [b4] [b5] [b11 b9 b20 b17 b18 b14 b12] [b24] [b25] [b26] [b27] [b13] [b6]]
openRootInRoot, 12, 12, []
(*File).WriteTo, 6, 6, []
Pipe, 24, 24, []
removeAllFrom, 106, 75, [[b1] [b7 b4 b10] [b77] [b78] [b12] [b68] [b13] [b16] [b18] [b60] [b19] [b30] [b21] [b22] [b48] [b20] [b35] [b25] [b26] [b45] [b24] [b44] [b28] [b31 b32 b81 b80 b79 b51 b67 b64 b56 b66 b52 b8 b73 b11 b55 b65 b72 b85 b49 b9 b54 b69 b105 b88 b34 b50 b53 b74] [b83] [b57] [b59] [b58] [b61] [b62] [b104] [b91] [b90] [b63] [b36] [b37] [b27] [b39] [b40] [b42] [b23] [b43] [b41] [b46] [b102] [b70] [b97] [b33] [b89 b86 b92] [b3] [b6] [b94] [b87] [b95] [b98] [b100] [b106] [b84] [b82] [b101] [b2] [b99] [b15] [b14] [b47] [b103] [b96] [b93] [b38] [b29] [b5] [b76] [b75] [b71] [b17]]
rootOpenFileNolog, 12, 12, []
(*rootFS).ReadDir, 11, 11, []
rootOpenFileNolog.func1, 41, 5, [[b1] [b6 b4 b38 b35 b5 b33 b3 b34 b2 b29 b24 b7 b31 b16 b28 b11 b30 b9 b27 b26 b8 b15 b23 b25 b13 b17 b20 b22 b14 b18 b21 b10 b12 b36 b32 b19 b37] [b41] [b40] [b39]]
(*rootFS).ReadDir.deferwrap1, 4, 4, []
.eq.go.shape.struct { Pid int; os.state sync/atomic.Uint32; os.sigMu sync.RWMutex; os.handle *os.processHandle; os.cleanup runtime.Cleanup }, 24, 24, []
.eq.[7]string, 19, 13, [[b1] [b2 b4 b9 b6 b3] [b5] [b14] [b13] [b15 b17 b16] [b18] [b20] [b7] [b10] [b12] [b8] [b21]]
main, 51, 51, []
.eq.[2]interface {}, 10, 7, [[b1] [b2 b4 b8 b3] [b5] [b7] [b6] [b9] [b10]]
