(*traceMultiplexer).startLocked, 24, 24, []
(*traceMultiplexer).unsubscribeFlightRecorder, 36, 36, []
(*recorder).endGeneration, 51, 34, [[b1] [b3] [b2] [b4] [b5] [b6] [b11] [b9] [b41] [b39] [b13 b10 b8 b27 b15 b38 b28 b26 b22 b17 b18 b14] [b36] [b20] [b25] [b24] [b21] [b23] [b16] [b30 b48 b7 b12 b32 b34 b31] [b42] [b50] [b46] [b40] [b44] [b43] [b45] [b19] [b47] [b49] [b51] [b33] [b29] [b35] [b37]]
(*traceMultiplexer).unsubscribeTraceStartWriter, 33, 33, []
(*FlightRecorder).WriteTo, 41, 36, [[b1] [b3] [b7] [b5] [b8] [b2] [b9] [b13] [b12] [b14] [b16] [b15] [b10] [b17] [b19] [b23] [b21] [b24] [b18] [b26] [b25] [b27] [b28] [b29] [b31] [b33] [b32] [b34] [b60] [b36] [b39] [b41] [b46 b48 b50 b47 b52 b51] [b61] [b58] [b45]]
(*traceMultiplexer).subscribeFlightRecorder, 50, 50, []
(*traceMultiplexer).subscribeTraceStartWriter, 50, 50, []
readBatch, 125, 113, [[b1] [b8] [b18] [b122] [b20] [b154] [b32] [b34 b36 b40 b38] [b64] [b93] [b37] [b43] [b30] [b44] [b35] [b46] [b47] [b48] [b59] [b62] [b61] [b63 b65 b69 b67] [b161] [b2] [b66] [b72] [b147] [b73] [b160] [b75] [b76] [b77] [b88] [b91] [b90] [b92 b94 b98 b96] [b109] [b128] [b95] [b101] [b99] [b102] [b107] [b104] [b105] [b106] [b117] [b120] [b119] [b121 b123 b127 b125] [b70] [b78] [b124] [b130] [b49] [b131] [b51] [b133] [b134] [b135] [b136] [b146] [b162] [b155] [b159] [b157] [b158] [b148] [b153] [b151] [b152] [b137] [b41] [b139] [b140] [b145] [b143] [b144] [b108] [b80] [b110] [b111] [b116] [b114] [b115] [b79] [b138] [b81] [b82] [b87] [b85] [b86] [b50] [b10] [b52] [b53] [b58] [b56] [b57] [b24] [b29] [b27] [b28] [b11] [b12] [b13] [b17] [b15] [b16] [b3] [b7] [b5] [b6]]
(*traceMultiplexer).startLocked.func1, 58, 9, [[b1] [b17] [b3] [b2] [b29] [b5] [b4] [b7 b8 b20 b46 b57 b58 b54 b47 b16 b14 b44 b11 b15 b53 b45 b12 b43 b18 b13 b52 b41 b10 b39 b37 b38 b42 b55 b19 b33 b56 b40 b35 b49 b36 b34 b50 b51 b31 b48 b32 b30 b28 b27 b26 b24 b25 b22 b6 b23 b21] [b9]]
(*traceMultiplexer).unsubscribeFlightRecorder.deferwrap1, 7, 7, []
Logf, 7, 7, []
(*traceMultiplexer).unsubscribeTraceStartWriter.deferwrap1, 7, 7, []
(*FlightRecorder).WriteTo.deferwrap1, 7, 7, []
(*traceMultiplexer).subscribeFlightRecorder.deferwrap1, 7, 7, []
(*traceMultiplexer).subscribeTraceStartWriter.deferwrap1, 7, 7, []
(*traceMultiplexer).removedSubscriber, 4, 4, []
newID, 4, 4, []
(*Region).End, 3, 3, []
(*traceMultiplexer).removingSubscriber, 6, 6, []
(*traceMultiplexer).addedSubscriber, 6, 6, []
(*FlightRecorder).Stop, 6, 6, []
Reverse[go.shape.[]runtime/trace.rawGeneration,go.shape.struct { runtime/trace.gen uint64; runtime/trace.size int; runtime/trace.minTime runtime/trace.eventTime; runtime/trace.batches [][]uint8 }], 11, 5, [[b1] [b2 b11 b10 b13 b4 b6 b3] [b5] [b7] [b9]]
NewFlightRecorder, 7, 7, []
putUvarint, 8, 6, [[b1] [b2 b4 b3] [b5] [b9] [b8] [b7]]
.eq.runtime/trace.recorder, 3, 3, []
.eq.runtime/trace.Region, 7, 7, []
(*frequency).mul, 3, 3, []
(*eventTime).Sub, 3, 3, []
Reverse[[]runtime/trace.rawGeneration,runtime/trace.rawGeneration], 11, 5, [[b1] [b2 b11 b10 b13 b4 b6 b3] [b14] [b7] [b9]]
(*traceMultiplexer).Lock, 7, 7, []
readUvarint, 14, 11, [[b1] [b2 b4 b8 b6] [b9] [b3] [b5] [b11] [b10] [b12] [b13] [b14] [b15]]
.eq.runtime/trace.traceMultiplexer, 22, 22, []
(*FlightRecorder).Start, 14, 14, []
(*traceMultiplexer).Unlock, 7, 7, []
fromContext, 3, 3, []
(*traceMultiplexer).TryLock, 9, 9, []
Log, 4, 4, []
StartRegion, 9, 9, []
(*recorder).Write, 39, 39, []
WithRegion, 4, 4, []
NewTask, 7, 7, []
(*recorder).Write.func1, 10, 10, []
.eq.[2]interface {}, 10, 7, [[b1] [b2 b4 b8 b3] [b5] [b7] [b6] [b9] [b10]]
