median_func, 10, 10, []
median, 10, 10, []
medianOrdered[go.shape.int], 22, 22, []
Slice, 7, 7, []
medianOrdered[go.shape.string], 22, 22, []
SliceIsSorted, 12, 10, [[b1] [b3] [b2] [b6] [b9] [b7] [b4] [b12 b14 b13] [b15] [b17]]
medianOrdered[go.shape.float64], 40, 40, []
SliceStable, 7, 7, []
StringSlice.Swap, 8, 8, []
StringSlice.Less, 5, 5, []
Float64Slice.Swap, 5, 5, []
IntSlice.Less, 5, 5, []
IntSlice.Swap, 5, 5, []
order2Ordered[go.shape.string], 7, 7, []
Reverse, 4, 4, []
order2Ordered[go.shape.float64], 13, 13, []
order2Ordered[go.shape.int], 7, 7, []
order2, 3, 3, []
order2_func, 3, 3, []
swapRange_func, 4, 3, [[b1] [b2 b4] [b5]]
insertionSort, 10, 3, [[b1] [b2 b4 b10 b9 b11 b6 b3 b8] [b5]]
siftDown, 11, 4, [[b1] [b3 b4 b10 b12 b11 b9 b8 b6] [b13] [b5]]
breakPatterns, 7, 6, [[b1] [b11] [b4] [b5 b9] [b8] [b2]]
insertionSortOrdered[go.shape.float64], 20, 5, [[b1] [b2 b4 b27 b25 b10 b6 b30 b28 b3 b8 b17 b16 b23 b7 b12 b11] [b5] [b13] [b15]]
siftDownOrdered[go.shape.float64], 32, 8, [[b1] [b3 b4 b40 b38 b33 b28 b37 b42 b27 b23 b21 b43 b22 b32 b31 b41 b39 b8 b6 b15 b36 b34 b14 b10 b9] [b11] [b13] [b24] [b26] [b35] [b5]]
breakPatterns_func, 7, 6, [[b1] [b11] [b4] [b5 b9] [b8] [b2]]
breakPatternsOrdered[go.shape.float64], 14, 8, [[b1] [b18] [b6] [b7 b9 b14 b12 b16 b13 b11] [b10] [b2] [b15] [b17]]
insertionSort_func, 10, 3, [[b1] [b2 b4 b10 b9 b11 b6 b3 b8] [b5]]
breakPatternsOrdered[go.shape.int], 14, 8, [[b1] [b18] [b6] [b7 b9 b14 b12 b16 b13 b11] [b10] [b2] [b15] [b17]]
siftDownOrdered[go.shape.int], 20, 8, [[b1] [b3 b4 b33 b23 b21 b40 b22 b38 b36 b8 b6 b10 b9] [b11] [b13] [b24] [b26] [b35] [b5]]
swapRange, 4, 3, [[b1] [b2 b4] [b5]]
insertionSortOrdered[go.shape.int], 14, 5, [[b1] [b2 b4 b27 b25 b10 b6 b12 b3 b8 b11] [b5] [b13] [b15]]
(*IntSlice).Search, 3, 3, []
Float64Slice.Less, 11, 11, []
insertionSortOrdered[go.shape.string], 21, 7, [[b1] [b2 b4 b10 b31 b26 b6 b12 b3 b32 b11 b29 b34 b8 b27 b7] [b5] [b13] [b15] [b28] [b30]]
(*StringSlice).Search, 3, 3, []
breakPatternsOrdered[go.shape.string], 17, 8, [[b1] [b18] [b6] [b7 b19 b3 b21 b9 b14 b12 b16 b13 b11] [b10] [b2] [b15] [b17]]
siftDownOrdered[go.shape.string], 22, 8, [[b1] [b3 b49 b44 b51 b4 b41 b27 b25 b48 b26 b46 b8 b6 b10 b9] [b11] [b13] [b28] [b30] [b43] [b5]]
(*Float64Slice).Search, 3, 3, []
siftDown_func, 11, 4, [[b1] [b3 b4 b10 b12 b11 b9 b8 b6] [b13] [b5]]
IsSorted[go.shape.[]float64,go.shape.float64], 12, 6, [[b1] [b2 b4 b16 b6 b3 b11 b10] [b5] [b7] [b9] [b18]]
reverseRangeOrdered[go.shape.string], 11, 5, [[b1] [b2 b11 b10 b13 b4 b6 b3] [b5] [b7] [b9]]
pdqsortOrdered[go.shape.int], 42, 9, [[b1] [b3 b4 b49 b50 b35 b51 b52 b37 b48 b36 b25 b23 b31 b41 b33 b42 b47 b46 b32 b29 b27 b12 b20 b26 b10 b14 b22 b11 b13 b16 b8 b18 b6 b15] [b38] [b40] [b34] [b19] [b21] [b9] [b7]]
IsSorted[go.shape.[]string,go.shape.string], 6, 4, [[b1] [b2 b4 b20] [b5] [b22]]
reverseRange, 4, 3, [[b1] [b2 b4] [b5]]
pdqsortOrdered[go.shape.string], 45, 9, [[b1] [b3 b4 b53 b54 b35 b55 b56 b22 b51 b52 b31 b37 b39 b33 b36 b25 b23 b49 b32 b29 b27 b12 b43 b26 b10 b14 b50 b11 b13 b44 b8 b20 b45 b6 b16 b18 b15] [b38] [b40] [b34] [b19] [b21] [b9] [b7]]
reverseRange_func, 4, 3, [[b1] [b2 b4] [b5]]
pdqsortOrdered[go.shape.float64], 47, 9, [[b1] [b3 b4 b49 b50 b35 b51 b52 b23 b47 b48 b42 b41 b46 b45 b44 b37 b31 b36 b25 b33 b43 b39 b30 b32 b29 b27 b12 b20 b26 b10 b14 b22 b11 b13 b16 b8 b18 b6 b15] [b38] [b40] [b34] [b19] [b21] [b9] [b7]]
reverseRangeOrdered[go.shape.int], 8, 5, [[b1] [b2 b4 b6 b3] [b5] [b7] [b9]]
reverseRangeOrdered[go.shape.float64], 8, 5, [[b1] [b2 b4 b6 b3] [b5] [b7] [b9]]
IsSorted[go.shape.[]int,go.shape.int], 6, 4, [[b1] [b2 b4 b16] [b5] [b18]]
Search, 4, 3, [[b1] [b2 b3] [b5]]
pdqsort_func, 31, 5, [[b1] [b3 b4 b25 b26 b22 b27 b28 b5 b23 b24 b18 b2 b20 b29 b30 b31 b19 b16 b14 b12 b15 b13 b10 b17 b11 b8 b6] [b21] [b9] [b7]]
pdqsort, 31, 5, [[b1] [b3 b4 b25 b26 b22 b27 b28 b5 b23 b24 b18 b2 b20 b29 b30 b31 b19 b16 b14 b12 b15 b13 b10 b17 b11 b8 b6] [b21] [b9] [b7]]
partialInsertionSortOrdered[go.shape.float64], 59, 10, [[b1] [b2 b4 b85 b67 b35 b86 b80 b56 b40 b64 b78 b33 b41 b53 b63 b66 b84 b82 b27 b37 b51 b29 b88 b73 b72 b25 b36 b39 b38 b31 b65 b23 b54 b52 b46 b45 b9 b83 b81 b79 b10 b6 b17 b68 b58 b3 b8 b16 b12 b11] [b5] [b13] [b15] [b28] [b30] [b69] [b26] [b24]]
partialInsertionSort_func, 32, 5, [[b1] [b2 b4 b30 b29 b16 b32 b31 b22 b21 b26 b27 b14 b7 b23 b25 b28 b12 b18 b19 b9 b17 b20 b10 b24 b11 b6 b3 b8] [b5] [b15] [b13]]
partitionEqual_func, 16, 3, [[b1] [b3 b4 b15 b16 b18 b17 b12 b9 b14 b10 b19 b11 b6 b8] [b5]]
partitionEqualOrdered[go.shape.float64], 39, 13, [[b1] [b3] [b2] [b5] [b8] [b11 b12 b50 b48 b34 b35 b21 b9 b42 b41 b37 b31 b17 b33 b36 b19 b6 b55 b38 b18 b14 b25 b4 b57 b16 b24 b20] [b23] [b52] [b40] [b51] [b53] [b54] [b13]]
partitionEqualOrdered[go.shape.string], 34, 14, [[b1] [b3] [b2] [b5] [b8] [b54] [b65] [b63] [b11 b48 b47 b49 b12 b58 b56 b38 b39 b60 b55 b35 b41 b17 b37 b18 b62 b34 b14 b20 b16] [b23] [b44] [b59] [b61] [b13]]
partialInsertionSortOrdered[go.shape.int], 42, 10, [[b1] [b2 b4 b85 b67 b35 b58 b80 b79 b40 b64 b78 b33 b68 b53 b63 b66 b65 b27 b37 b51 b25 b36 b39 b23 b9 b83 b81 b10 b6 b12 b3 b8 b11] [b5] [b13] [b15] [b28] [b30] [b69] [b26] [b24]]
partialInsertionSortOrdered[go.shape.string], 51, 10, [[b1] [b2 b4 b97 b75 b39 b89 b92 b93 b44 b72 b90 b98 b91 b61 b71 b83 b73 b82 b100 b41 b59 b76 b84 b37 b40 b94 b74 b31 b78 b96 b29 b43 b27 b9 b10 b95 b26 b6 b12 b3 b8 b11] [b5] [b13] [b15] [b32] [b34] [b77] [b30] [b28]]
partitionEqual, 16, 3, [[b1] [b3 b4 b15 b16 b18 b17 b12 b9 b14 b10 b19 b11 b6 b8] [b5]]
partitionEqualOrdered[go.shape.int], 28, 13, [[b1] [b3] [b2] [b5] [b8] [b11 b12 b50 b48 b34 b35 b37 b31 b17 b33 b36 b19 b18 b14 b20 b16] [b23] [b52] [b40] [b51] [b53] [b54] [b13]]
Sort, 3, 3, []
(*Float64Slice).Sort, 3, 3, []
Find, 7, 6, [[b1] [b2 b3] [b5] [b8] [b10] [b9]]
partialInsertionSort, 32, 5, [[b1] [b2 b4 b30 b29 b16 b32 b31 b22 b21 b26 b27 b14 b7 b23 b25 b28 b12 b18 b19 b9 b17 b20 b10 b24 b11 b6 b3 b8] [b5] [b15] [b13]]
(*IntSlice).Sort, 3, 3, []
IsSorted, 6, 4, [[b1] [b2 b4 b3] [b5] [b7]]
(*StringSlice).Sort, 3, 3, []
stable, 13, 5, [[b1] [b2 b4] [b5] [b6 b8 b14 b15 b13 b10 b7 b12] [b9]]
(*IntSlice).Swap, 7, 7, []
(*Float64Slice).Swap, 7, 7, []
stable_func, 13, 5, [[b1] [b2 b4] [b5] [b6 b8 b14 b15 b13 b10 b7 b12] [b9]]
(*StringSlice).Swap, 10, 10, []
(*IntSlice).Len, 3, 3, []
(*Float64Slice).Len, 3, 3, []
(*StringSlice).Len, 3, 3, []
(*IntSlice).Less, 7, 7, []
(*StringSlice).Less, 7, 7, []
choosePivotOrdered[go.shape.float64], 11, 11, []
(*reverse).Less, 3, 3, []
heapSortOrdered[go.shape.int], 11, 7, [[b1] [b2 b4] [b5] [b6 b8 b10 b7] [b9] [b11] [b13]]
choosePivotOrdered[go.shape.string], 11, 11, []
heapSort_func, 7, 5, [[b1] [b2 b4] [b5] [b6 b8] [b9]]
heapSortOrdered[go.shape.string], 14, 7, [[b1] [b2 b4] [b5] [b6 b15 b14 b17 b8 b10 b7] [b9] [b11] [b13]]
choosePivotOrdered[go.shape.int], 11, 11, []
heapSortOrdered[go.shape.float64], 11, 7, [[b1] [b2 b4] [b5] [b6 b8 b10 b7] [b9] [b11] [b13]]
choosePivot, 11, 11, []
heapSort, 7, 5, [[b1] [b2 b4] [b5] [b6 b8] [b9]]
choosePivot_func, 11, 11, []
partitionOrdered[go.shape.float64], 78, 35, [[b1] [b3] [b2] [b5] [b8] [b10 b12 b114 b112 b14 b21 b104 b89 b20 b15] [b106] [b17] [b110] [b13] [b27 b29 b31 b56 b50 b38 b37 b32] [b46] [b34] [b58] [b72] [b30] [b44] [b55] [b54] [b57] [b60] [b63 b64 b102 b100 b86 b107 b92 b87 b94 b75 b61 b93 b88 b83 b69 b85 b117 b115 b70 b66 b113 b109 b68 b77 b76 b6 b4 b71] [b73] [b16] [b90] [b103] [b105] [b33] [b65] [b111] [b116] [b48] [b45] [b47] [b52]]
partitionOrdered[go.shape.string], 69, 39, [[b1] [b3] [b2] [b5] [b8] [b120] [b133] [b131] [b10 b12 b14 b130 b30 b15] [b17] [b13] [b31 b33 b35 b128 b51 b36] [b38] [b34] [b52] [b63] [b62] [b65] [b68] [b107] [b123] [b109] [b71 b104 b103 b108 b72 b118 b116 b98 b99 b122 b115 b95 b100 b77 b97 b78 b126 b94 b74 b79 b76] [b81] [b102] [b119] [b121] [b73] [b127] [b132] [b101] [b88] [b87] [b53] [b55] [b60] [b114] [b129] [b125]]
partition_func, 30, 9, [[b1] [b2 b4 b6 b33 b7] [b5] [b8 b10 b12 b32 b13] [b11] [b14] [b17 b18 b29 b30 b21 b31 b26 b23 b28 b24 b27 b25 b20 b22] [b19] [b15]]
partitionOrdered[go.shape.int], 54, 33, [[b1] [b3] [b2] [b5] [b8] [b10 b12 b14 b15] [b112] [b17] [b114] [b13] [b27 b29 b31 b32] [b106] [b34] [b30] [b44] [b55] [b54] [b57] [b60] [b63 b64 b102 b100 b86 b87 b88 b83 b69 b85 b72 b58 b70 b66 b71 b68] [b73] [b89] [b90] [b103] [b105] [b104] [b65] [b111] [b116] [b110] [b45] [b47] [b52]]
(*Float64Slice).Less, 13, 13, []
partition, 30, 9, [[b1] [b2 b4 b6 b33 b7] [b5] [b8 b10 b12 b32 b13] [b11] [b14] [b17 b18 b29 b30 b21 b31 b26 b23 b28 b24 b27 b25 b20 b22] [b19] [b15]]
Less[go.shape.float64], 7, 7, []
Float64sAreSorted, 13, 7, [[b1] [b2 b4 b16 b6 b3 b11 b10] [b5] [b7] [b9] [b18] [b19]]
StringsAreSorted, 7, 5, [[b1] [b2 b4 b20] [b5] [b22] [b23]]
SearchInts, 9, 4, [[b1] [b2 b4 b10 b11 b8 b3] [b12] [b7]]
IsSorted[[]int,int], 7, 5, [[b1] [b2 b4 b16] [b5] [b18] [b19]]
SearchStrings, 9, 4, [[b1] [b2 b4 b10 b11 b8 b3] [b12] [b7]]
SearchFloat64s, 9, 4, [[b1] [b2 b4 b10 b11 b8 b3] [b12] [b7]]
IsSorted[[]string,string], 7, 5, [[b1] [b2 b4 b20] [b5] [b22] [b23]]
IntsAreSorted, 7, 5, [[b1] [b2 b4 b16] [b5] [b18] [b19]]
IsSorted[[]float64,float64], 13, 7, [[b1] [b2 b4 b16 b6 b3 b11 b10] [b5] [b7] [b9] [b18] [b19]]
rotate, 16, 5, [[b1] [b2 b4 b13 b18 b9 b14 b7 b11 b8 b16 b3] [b5] [b19 b21] [b23]]
rotate_func, 16, 5, [[b1] [b2 b4 b13 b18 b9 b14 b7 b11 b8 b16 b3] [b5] [b19 b21] [b23]]
symMerge, 38, 33, [[b1] [b2] [b15] [b31 b32] [b34] [b29] [b38] [b30] [b37] [b41] [b40] [b23] [b42] [b28] [b36] [b45] [b44] [b19] [b46] [b22] [b33] [b49] [b48] [b16] [b17 b18] [b20] [b24 b26] [b27] [b3] [b4 b5] [b7] [b11 b13] [b14]]
symMerge_func, 38, 33, [[b1] [b2] [b15] [b31 b32] [b34] [b29] [b38] [b30] [b37] [b41] [b40] [b23] [b42] [b28] [b36] [b45] [b44] [b19] [b46] [b22] [b33] [b49] [b48] [b16] [b17 b18] [b20] [b24 b26] [b27] [b3] [b4 b5] [b7] [b11 b13] [b14]]
IntSlice.Search, 9, 4, [[b1] [b2 b4 b10 b11 b8 b3] [b13] [b7]]
StringSlice.Search, 9, 4, [[b1] [b2 b4 b10 b11 b8 b3] [b13] [b7]]
Float64Slice.Search, 9, 4, [[b1] [b2 b4 b10 b11 b8 b3] [b13] [b7]]
