(*Bool).CompareAndSwap, 4, 4, []
(*Value).CompareAndSwap, 25, 19, [[b1] [b3] [b2] [b5] [b4] [b8] [b6] [b9 b10 b17 b19 b14 b12 b13] [b16] [b15] [b18] [b20] [b24] [b25] [b22] [b11] [b23] [b21] [b7]]
(*Bool).Swap, 4, 4, []
(*Value).Load, 6, 6, []
AndUint64, 4, 4, []
AndInt64, 4, 4, []
AddUint64, 4, 4, []
AddInt64, 4, 4, []
CompareAndSwapUint64, 4, 4, []
CompareAndSwapInt64, 4, 4, []
SwapUint64, 4, 4, []
SwapInt64, 4, 4, []
OrInt64, 4, 4, []
OrUint64, 4, 4, []
OrUintptr, 4, 4, []
OrUint32, 4, 4, []
OrInt32, 4, 4, []
AndUintptr, 4, 4, []
AndUint32, 4, 4, []
AndInt32, 4, 4, []
AddUintptr, 4, 4, []
AddUint32, 4, 4, []
AddInt32, 4, 4, []
CompareAndSwapUintptr, 4, 4, []
CompareAndSwapUint32, 4, 4, []
CompareAndSwapInt32, 4, 4, []
SwapUint32, 4, 4, []
SwapInt32, 4, 4, []
(*Int32).Or, 4, 4, []
(*Int32).And, 4, 4, []
(*Int64).Swap, 4, 4, []
(*Int64).CompareAndSwap, 4, 4, []
(*Int64).Add, 4, 4, []
(*Int64).And, 4, 4, []
(*Int64).Or, 4, 4, []
(*Int32).Add, 4, 4, []
(*Int32).CompareAndSwap, 4, 4, []
(*Int32).Swap, 4, 4, []
(*Uintptr).Or, 4, 4, []
(*Uintptr).And, 4, 4, []
(*Uintptr).Add, 4, 4, []
(*Uintptr).CompareAndSwap, 4, 4, []
(*Uintptr).Swap, 4, 4, []
(*Uint64).Or, 4, 4, []
(*Uint64).And, 4, 4, []
(*Uint64).Add, 4, 4, []
(*Uint64).CompareAndSwap, 4, 4, []
(*Uint64).Swap, 4, 4, []
b32, 3, 3, []
(*Uint32).Or, 4, 4, []
(*Uint32).And, 4, 4, []
(*Uint32).Add, 4, 4, []
(*Uint32).CompareAndSwap, 4, 4, []
(*Uint32).Swap, 4, 4, []
SwapUintptr, 4, 4, []
(*Value).Store, 13, 8, [[b1] [b2] [b5 b6 b11 b13 b9 b8] [b10] [b12] [b14] [b15] [b3]]
(*Value).Swap, 13, 8, [[b1] [b2] [b5 b6 b11 b13 b9 b8] [b10] [b12] [b14] [b15] [b3]]
