UtimesNano, 8, 8, []
forkExec, 71, 67, [[b1] [b3] [b69] [b2] [b5] [b68] [b4] [b6] [b10] [b9] [b7] [b8] [b11] [b13] [b15] [b45] [b18] [b19] [b23] [b22] [b20] [b21] [b24] [b17] [b47] [b27] [b28] [b32] [b31] [b29] [b30] [b33] [b26] [b63] [b35] [b37] [b71] [b40] [b73] [b46] [b48] [b54] [b56 b57 b61] [b59] [b60] [b58] [b62] [b64] [b55] [b52] [b65] [b51] [b67] [b66] [b70 b72 b74] [b49] [b43] [b75] [b53] [b50] [b44] [b39] [b34] [b25] [b16] [b14] [b12]]
Link, 28, 28, []
Symlink, 28, 28, []
Exchangedata, 28, 28, []
Rename, 28, 28, []
UnixRights, 4, 3, [[b15] [b16 b18] [b19]]
forkAndExecInChild, 119, 100, [[b2] [b5] [b12] [b3] [b14 b16 b15] [b17] [b22] [b24] [b108] [b27] [b28] [b26] [b107] [b32] [b33] [b31] [b35] [b103] [b100] [b95] [b38] [b39] [b37] [b88] [b42] [b84] [b44] [b45] [b43] [b47] [b41] [b78] [b50] [b51] [b49] [b56] [b54] [b6] [b57] [b55] [b60] [b61] [b62] [b4] [b59] [b63] [b65] [b53] [b116] [b68] [b69] [b67] [b112] [b72] [b73] [b75] [b71] [b77 b79 b110 b97 b106 b83 b93 b81 b91] [b80] [b99 b101 b104 b113 b117 b105 b111 b115 b109] [b102] [b119 b121] [b122] [b98] [b124] [b125] [b123] [b92] [b128] [b129] [b127] [b90] [b132] [b131] [b134] [b133] [b136] [b135] [b130] [b126] [b118] [b114] [b96] [b94] [b76] [b74] [b70] [b66] [b64] [b52] [b48] [b46] [b40] [b34] [b29] [b30] [b139] [b25] [b23] [b21]]
readIntBE, 20, 20, []
readIntLE, 20, 20, []
init.1, 4, 4, []
parseSockaddrInet, 9, 9, []
WaitStatus.ExitStatus, 3, 3, []
WaitStatus.StopSignal, 6, 6, []
anyToSockaddr, 29, 26, [[b1] [b5] [b15] [b13] [b19] [b16] [b4] [b8] [b6] [b2] [b12] [b20] [b22] [b24 b26 b30 b25] [b35] [b31] [b29] [b27] [b36] [b34] [b9] [b38] [b32] [b37] [b33] [b23]]
errno, 3, 3, []
errnoPtr, 3, 3, []
Errno.Is, 33, 33, []
errnoErr, 12, 12, []
(*anyMessage).toRoutingMessage, 49, 49, []
errnoX, 3, 3, []
WaitStatus.Stopped, 4, 4, []
Utimes, 3, 3, []
WaitStatus.Signaled, 4, 4, []
WaitStatus.Continued, 4, 4, []
FlushBpf, 3, 3, []
(*Errno).Error, 3, 3, []
Futimes, 3, 3, []
(*Signal).String, 3, 3, []
Setrlimit, 4, 4, []
SetBpfHeadercmpl, 3, 3, []
SetBpfDatalink, 3, 3, []
SetBpfPromisc, 3, 3, []
WaitStatus.Signal, 6, 6, []
SetBpfBuflen, 3, 3, []
SetBpfTimeout, 3, 3, []
SetBpfImmediate, 3, 3, []
clen, 3, 3, []
Errno.Timeout, 4, 4, []
init.0, 9, 9, []
ByteSliceFromString, 3, 3, []
rsaAlignOf, 3, 3, []
Socketpair, 4, 4, []
init.func1, 21, 7, [[b1] [b7] [b15] [b14] [b2 b4 b11 b18 b6 b19 b17 b3 b8 b16 b10 b13 b12 b21 b20] [b5] [b22]]
(*Signal).Signal, 3, 3, []
ParseDirent, 57, 14, [[b1] [b2 b4 b161 b260 b256 b154 b146 b144 b140 b258 b153 b251 b248 b262 b88 b115 b252 b240 b142 b261 b85 b191 b179 b193 b245 b259 b75 b237 b238 b165 b148 b74 b235 b239 b9 b36 b231 b3 b229 b6 b228 b163 b190 b160] [b136] [b138] [b255] [b234] [b242] [b233] [b232] [b155] [b5] [b253] [b247] [b78]]
BpfStats, 3, 3, []
BpfTimeout, 3, 3, []
Pipe, 6, 6, []
BpfInterface, 3, 3, []
BpfDatalink, 3, 3, []
ParseSocketControlMessage, 22, 6, [[b1] [b9 b25 b11 b27 b4 b24 b30 b28 b20 b19 b26 b23 b3 b16 b14 b12 b10] [b5] [b13] [b15] [b29]]
BpfBuflen, 3, 3, []
SetsockoptString, 6, 6, []
BpfHeadercmpl, 3, 3, []
ParseRoutingMessage, 32, 10, [[b1] [b2 b4 b12 b25 b10 b23 b6 b15 b9 b8 b32 b14 b18 b3 b21 b22 b16 b20 b7 b24 b11 b19 b17] [b5] [b27] [b31] [b29] [b30] [b28] [b26] [b13]]
Errno.Temporary, 12, 12, []
CheckBpfVersion, 8, 8, []
Sendto, 6, 6, []
.eq.syscall.Log2phys_t, 6, 6, []
Socket, 6, 6, []
.eq.syscall.SockaddrInet4, 16, 16, []
.eq.syscall.SockaddrUnix, 7, 7, []
Clearenv, 4, 4, []
SetBpfInterface, 6, 6, []
StringSlicePtr, 10, 6, [[b1] [b2 b9 b6 b11 b4] [b10] [b5] [b7] [b8]]
(*WaitStatus).Exited, 3, 3, []
(*WaitStatus).TrapCause, 3, 3, []
(*SockaddrInet4).sockaddr, 3, 3, []
(*InterfaceMulticastAddrMessage).sockaddr, 47, 12, [[b1] [b2 b4 b9 b12 b3 b33 b44 b52 b6 b31 b42 b27 b29 b28 b40 b39 b55 b30 b48 b38 b50 b24 b49 b5 b41 b23 b26 b37 b19 b20 b16 b15 b14 b22 b10 b8] [b35] [b46] [b54] [b11] [b53] [b47] [b34] [b25] [b45] [b36]]
SetBpf, 5, 5, []
closedir, 14, 14, []
Close, 14, 14, []
Listen, 14, 14, []
Wait4, 4, 4, []
Mlockall, 14, 14, []
Munlockall, 14, 14, []
ParseUnixRights, 12, 9, [[b1] [b2] [b4] [b6 b8 b10 b7] [b9] [b11] [b13] [b5] [b3]]
kill, 14, 14, []
adjustFileLimit, 6, 6, []
Setegid, 14, 14, []
ioctl, 14, 14, []
Seteuid, 14, 14, []
Setgid, 14, 14, []
Setpgid, 14, 14, []
Setpriority, 14, 14, []
Setprivexec, 14, 14, []
Setregid, 14, 14, []
Fchdir, 14, 14, []
Setreuid, 14, 14, []
Fchflags, 14, 14, []
Errno.Error, 6, 6, []
Shutdown, 14, 14, []
Fchmod, 14, 14, []
Setuid, 14, 14, []
Sync, 14, 14, []
Signal.String, 6, 6, []
Fchown, 14, 14, []
Flock, 14, 14, []
munmap, 14, 14, []
exit, 14, 14, []
(*SockaddrDatalink).sockaddr, 3, 3, []
Fsync, 14, 14, []
ptrace, 14, 14, []
Ftruncate, 14, 14, []
(*SockaddrInet6).sockaddr, 3, 3, []
(*mmapper).Lock, 7, 7, []
Dup2, 14, 14, []
StringByteSlice, 3, 3, []
(*RouteMessage).sockaddr, 50, 12, [[b1] [b2 b4 b9 b12 b3 b33 b44 b57 b6 b31 b42 b55 b29 b28 b40 b39 b53 b52 b51 b41 b30 b35 b54 b24 b49 b27 b38 b26 b37 b50 b20 b16 b23 b15 b14 b22 b19 b10 b8] [b46] [b48] [b59] [b11] [b58] [b47] [b34] [b25] [b45] [b36]]
BytePtrFromString, 5, 5, []
Setgroups, 13, 11, [[b1] [b2] [b6] [b13] [b4] [b15 b17 b16] [b18] [b22] [b21] [b20] [b3]]
(*WaitStatus).Continued, 6, 6, []
(*SockaddrUnix).sockaddr, 9, 8, [[b1] [b2] [b4] [b6 b8] [b9] [b10] [b7] [b5]]
(*mmapper).Unlock, 7, 7, []
(*InterfaceAddrMessage).sockaddr, 50, 12, [[b1] [b2 b4 b9 b12 b3 b33 b44 b57 b6 b31 b42 b55 b29 b28 b40 b39 b53 b52 b51 b41 b30 b35 b54 b24 b49 b27 b38 b26 b37 b50 b20 b16 b23 b15 b14 b22 b19 b10 b8] [b46] [b48] [b59] [b11] [b58] [b47] [b34] [b25] [b45] [b36]]
ParseRoutingSockaddr, 3, 3, []
(*WaitStatus).Stopped, 6, 6, []
readInt, 25, 25, []
(*WaitStatus).StopSignal, 9, 9, []
(*WaitStatus).Signaled, 6, 6, []
sendmsgNInet4, 9, 9, []
(*WaitStatus).ExitStatus, 6, 6, []
sendmsgNInet6, 9, 9, []
SendmsgN, 6, 6, []
Settimeofday, 14, 14, []
ioctlPtr, 14, 14, []
fcntl, 14, 14, []
Getsid, 14, 14, []
bind, 14, 14, []
connect, 14, 14, []
socket, 14, 14, []
Setsid, 14, 14, []
Fstat, 14, 14, []
Fstatfs, 14, 14, []
setsockopt, 14, 14, []
futimes, 14, 14, []
fdopendir, 14, 14, []
socketpair, 14, 14, []
Getrusage, 14, 14, []
fork, 14, 14, []
mmap, 14, 14, []
Getrlimit, 14, 14, []
Gettimeofday, 14, 14, []
WaitStatus.CoreDump, 7, 7, []
(*Errno).Is, 36, 36, []
Dup, 14, 14, []
setgroups, 14, 14, []
.eq.[32]string, 21, 15, [[b1] [b2 b4 b9 b6 b3] [b5] [b14] [b13] [b16] [b15] [b17 b19 b18] [b20] [b22] [b7] [b10] [b12] [b8] [b23]]
Getpriority, 14, 14, []
.eq.[107]string, 21, 15, [[b1] [b2 b4 b9 b6 b3] [b5] [b14] [b13] [b16] [b15] [b17 b19 b18] [b20] [b22] [b7] [b10] [b12] [b8] [b23]]
setrlimit, 14, 14, []
Getpgid, 14, 14, []
pipe, 14, 14, []
Fpathconf, 14, 14, []
Seek, 14, 14, []
Recvmsg, 4, 4, []
Kqueue, 14, 14, []
Getsockname, 3, 3, []
(*Errno).Timeout, 6, 6, []
(*WaitStatus).Signal, 9, 9, []
Recvfrom, 6, 6, []
Getpeername, 3, 3, []
Connect, 3, 3, []
Bind, 3, 3, []
fcntlPtr, 14, 14, []
getpeername, 14, 14, []
Adjtime, 14, 14, []
getsockname, 14, 14, []
sendmsg, 14, 14, []
getgroups, 14, 14, []
readlen, 14, 14, []
recvmsg, 14, 14, []
getsockopt, 14, 14, []
Kevent, 7, 7, []
RouteRIB, 11, 11, []
Unsetenv, 9, 9, []
sendfile, 4, 4, []
(*Errno).Temporary, 14, 14, []
Mprotect, 17, 17, []
Environ, 19, 9, [[b2] [b4] [b3] [b6] [b14] [b8] [b9] [b10 b12 b13 b18 b11 b5 b19 b17 b7 b16 b15] [b20]]
Mlock, 17, 17, []
socketControlMessageHeaderAndData, 8, 8, []
msync, 17, 17, []
wait4, 14, 14, []
parseNetworkLayerAddr, 58, 58, []
execve, 14, 14, []
Munlock, 17, 17, []
Environ.deferwrap1, 7, 7, []
SlicePtrFromStrings, 17, 7, [[b1] [b2 b4 b3] [b5] [b8 b10 b16 b23 b20 b12 b21 b18 b9] [b11] [b13] [b7]]
accept, 14, 14, []
.eq.syscall.SysProcAttr, 23, 23, []
SetNonblock, 5, 5, []
forkExecPipe, 9, 9, []
SysctlUint32, 7, 7, []
writev, 17, 17, []
getcwd, 17, 17, []
kevent, 14, 14, []
sendto, 17, 17, []
recvmsgInet4, 3, 3, []
pread, 17, 17, []
(*InterfaceMessage).sockaddr, 8, 8, []
StringBytePtr, 5, 5, []
read, 17, 17, []
pwrite, 17, 17, []
recvfromInet4, 3, 3, []
Select, 14, 14, []
write, 17, 17, []
recvfromInet6, 3, 3, []
Getfsstat, 7, 7, []
recvmsgInet6, 3, 3, []
parseSockaddrLink, 5, 5, []
(*mmapper).TryLock, 9, 9, []
(*WaitStatus).CoreDump, 9, 9, []
Accept, 8, 8, []
nametomib, 9, 9, []
sendmsgN, 18, 18, []
Sysctl, 26, 26, []
sysctl, 17, 17, []
recvfrom, 17, 17, []
recvmsgRaw, 12, 12, []
parseLinkLayerAddr, 13, 10, [[b1] [b3] [b2] [b8] [b10 b12 b11 b14] [b16] [b20] [b22] [b17] [b5]]
Getenv, 18, 16, [[b2] [b3] [b7] [b6] [b9] [b25] [b11] [b12] [b17] [b13] [b19] [b18] [b20 b22 b26] [b35] [b32] [b5]]
Setenv, 33, 28, [[b2] [b3] [b6 b8 b12 b10] [b9] [b19 b21 b25] [b22] [b30] [b7] [b33] [b23] [b26] [b15] [b34] [b17] [b11] [b28] [b29] [b32] [b31] [b24] [b36] [b35] [b37] [b27] [b20] [b13] [b18] [b5]]
direntNamlen, 4, 4, []
direntReclen, 4, 4, []
direntIno, 4, 4, []
Getgroups, 19, 18, [[b1] [b2] [b6] [b8] [b12] [b19] [b10] [b22] [b21] [b23] [b26] [b27] [b29 b31] [b32] [b24] [b9] [b5] [b3]]
(*mmapper).Munmap, 21, 21, []
init, 13, 13, []
Getenv.deferwrap1, 7, 7, []
Getwd, 7, 7, []
sendtoInet4, 6, 6, []
(*mmapper).Mmap, 18, 18, []
sendtoInet6, 6, 6, []
Getdirentries, 35, 25, [[b2] [b3] [b6] [b9] [b13 b14 b43 b59 b40 b57 b56 b16 b48 b50 b42] [b41] [b51] [b45] [b15] [b68] [b65] [b17] [b21] [b31] [b29] [b35] [b32] [b24] [b22] [b18] [b28] [b39] [b11] [b8] [b5]]
(*mmapper).Munmap.deferwrap1, 7, 7, []
init.OnceFunc.func2, 3, 3, []
Truncate, 21, 21, []
Chmod, 21, 21, []
Chown, 21, 21, []
(*mmapper).Mmap.deferwrap1, 7, 7, []
Undelete, 21, 21, []
Chflags, 21, 21, []
Unlink, 21, 21, []
init.OnceFunc.func2.1.1, 9, 9, []
Setlogin, 21, 21, []
Chroot, 21, 21, []
unlinkat, 21, 21, []
Mknod, 21, 21, []
Access, 21, 21, []
Lchown, 21, 21, []
Revoke, 21, 21, []
Mkdir, 21, 21, []
Rmdir, 21, 21, []
Mkfifo, 21, 21, []
Unmount, 21, 21, []
Chdir, 21, 21, []
utimes, 21, 21, []
Open, 21, 21, []
fstatat, 21, 21, []
Statfs, 21, 21, []
openat, 21, 21, []
utimensat, 21, 21, []
Stat, 21, 21, []
Lstat, 21, 21, []
Pathconf, 21, 21, []
Readlink, 24, 24, []
Exec, 19, 19, []
.eq.[8]syscall.Sockaddr, 10, 7, [[b1] [b2 b4 b8 b3] [b5] [b7] [b6] [b9] [b10]]
