builtins, 58, 58, []
init, 22, 22, []
(*Template).Clone, 78, 45, [[b2] [b67] [b32] [b28] [b66] [b37] [b34] [b65] [b40] [b39] [b64] [b42] [b41] [b4] [b70] [b7] [b3] [b69] [b13] [b11] [b68] [b26] [b20] [b44] [b5] [b8] [b6] [b10] [b9] [b12] [b43] [b14] [b15] [b16 b18 b46 b48 b71 b1 b72 b47 b21 b50 b22 b73 b49 b17 b52 b74 b51 b54 b75 b53 b56 b76 b55 b23 b61 b62] [b19] [b25] [b24] [b27] [b63] [b29] [b30] [b31 b58 b77 b57 b33] [b35] [b36 b60 b78 b59 b38] [b45]]
init.func1, 61, 61, []
(*state).errorf, 10, 10, []
(*Template).Parse, 92, 90, [[b1] [b3] [b72] [b17] [b11] [b71] [b28] [b19] [b70] [b12] [b14] [b67] [b4] [b6] [b5] [b8] [b68] [b10] [b13] [b92] [b65] [b66] [b91] [b63] [b64] [b90] [b61] [b62] [b89] [b59] [b60] [b88] [b57] [b58] [b87] [b55] [b56] [b86] [b53] [b54] [b85] [b51] [b52] [b84] [b49] [b50] [b83] [b47] [b48] [b82] [b45] [b46] [b81] [b43] [b44] [b80] [b41] [b42] [b79] [b39] [b40] [b78] [b37] [b38] [b77] [b35] [b36] [b76] [b33] [b34] [b75] [b31] [b32] [b74] [b2] [b30] [b73] [b9] [b7] [b16] [b15] [b18] [b69] [b20] [b21] [b22] [b24 b26 b25] [b27] [b29] [b23]]
(*state).walkRange, 99, 93, [[b6] [b179] [b194] [b193] [b195] [b203] [b202] [b10] [b25] [b35] [b23] [b38] [b85] [b86] [b88 b90] [b96] [b87] [b24] [b160] [b162] [b164] [b165] [b181] [b183] [b185] [b186] [b187] [b188] [b158] [b155] [b152] [b189] [b192] [b197] [b190] [b167] [b168] [b166] [b169] [b156] [b172] [b175] [b180] [b173] [b170] [b106] [b119] [b205] [b123] [b121] [b126] [b204] [b120] [b127] [b129] [b131] [b132] [b133] [b138 b139] [b140] [b159] [b154] [b135] [b9] [b18] [b17] [b11] [b8] [b198] [b21] [b53] [b54] [b55] [b56] [b57] [b63 b61 b66 b65 b64] [b81] [b58] [b19] [b40] [b178] [b177] [b176] [b44] [b47] [b52] [b45] [b42] [b14] [b7] [b196] [b201] [b206]]
lt, 253, 253, []
(*state).push, 10, 10, []
init.OnceValue[go.shape.map[string]reflect.Value].func2, 3, 3, []
(*Template).Clone.deferwrap2, 7, 7, []
(*Template).Clone.deferwrap1, 7, 7, []
(*Template).init, 13, 13, []
readFileFS, 4, 4, []
(*state).walkRange-range3, 6, 6, []
(*state).walkRange-range2, 3, 3, []
(*state).walkRange-range1, 3, 3, []
init.OnceValue[go.shape.map[string]reflect.Value].func2.1, 4, 4, []
(*state).walkRange.func2, 34, 34, []
(*state).walkRange.deferwrap1, 3, 3, []
(*Template).copy, 13, 13, []
readFileFS.func1, 23, 19, [[b1] [b2] [b5 b7 b9] [b10] [b18] [b8] [b17 b19 b23] [b20] [b22] [b25] [b6] [b27] [b29] [b28] [b26] [b30] [b31] [b3] [b4]]
(*state).notAFunction, 12, 12, []
(*state).pop, 3, 3, []
(*state).at, 4, 4, []
init.OnceValue[go.shape.map[string]reflect.Value].func2.1.1, 9, 9, []
(*state).walkRange.func2.deferwrap1, 3, 3, []
(*state).setTopVar, 6, 6, []
indirect, 28, 7, [[b1] [b8 b4 b16 b35 b36 b21 b24 b37 b18 b26 b33 b23 b30 b15 b38 b20 b28 b31 b19 b27 b34 b12] [b5] [b25] [b17] [b39] [b41]]
intLike, 5, 5, []
Must, 4, 4, []
(*state).evalCall.func1, 14, 14, []
(*state).walkRange.func1, 12, 12, []
(*state).walkRange.func2.1, 12, 12, []
canBeNil, 8, 8, []
OnceValue[go.shape.map[string]reflect.Value], 7, 7, []
errRecover, 30, 28, [[b1] [b6] [b5] [b10] [b3] [b18] [b22] [b17] [b24] [b31] [b13] [b11] [b9] [b14] [b8] [b28 b33 b29] [b27] [b26] [b25] [b30] [b7] [b34] [b16] [b32] [b21] [b19] [b4] [b2]]
goodFunc, 22, 22, []
isRuneInt, 4, 4, []
(*state).validateType, 102, 102, []
jsIsSpecial, 16, 16, []
indirectInterface, 5, 5, []
struct { reflect.typ_ *internal/abi.Type; reflect.ptr unsafe.Pointer; reflect.flag }.reflect.mustBeExported, 7, 7, []
OnceValue[go.shape.map[string]reflect.Value].func1, 6, 6, []
(*struct { reflect.typ_ *internal/abi.Type; reflect.ptr unsafe.Pointer; reflect.flag }).reflect.mustBeAssignable, 7, 7, []
(*struct { reflect.typ_ *internal/abi.Type; reflect.ptr unsafe.Pointer; reflect.flag }).reflect.mustBeExported, 7, 7, []
addFuncs, 7, 3, [[b1] [b2 b6 b7 b3 b4] [b5]]
addValueFuncs, 29, 13, [[b1] [b2 b24 b28 b25 b4 b35 b34 b32 b30 b27 b17 b21 b6 b20 b23 b3 b16] [b5] [b8] [b13] [b11] [b12] [b37] [b15] [b14] [b39] [b38] [b29]]
Copy[go.shape.map[string]interface {},go.shape.map[string]interface {},go.shape.string,go.shape.interface {}], 7, 3, [[b1] [b2 b6 b7 b3 b4] [b5]]
Copy[go.shape.map[string]reflect.Value,go.shape.map[string]reflect.Value,go.shape.string,go.shape.struct { reflect.typ_ *internal/abi.Type; reflect.ptr unsafe.Pointer; reflect.flag }], 7, 3, [[b1] [b2 b6 b7 b3 b4] [b5]]
parseFiles, 61, 10, [[b1] [b2] [b8 b10 b21 b22 b39 b24 b58 b38 b20 b41 b47 b19 b59 b40 b12 b46 b18 b43 b9 b27 b52 b25 b60 b42 b51 b29 b14 b45 b15 b53 b16 b61 b44 b31 b28 b54 b4 b50 b33 b17 b23 b55 b32 b48 b49 b35 b56 b34 b37 b57 b36 b26] [b11] [b30] [b13] [b3] [b7] [b5] [b6]]
OnceValue[go.shape.map[string]reflect.Value].func1.1, 4, 4, []
safeCall, 38, 36, [[b2] [b11] [b7] [b23] [b22] [b26] [b20] [b28] [b25] [b21] [b15] [b14] [b12] [b34] [b18] [b19] [b13] [b16] [b29] [b42] [b33] [b32] [b3] [b36] [b35] [b53] [b56] [b4] [b30] [b39] [b40] [b41] [b43 b55 b44] [b46] [b45] [b51]]
struct { reflect.typ_ *internal/abi.Type; reflect.ptr unsafe.Pointer; reflect.flag }.reflect.mustBeAssignable, 7, 7, []
struct { reflect.typ_ *internal/abi.Type; reflect.ptr unsafe.Pointer; reflect.flag }.reflect.mustBe, 6, 6, []
(*struct { reflect.typ_ *internal/abi.Type; reflect.ptr unsafe.Pointer; reflect.flag }).reflect.mustBe, 6, 6, []
(*Template).associate, 14, 14, []
goodName, 34, 7, [[b1] [b2] [b4 b6 b33 b14 b19 b13 b8 b26 b25 b9 b10 b30 b28 b24 b23 b5 b21 b31 b27 b20 b29 b34 b32 b15 b12 b18 b17 b16] [b7] [b22] [b35] [b3]]
findFunction, 22, 22, []
OnceValue[go.shape.map[string]reflect.Value].func1.1.1, 9, 9, []
safeCall.func1, 22, 20, [[b1] [b4] [b5] [b7 b3 b8] [b10] [b9] [b6] [b14] [b19] [b17] [b18] [b22] [b16] [b20] [b12] [b21] [b13] [b15] [b11] [b2]]
(*state).evalFieldChain, 6, 5, [[b1] [b2 b4] [b5] [b9] [b8]]
index, 55, 30, [[b2] [b4] [b8] [b6] [b7] [b3] [b9 b11 b44 b55 b43 b56 b63 b42 b41 b54 b62 b60 b40 b51 b58 b30 b37 b50 b48 b27 b38 b46 b23 b24 b20 b10] [b12] [b32] [b53] [b25] [b39] [b35] [b64] [b57] [b66] [b68] [b69] [b70] [b71] [b72] [b77] [b75] [b76] [b45] [b28] [b14] [b18] [b16] [b17]]
(*Template).text/template/parse.error, 4, 4, []
Template.text/template/parse.error, 4, 4, []
Template.text/template/parse.popVars, 3, 3, []
(*Template).text/template/parse.popVars, 3, 3, []
findFunction.deferwrap1, 7, 7, []
(*state).walk, 62, 61, [[b2] [b46] [b93] [b76] [b5] [b7] [b19] [b59] [b61] [b18] [b77] [b79] [b56] [b83] [b82] [b62] [b17] [b65] [b67] [b90] [b91] [b64] [b68] [b70] [b16] [b41] [b43] [b86 b88] [b89] [b74] [b4] [b14] [b35] [b37] [b13] [b29] [b31] [b12] [b23] [b25] [b11] [b71] [b73] [b10] [b47] [b49] [b58] [b81] [b80] [b9] [b53] [b15] [b6] [b50] [b94] [b95] [b3] [b55] [b52] [b85] [b84]]
evalArgs, 25, 12, [[b1] [b26] [b4] [b7] [b6] [b8] [b2] [b10] [b11 b13 b23 b24 b17 b5 b28 b16 b20 b27 b12 b19 b22 b15] [b14] [b3] [b9]]
Template.text/template/parse.backup2, 4, 4, []
JSEscape, 67, 11, [[b1] [b2 b4 b29 b34 b25 b37 b89 b12 b19 b68 b51 b44 b58 b65 b48 b61 b76 b94 b96 b14 b21 b64 b47 b39 b53 b54 b43 b57 b72 b92 b88 b10 b22 b35 b40 b69 b90 b87 b85 b6 b32 b41 b52 b83 b74 b86 b3 b30 b55 b62 b82 b78 b15 b13 b17 b20 b24] [b98] [b101] [b100] [b7] [b33] [b93] [b95] [b71] [b75]]
(*Template).text/template/parse.backup2, 4, 4, []
.eq.text/template.ExecError, 10, 10, []
(*Template).Delims, 16, 16, []
(*Template).New, 25, 25, []
(*state).evalFieldNode, 4, 4, []
isHexInt, 11, 11, []
New, 16, 16, []
Template.text/template/parse.stopParse, 4, 4, []
(*Template).text/template/parse.stopParse, 4, 4, []
.eq.struct { Cache *struct { Mask uintptr; Entries [1]struct { Typ uintptr; Itab uintptr } }; Inter *struct { Type struct { Size_ uintptr; PtrBytes uintptr; Hash uint32; TFlag uint8; Align_ uint8; FieldAlign_ uint8; Kind_ uint8; Equal unsafe.Pointer; GCData *uint8; Str int32; PtrToThis int32 }; PkgPath struct { Bytes *uint8 }; Methods []struct { Name int32; Typ int32 } }; CanFail bool }, 6, 6, []
HTMLEscape, 25, 6, [[b1] [b2 b4 b32 b35 b10 b21 b33 b16 b27 b13 b17 b24 b20 b28 b31 b12 b23 b8 b9 b3] [b37] [b40] [b39] [b36]]
(*state).idealConstant, 24, 24, []
(*ExecError).Unwrap, 3, 3, []
(*Template).Option, 16, 15, [[b1] [b3] [b16] [b11] [b12] [b15] [b9] [b10] [b14] [b6] [b2] [b13] [b4] [b5 b7] [b8]]
.eq.text/template.variable, 12, 12, []
Template.text/template/parse.newList, 4, 4, []
Template.text/template/parse.newNil, 4, 4, []
(*Template).text/template/parse.newList, 4, 4, []
(*Template).text/template/parse.newNil, 4, 4, []
(*Template).text/template/parse.newCommand, 4, 4, []
Template.text/template/parse.newCommand, 4, 4, []
(*state).evalEmptyInterface, 48, 48, []
(*Template).text/template/parse.next, 9, 9, []
Template.text/template/parse.next, 9, 9, []
Template.text/template/parse.backup3, 4, 4, []
(*Template).text/template/parse.newDot, 4, 4, []
(*Template).text/template/parse.backup3, 4, 4, []
Template.text/template/parse.newDot, 4, 4, []
Template.text/template/parse.newEnd, 4, 4, []
(*Template).text/template/parse.newEnd, 4, 4, []
gt, 3, 3, []
Template.text/template/parse.newElse, 4, 4, []
(*Template).text/template/parse.newChain, 7, 7, []
Template.text/template/parse.newChain, 7, 7, []
(*Template).text/template/parse.newBreak, 4, 4, []
(*Template).Lookup, 9, 9, []
Template.text/template/parse.newBreak, 4, 4, []
(*Template).text/template/parse.newBool, 4, 4, []
Template.text/template/parse.newComment, 7, 7, []
(*Template).text/template/parse.newElse, 4, 4, []
(*Template).text/template/parse.newComment, 7, 7, []
isMissing, 10, 10, []
Template.text/template/parse.newContinue, 4, 4, []
(*Template).Lookup.deferwrap1, 7, 7, []
(*Template).text/template/parse.newContinue, 4, 4, []
(*ExecError).Error, 3, 3, []
Template.text/template/parse.newBool, 4, 4, []
ge, 3, 3, []
(*state).evalComplex, 12, 12, []
Template.text/template/parse.newAction, 7, 7, []
(*state).evalArg, 92, 92, []
(*Template).text/template/parse.newString, 7, 7, []
OnceValue[map[string]reflect.Value], 7, 7, []
Template.text/template/parse.newString, 7, 7, []
Copy[text/template.FuncMap,text/template.FuncMap,string,interface {}], 7, 3, [[b1] [b2 b3 b7 b5 b4] [b6]]
Copy[map[string]reflect.Value,map[string]reflect.Value,string,reflect.Value], 7, 3, [[b1] [b2 b3 b7 b5 b4] [b6]]
(*Template).Copy, 13, 13, []
Template.text/template/parse.newText, 7, 7, []
(*Template).text/template/parse.newPipeline, 7, 7, []
Template.text/template/parse.newPipeline, 7, 7, []
OnceValue[map[string]reflect.Value].OnceValue[go.shape.map[string]reflect.Value].func1, 3, 3, []
Template.Copy, 13, 13, []
(*Template).text/template/parse.newText, 7, 7, []
(*Template).text/template/parse.newAction, 7, 7, []
(*state).evalVariableNode, 10, 10, []
(*Template).ParseFS, 13, 13, []
(*Template).ParseGlob, 13, 13, []
(*Template).ParseFiles, 13, 13, []
OnceValue[map[string]reflect.Value].OnceValue[go.shape.map[string]reflect.Value].func1.1, 4, 4, []
(*state).evalChainNode, 10, 10, []
(*Template).text/template/parse.newTemplate, 7, 7, []
(*state).setVar, 12, 7, [[b2] [b3 b5 b10 b4 b7 b11] [b14] [b12] [b6] [b13] [b8]]
Template.text/template/parse.newTemplate, 7, 7, []
Template.text/template/parse.newIf, 7, 7, []
Template.text/template/parse.hasFunction, 10, 5, [[b1] [b2 b4 b7 b8 b3 b6] [b5] [b9] [b10]]
(*state).varValue, 9, 4, [[b2] [b3 b5 b10 b4 b7 b11] [b14] [b12]]
OnceValue[map[string]reflect.Value].OnceValue[go.shape.map[string]reflect.Value].func1.1.1, 9, 9, []
Template.text/template/parse.newRange, 7, 7, []
(*Template).text/template/parse.newRange, 7, 7, []
printableValue, 39, 39, []
(*Template).text/template/parse.newIf, 7, 7, []
(*Template).text/template/parse.newWith, 7, 7, []
(*state).evalCommand, 56, 56, []
(*Template).text/template/parse.hasFunction, 10, 5, [[b1] [b2 b4 b7 b8 b3 b6] [b5] [b9] [b10]]
Template.text/template/parse.newWith, 7, 7, []
(*Template).AddParseTree, 52, 52, []
.eq.text/template.Template, 17, 17, []
(*Template).ExecuteTemplate, 6, 6, []
le, 6, 6, []
HTMLEscapeString, 7, 7, []
(*state).evalPipeline, 36, 12, [[b1] [b3] [b4] [b2] [b33] [b25] [b5 b7 b12 b20 b9 b11 b10 b17 b15 b13] [b8] [b21 b23 b28 b14 b26 b36 b16 b22 b34 b6 b18 b30 b35 b19 b27 b32] [b24] [b31] [b29]]
JSEscapeString, 32, 11, [[b1] [b2 b4 b26 b16 b27 b14 b18 b21 b25 b33 b28 b11 b15 b23 b22 b9 b6 b13 b20 b7 b8 b3] [b5] [b30] [b32] [b35] [b41] [b38] [b40] [b39] [b34]]
basicKind, 16, 16, []
(*Template).Templates, 21, 14, [[b1] [b4] [b2] [b6] [b5] [b8] [b20] [b10] [b11] [b12] [b13] [b14] [b15 b21 b9 b22 b17 b18 b19 b16] [b23]]
isNil, 24, 24, []
(*state).evalString, 9, 9, []
(*state).walkTemplate, 19, 19, []
(*Template).execute, 25, 25, []
isTrue, 102, 102, []
(*state).evalFloat, 15, 15, []
(*state).evalBool, 9, 9, []
(*Template).Templates.deferwrap1, 7, 7, []
(*state).evalInteger, 15, 15, []
(*state).evalUnsignedInteger, 15, 15, []
(*Template).text/template/parse.endControl, 4, 4, []
Template.text/template/parse.endControl, 4, 4, []
(*Template).text/template/parse.newVariable, 7, 7, []
Template.text/template/parse.newVariable, 7, 7, []
parseFS, 14, 8, [[b1] [b2 b4 b18 b19 b9 b7 b6] [b20] [b11] [b16] [b14] [b15] [b8]]
indexArg, 48, 48, []
(*Template).text/template/parse.newField, 9, 9, []
Template.text/template/parse.newField, 9, 9, []
(*state).evalFunction, 7, 7, []
(*Template).Funcs, 19, 15, [[b1] [b3] [b18] [b6] [b2] [b17] [b9] [b8] [b16] [b11] [b10] [b15] [b4] [b5 b14 b19 b13 b7] [b12]]
(*state).printValue, 21, 21, []
(*state).walkIfOrWith, 13, 13, []
(*Template).DefinedTemplates, 53, 17, [[b1] [b4] [b2] [b6] [b5] [b8] [b15] [b10] [b11] [b12 b14 b19 b46 b36 b35 b21 b42 b16 b13 b25 b49 b18 b50 b34 b45 b32 b33 b43 b44 b30 b41 b55 b28 b54 b39 b31 b56 b26 b24 b47 b37 b27 b22 b38 b23 b20] [b48] [b57] [b51] [b53] [b52] [b40] [b29]]
(*Template).setOption, 43, 43, []
parseGlob, 8, 8, []
prepareArg, 62, 62, []
eq, 327, 101, [[b1] [b5] [b26] [b31] [b30] [b23] [b35] [b32] [b27] [b8] [b17] [b16] [b10] [b6] [b22] [b18] [b13] [b36] [b37 b39 b74 b77 b279 b114 b195 b255 b313 b334 b356 b406 b417 b474 b511 b300 b168 b283 b249 b58 b46 b501 b312 b330 b333 b352 b355 b391 b394 b398 b402 b405 b294 b416 b455 b459 b462 b466 b470 b473 b512 b539 b112 b149 b153 b156 b160 b164 b167 b193 b234 b237 b241 b245 b248 b252 b251 b310 b325 b329 b347 b351 b386 b390 b387 b397 b401 b415 b450 b454 b458 b451 b465 b469 b509 b532 b538 b97 b100 b104 b108 b111 b144 b148 b152 b145 b159 b163 b178 b181 b185 b189 b192 b229 b233 b230 b240 b244 b262 b256 b528 b308 b319 b322 b341 b344 b383 b414 b413 b447 b12 b510 b537 b92 b96 b93 b103 b107 b141 b173 b177 b174 b184 b188 b226 b83 b80 b306 b314 b318 b336 b340 b366 b369 b373 b377 b380 b412 b426 b430 b433 b437 b441 b444 b485 b519 b89 b124 b127 b131 b135 b138 b170 b205 b209 b212 b216 b220 b223 b492 b486 b281 b285 b282 b361 b365 b362 b372 b376 b410 b409 b421 b425 b429 b422 b436 b440 b271 b481 b62 b518 b516 b78 b119 b123 b120 b130 b134 b200 b204 b208 b201 b215 b219 b75 b76 b358 b408 b418 b482 b479 b480 b514 b531 b504 b116 b197 b73 b289 b296 b513 b50 b55 b59 b64 b69 b72 b43 b45 b54 b53 b63 b68 b67 b47 b60 b42] [b40] [b434] [b423] [b446] [b463] [b452] [b475] [b346] [b357] [b487] [b489] [b491] [b493] [b495] [b497] [b498] [b49] [b500] [b499] [b25] [b502] [b503] [b508] [b506] [b507] [b521] [b540] [b522] [b274] [b524] [b526] [b527] [b536] [b529] [b530] [b535] [b533] [b534] [b370] [b363] [b382] [b395] [b388] [b407] [b324] [b335] [b257] [b259] [b261] [b263] [b265] [b267] [b268] [b21] [b270] [b269] [b9] [b272] [b273] [b278] [b276] [b277] [b182] [b175] [b194] [b213] [b202] [b225] [b238] [b231] [b250] [b101] [b94] [b113] [b128] [b121] [b140] [b157] [b146] [b169] [b541] [b3]]
canCompare, 6, 6, []
IsTrue, 7, 7, []
(*state).walkIfOrWith.deferwrap1, 3, 3, []
(*Template).DefinedTemplates.deferwrap1, 7, 7, []
call, 57, 45, [[b2] [b4] [b8] [b6] [b7] [b9] [b11] [b13] [b14] [b15] [b25] [b29] [b38] [b40] [b45] [b43] [b44] [b28] [b30] [b27] [b48] [b55] [b46] [b57 b59 b54 b51 b69 b65 b63 b47 b64 b61 b3 b53 b58] [b60] [b66] [b68] [b52] [b70] [b71] [b76] [b74] [b75] [b32] [b37] [b35] [b36] [b26] [b16] [b49] [b18] [b19] [b24] [b22] [b23]]
(*state).evalField, 98, 98, []
slice, 64, 62, [[b2] [b4] [b8] [b6] [b7] [b3] [b9] [b24] [b28] [b32] [b36] [b44] [b51] [b73] [b53] [b55] [b56] [b43] [b58] [b59] [b64] [b62] [b63] [b35] [b46] [b38] [b42] [b40] [b41] [b31] [b27] [b47] [b48] [b49] [b50] [b65] [b66] [b67] [b68] [b69 b71 b70] [b72] [b77] [b85] [b87] [b89] [b94] [b92] [b93] [b86] [b79] [b84] [b82] [b83] [b74] [b17] [b22] [b20] [b21] [b10] [b14] [b12] [b13]]
(*state).evalCall, 147, 129, [[b1] [b170] [b4] [b7] [b6] [b2] [b163] [b8] [b168] [b10] [b12] [b13] [b18] [b155] [b25] [b23] [b17] [b160] [b21] [b19] [b16] [b153] [b28] [b148] [b30] [b31] [b27] [b129] [b34] [b133] [b36] [b139] [b42] [b141] [b46] [b127] [b33] [b131] [b53] [b87] [b94] [b85] [b96 b172 b89 b176 b98 b102 b100] [b35] [b37] [b99] [b150] [b107] [b108 b167 b69 b171 b110 b112 b109] [b111] [b106] [b117] [b147] [b119] [b122] [b121] [b120] [b118] [b124] [b123] [b67] [b164] [b157] [b149] [b116] [b134] [b126] [b132] [b125] [b136] [b138] [b146] [b142] [b143] [b144] [b145] [b158] [b162] [b161] [b165] [b137] [b130] [b175] [b52] [b156] [b152] [b103] [b177] [b178] [b173] [b92] [b180] [b93] [b182] [b184] [b185] [b91] [b188] [b90] [b189] [b191] [b190] [b192] [b113] [b115] [b105] [b97] [b88] [b54] [b55 b57 b65 b86 b68 b60 b59] [b58] [b71] [b49] [b72] [b64] [b74] [b76] [b77] [b47] [b80] [b41] [b81] [b83] [b82] [b84] [b66] [b70] [b61] [b63]]
length, 28, 28, []
.eq.[1]text/template.variable, 11, 11, []
.eq.[3]interface {}, 10, 7, [[b1] [b2 b4 b8 b3] [b5] [b7] [b6] [b9] [b10]]
.eq.[2]interface {}, 10, 7, [[b1] [b2 b4 b8 b3] [b5] [b7] [b6] [b9] [b10]]
.eq.[4]interface {}, 10, 7, [[b1] [b2 b4 b8 b3] [b5] [b7] [b6] [b9] [b10]]
