(*HashTrieMap[go.shape.*internal/abi.Type,go.shape.interface {}]).initSlow, 18, 18, []
(*HashTrieMap[go.shape.*internal/abi.Type,go.shape.interface {}]).CompareAndSwap, 24, 24, []
(*HashTrieMap[go.shape.*internal/abi.Type,go.shape.interface {}]).CompareAndDelete, 64, 44, [[b2] [b47] [b4] [b5] [b7] [b8] [b10] [b65] [b12] [b14] [b13] [b15] [b63] [b17] [b18] [b11] [b9] [b20] [b21] [b23] [b25] [b24] [b26] [b54] [b28] [b29] [b22] [b39] [b40 b42 b48 b73 b71 b69 b70 b68 b62 b61 b60 b58 b59 b56 b41 b44 b64 b55 b46 b45 b52] [b43] [b76] [b75] [b77] [b78] [b79] [b80] [b57] [b32] [b34] [b33] [b35] [b51] [b37] [b38]]
(*HashTrieMap[go.shape.*internal/abi.Type,go.shape.interface {}]).Load, 19, 13, [[b2] [b18] [b4] [b7] [b8 b10 b15 b14 b9] [b11] [b13] [b16] [b21] [b22 b24 b23] [b25] [b27] [b28]]
(*HashTrieMap[go.shape.*internal/abi.Type,go.shape.interface {}]).Clear, 4, 4, []
(*HashTrieMap[go.shape.*internal/abi.Type,go.shape.interface {}]).LoadAndDelete, 62, 42, [[b2] [b45] [b4] [b6] [b8] [b63] [b10] [b12] [b11] [b13] [b61] [b15] [b16] [b9] [b7] [b18] [b19] [b21] [b23] [b22] [b24] [b52] [b26] [b27] [b20] [b37] [b38 b40 b46 b71 b69 b67 b68 b66 b60 b59 b58 b56 b57 b54 b39 b42 b62 b53 b44 b43 b50] [b41] [b74] [b73] [b75] [b76] [b77] [b78] [b55] [b30] [b32] [b31] [b33] [b49] [b35] [b36]]
(*HashTrieMap[go.shape.*internal/abi.Type,go.shape.interface {}]).Swap, 46, 20, [[b2] [b19] [b4] [b6] [b11 b9 b55 b44 b42 b40 b41 b38 b35 b15 b37 b33 b60 b59 b32 b30 b29 b28 b26 b27 b24 b54 b22 b17 b16 b12 b14] [b25] [b10] [b58] [b47] [b49] [b50] [b51] [b57] [b53] [b64] [b63] [b61] [b62] [b65] [b56]]
(*HashTrieMap[go.shape.*internal/abi.Type,go.shape.interface {}]).LoadOrStore, 59, 25, [[b2] [b20] [b4] [b6] [b11 b9 b19 b58 b56 b54 b55 b52 b49 b75 b51 b47 b36 b30 b46 b44 b43 b42 b40 b41 b38 b15 b76 b18 b32 b12 b16 b24 b14 b23 b26 b17 b25] [b39] [b10] [b29] [b61] [b63] [b64] [b65 b67 b66] [b68] [b70] [b71] [b73] [b78] [b22] [b85] [b84] [b82] [b83] [b86] [b77] [b34]]
(*HashTrieMap[go.shape.*internal/abi.Type,go.shape.interface {}]).initSlow.deferwrap1, 7, 7, []
(*HashTrieMap[go.shape.*internal/abi.Type,go.shape.interface {}]).CompareAndSwap.deferwrap1, 7, 7, []
(*HashTrieMap[go.shape.*internal/abi.Type,go.shape.interface {}]).init, 4, 4, []
(*HashTrieMap[go.shape.*internal/abi.Type,go.shape.interface {}]).find, 40, 8, [[b1] [b6 b4 b15 b57 b55 b53 b54 b51 b30 b29 b47 b46 b48 b43 b42 b41 b39 b40 b37 b23 b14 b25 b20 b35 b27 b19 b24 b18 b21 b12 b11 b7 b9] [b38] [b13] [b33] [b10] [b17] [b52]]
newEntryNode[go.shape.*internal/abi.Type,go.shape.interface {}], 4, 4, []
newIndirectNode[go.shape.*internal/abi.Type,go.shape.interface {}], 4, 4, []
(*HashTrieMap[go.shape.*internal/abi.Type,go.shape.interface {}]).Swap.deferwrap1, 7, 7, []
(*HashTrieMap[go.shape.*internal/abi.Type,go.shape.interface {}]).LoadOrStore.deferwrap1, 7, 7, []
(*node[go.shape.*internal/abi.Type,go.shape.interface {}]).indirect, 3, 3, []
(*node[go.shape.*internal/abi.Type,go.shape.interface {}]).entry, 3, 3, []
(*entry[go.shape.*internal/abi.Type,go.shape.interface {}]).lookupWithValue, 12, 4, [[b1] [b2 b4 b13 b11 b6 b3 b9 b10 b7] [b5] [b12]]
(*HashTrieMap[go.shape.*internal/abi.Type,go.shape.interface {}]).iter, 16, 5, [[b1] [b2 b4 b10 b16 b24 b8 b15 b21 b9 b20 b23 b22] [b5] [b17] [b26]]
(*entry[go.shape.*internal/abi.Type,go.shape.interface {}]).lookup, 6, 4, [[b1] [b2 b4 b3] [b5] [b7]]
(*indirect[go.shape.*internal/abi.Type,go.shape.interface {}]).empty, 4, 3, [[b1] [b2 b8] [b5]]
(*HashTrieMap[*internal/abi.Type,interface {}]).init, 4, 4, []
(*HashTrieMap[go.shape.*internal/abi.Type,go.shape.interface {}]).All, 7, 7, []
.eq.[16]sync/atomic.Pointer[internal/sync.node[*internal/abi.Type,interface {}]], 6, 4, [[b1] [b2 b4 b3] [b9] [b8]]
.eq.internal/sync.entry[*internal/abi.Type,interface {}], 12, 12, []
(*struct { internal/sync.node = internal/sync.node[go.shape.*internal/abi.Type,go.shape.interface {}]; internal/sync.dead sync/atomic.Bool; internal/sync.mu internal/sync.Mutex; internal/sync.parent *internal/sync.indirect[go.shape.*internal/abi.Type,go.shape.interface {}]; internal/sync.children [16]sync/atomic.Pointer[go.shape.struct { internal/sync.isEntry bool }] }).internal/sync.entry, 3, 3, []
(*indirect[go.shape.*internal/abi.Type,go.shape.interface {}]).indirect, 3, 3, []
(*struct { internal/sync.node = internal/sync.node[go.shape.*internal/abi.Type,go.shape.interface {}]; internal/sync.overflow sync/atomic.Pointer[internal/sync.entry[go.shape.*internal/abi.Type,go.shape.interface {}]]; internal/sync.key go.shape.*internal/abi.Type; internal/sync.value go.shape.interface {} }).internal/sync.entry, 3, 3, []
(*entry[go.shape.*internal/abi.Type,go.shape.interface {}]).indirect, 3, 3, []
(*node[*internal/abi.Type,interface {}]).indirect, 3, 3, []
(*node[*internal/abi.Type,interface {}]).entry, 3, 3, []
(*struct { internal/sync.node = internal/sync.node[go.shape.*internal/abi.Type,go.shape.interface {}]; internal/sync.overflow sync/atomic.Pointer[internal/sync.entry[go.shape.*internal/abi.Type,go.shape.interface {}]]; internal/sync.key go.shape.*internal/abi.Type; internal/sync.value go.shape.interface {} }).internal/sync.indirect, 3, 3, []
.eq.internal/sync.indirect[*internal/abi.Type,interface {}], 13, 13, []
(*entry[go.shape.*internal/abi.Type,go.shape.interface {}]).entry, 3, 3, []
(*indirect[go.shape.*internal/abi.Type,go.shape.interface {}]).entry, 3, 3, []
(*struct { internal/sync.node = internal/sync.node[go.shape.*internal/abi.Type,go.shape.interface {}]; internal/sync.dead sync/atomic.Bool; internal/sync.mu internal/sync.Mutex; internal/sync.parent *internal/sync.indirect[go.shape.*internal/abi.Type,go.shape.interface {}]; internal/sync.children [16]sync/atomic.Pointer[go.shape.struct { internal/sync.isEntry bool }] }).internal/sync.indirect, 3, 3, []
buildStructCloneSeq, 22, 7, [[b2] [b3] [b4] [b5] [b6 b8 b14 b26 b24 b17 b20 b19 b22 b12 b16 b21 b18 b23 b7 b25] [b9] [b11]]
makeCloneSeq, 10, 10, []
(*indirect[*internal/abi.Type,interface {}]).empty, 4, 3, [[b1] [b2 b8] [b11]]
buildArrayCloneSeq, 20, 6, [[b2] [b3] [b4] [b5] [b6 b8 b12 b24 b22 b15 b18 b21 b25 b10 b14 b19 b20 b26 b23] [b9]]
(*HashTrieMap[go.shape.*internal/abi.Type,go.shape.interface {}]).Range, 4, 4, []
(*entry[go.shape.*internal/abi.Type,go.shape.interface {}]).compareAndDelete, 14, 9, [[b1] [b18] [b2] [b20] [b8] [b9 b11 b17 b16 b13 b10] [b12] [b19] [b7]]
(*entry[go.shape.*internal/abi.Type,go.shape.interface {}]).compareAndSwap, 23, 18, [[b1] [b21] [b4] [b2] [b12] [b13 b15 b19 b18 b17 b14] [b16] [b25] [b7] [b23] [b22] [b8] [b10] [b26] [b24] [b20] [b11] [b9]]
(*indirect[*internal/abi.Type,interface {}]).indirect, 3, 3, []
(*struct { internal/sync.node = internal/sync.node[*internal/abi.Type,interface {}]; internal/sync.dead sync/atomic.Bool; internal/sync.mu internal/sync.Mutex; internal/sync.parent *internal/sync.indirect[*internal/abi.Type,interface {}]; internal/sync.children [16]sync/atomic.Pointer[internal/sync.node[*internal/abi.Type,interface {}]] }).internal/sync.indirect, 3, 3, []
(*indirect[*internal/abi.Type,interface {}]).entry, 3, 3, []
(*entry[*internal/abi.Type,interface {}]).indirect, 3, 3, []
(*struct { internal/sync.node = internal/sync.node[*internal/abi.Type,interface {}]; internal/sync.overflow sync/atomic.Pointer[internal/sync.entry[*internal/abi.Type,interface {}]]; internal/sync.key *internal/abi.Type; internal/sync.value interface {} }).internal/sync.entry, 3, 3, []
(*HashTrieMap[go.shape.*internal/abi.Type,go.shape.interface {}]).expand, 14, 9, [[b1] [b5] [b18] [b20] [b16] [b7 b22 b15 b13 b8 b10] [b9] [b11] [b4]]
(*entry[*internal/abi.Type,interface {}]).entry, 3, 3, []
(*struct { internal/sync.node = internal/sync.node[*internal/abi.Type,interface {}]; internal/sync.dead sync/atomic.Bool; internal/sync.mu internal/sync.Mutex; internal/sync.parent *internal/sync.indirect[*internal/abi.Type,interface {}]; internal/sync.children [16]sync/atomic.Pointer[internal/sync.node[*internal/abi.Type,interface {}]] }).internal/sync.entry, 3, 3, []
(*struct { internal/sync.node = internal/sync.node[*internal/abi.Type,interface {}]; internal/sync.overflow sync/atomic.Pointer[internal/sync.entry[*internal/abi.Type,interface {}]]; internal/sync.key *internal/abi.Type; internal/sync.value interface {} }).internal/sync.indirect, 3, 3, []
(*entry[go.shape.*internal/abi.Type,go.shape.interface {}]).loadAndDelete, 8, 6, [[b1] [b5] [b6 b8 b7] [b9] [b13] [b4]]
(*entry[go.shape.*internal/abi.Type,go.shape.interface {}]).swap, 17, 15, [[b1] [b9] [b10 b12 b11] [b13] [b19] [b7] [b17] [b16] [b5] [b14] [b20] [b18] [b15] [b8] [b6]]
(*entry[*internal/abi.Type,interface {}]).lookup, 7, 5, [[b1] [b2 b4 b3] [b5] [b7] [b8]]
(*entry[*internal/abi.Type,interface {}]).lookupWithValue, 13, 5, [[b1] [b2 b4 b6 b14 b8 b3 b11 b10 b7] [b5] [b12] [b13]]
.eq.go.shape.struct { internal/sync.node = internal/sync.node[*internal/abi.Type,interface {}]; internal/sync.dead sync/atomic.Bool; internal/sync.mu internal/sync.Mutex; internal/sync.parent *internal/sync.indirect[*internal/abi.Type,interface {}]; internal/sync.children [16]sync/atomic.Pointer[internal/sync.node[*internal/abi.Type,interface {}]] }, 13, 13, []
.eq.go.shape.struct { internal/sync.node = internal/sync.node[go.shape.*internal/abi.Type,go.shape.interface {}]; internal/sync.dead sync/atomic.Bool; internal/sync.mu internal/sync.Mutex; internal/sync.parent *internal/sync.indirect[go.shape.*internal/abi.Type,go.shape.interface {}]; internal/sync.children [16]sync/atomic.Pointer[go.shape.struct { internal/sync.isEntry bool }] }, 13, 13, []
.eq.go.shape.struct { internal/sync.node = internal/sync.node[go.shape.*internal/abi.Type,go.shape.interface {}]; internal/sync.overflow sync/atomic.Pointer[internal/sync.entry[go.shape.*internal/abi.Type,go.shape.interface {}]]; internal/sync.key go.shape.*internal/abi.Type; internal/sync.value go.shape.interface {} }, 12, 12, []
.eq.[16]sync/atomic.Pointer[go.shape.struct { internal/sync.isEntry bool }], 6, 4, [[b1] [b2 b4 b3] [b9] [b8]]
.eq.internal/sync.indirect[go.shape.*internal/abi.Type,go.shape.interface {}], 13, 13, []
.eq.go.shape.struct { internal/sync.node = internal/sync.node[*internal/abi.Type,interface {}]; internal/sync.overflow sync/atomic.Pointer[internal/sync.entry[*internal/abi.Type,interface {}]]; internal/sync.key *internal/abi.Type; internal/sync.value interface {} }, 12, 12, []
.eq.internal/sync.entry[go.shape.*internal/abi.Type,go.shape.interface {}], 12, 12, []
